ISO-10303-21;
HEADER;
/* Generated by software containing ST-Developer
 * from STEP Tools, Inc. (www.steptools.com) 
 */

FILE_DESCRIPTION(
/* description */ (''),
/* implementation_level */ '2;1');

FILE_NAME(
/* name */ 'Base.step',
/* time_stamp */ '2026-06-11T00:06:23+01:00',
/* author */ (''),
/* organization */ (''),
/* preprocessor_version */ 'ST-DEVELOPER v20.1',
/* originating_system */ 'Autodesk Translation Framework v15.8.0.0',
/* authorisation */ '');

FILE_SCHEMA (('AUTOMOTIVE_DESIGN { 1 0 10303 214 3 1 1 }'));
ENDSEC;

DATA;
#10=MECHANICAL_DESIGN_GEOMETRIC_PRESENTATION_REPRESENTATION('',(#17),#4478);
#11=ITEM_DEFINED_TRANSFORMATION($,$,#2173,#2429);
#12=(
REPRESENTATION_RELATIONSHIP($,$,#4489,#4488)
REPRESENTATION_RELATIONSHIP_WITH_TRANSFORMATION(#11)
SHAPE_REPRESENTATION_RELATIONSHIP()
);
#13=CONTEXT_DEPENDENT_SHAPE_REPRESENTATION(#12,#4487);
#14=NEXT_ASSEMBLY_USAGE_OCCURRENCE('Component1:1','Component1:1',
'Component1:1',#4491,#4492,'Component1:1');
#15=SHAPE_REPRESENTATION_RELATIONSHIP('SRR','None',#4489,#16);
#16=ADVANCED_BREP_SHAPE_REPRESENTATION('',(#18),#4477);
#17=STYLED_ITEM('',(#4503),#18);
#18=MANIFOLD_SOLID_BREP('Body1',#2159);
#19=FACE_BOUND('',#361,.T.);
#20=B_SPLINE_SURFACE_WITH_KNOTS('',3,3,((#3399,#3400,#3401,#3402,#3403,
#3404,#3405),(#3406,#3407,#3408,#3409,#3410,#3411,#3412),(#3413,#3414,#3415,
#3416,#3417,#3418,#3419),(#3420,#3421,#3422,#3423,#3424,#3425,#3426),(#3427,
#3428,#3429,#3430,#3431,#3432,#3433),(#3434,#3435,#3436,#3437,#3438,#3439,
#3440)),.UNSPECIFIED.,.F.,.F.,.F.,(4,1,1,4),(4,1,1,1,4),(0.,0.285714285714286,
0.571428571428571,1.),(-2.638078644389,-1.88434188884928,-1.50747351107943,
-0.753736755539714,0.),.UNSPECIFIED.);
#21=B_SPLINE_SURFACE_WITH_KNOTS('',3,3,((#3450,#3451,#3452,#3453,#3454,
#3455,#3456),(#3457,#3458,#3459,#3460,#3461,#3462,#3463),(#3464,#3465,#3466,
#3467,#3468,#3469,#3470),(#3471,#3472,#3473,#3474,#3475,#3476,#3477),(#3478,
#3479,#3480,#3481,#3482,#3483,#3484),(#3485,#3486,#3487,#3488,#3489,#3490,
#3491)),.UNSPECIFIED.,.F.,.F.,.F.,(4,1,1,4),(4,1,1,1,4),(0.,0.285714285714286,
0.571428571428571,1.),(1.18381806651951,1.56068644428937,2.31442319982908,
3.0681599553688,3.82189671090851),.UNSPECIFIED.);
#22=B_SPLINE_SURFACE_WITH_KNOTS('',3,3,((#3544,#3545,#3546,#3547,#3548),
(#3549,#3550,#3551,#3552,#3553),(#3554,#3555,#3556,#3557,#3558),(#3559,
#3560,#3561,#3562,#3563),(#3564,#3565,#3566,#3567,#3568),(#3569,#3570,#3571,
#3572,#3573)),.UNSPECIFIED.,.F.,.F.,.F.,(4,1,1,4),(4,1,4),(0.,0.285714285714286,
0.571428571428571,1.),(1.18334032502593,1.77129543776548,2.55523558808489),
 .UNSPECIFIED.);
#23=B_SPLINE_SURFACE_WITH_KNOTS('',3,3,((#3586,#3587,#3588,#3589,#3590),
(#3591,#3592,#3593,#3594,#3595),(#3596,#3597,#3598,#3599,#3600),(#3601,
#3602,#3603,#3604,#3605),(#3606,#3607,#3608,#3609,#3610),(#3611,#3612,#3613,
#3614,#3615)),.UNSPECIFIED.,.F.,.F.,.F.,(4,1,1,4),(4,1,4),(0.,0.285714285714286,
0.571428571428571,1.),(-2.63902060235462,-2.05106548961505,-1.26712533929562),
 .UNSPECIFIED.);
#24=B_SPLINE_SURFACE_WITH_KNOTS('',3,3,((#3628,#3629,#3630,#3631),(#3632,
#3633,#3634,#3635),(#3636,#3637,#3638,#3639),(#3640,#3641,#3642,#3643),
(#3644,#3645,#3646,#3647),(#3648,#3649,#3650,#3651)),.UNSPECIFIED.,.F.,
 .F.,.F.,(4,1,1,4),(4,4),(0.,0.285714285714286,0.571428571428571,1.),(1.39736223567078E-15,
1.27617501791545),.UNSPECIFIED.);
#25=B_SPLINE_SURFACE_WITH_KNOTS('',3,3,((#3678,#3679,#3680,#3681),(#3682,
#3683,#3684,#3685),(#3686,#3687,#3688,#3689),(#3690,#3691,#3692,#3693),
(#3694,#3695,#3696,#3697),(#3698,#3699,#3700,#3701)),.UNSPECIFIED.,.F.,
 .F.,.F.,(4,1,1,4),(4,4),(0.,0.285714285714286,0.571428571428571,1.),(0.,
1.27617501791181),.UNSPECIFIED.);
#26=B_SPLINE_SURFACE_WITH_KNOTS('',3,3,((#4105,#4106,#4107,#4108,#4109,
#4110,#4111),(#4112,#4113,#4114,#4115,#4116,#4117,#4118),(#4119,#4120,#4121,
#4122,#4123,#4124,#4125),(#4126,#4127,#4128,#4129,#4130,#4131,#4132),(#4133,
#4134,#4135,#4136,#4137,#4138,#4139),(#4140,#4141,#4142,#4143,#4144,#4145,
#4146)),.UNSPECIFIED.,.F.,.F.,.F.,(4,1,1,4),(4,1,1,1,4),(0.,0.285714285714286,
0.571428571428571,1.),(-2.95024522106846,-2.52878161805868,-1.68585441203912,
-0.842927206019561,0.),.UNSPECIFIED.);
#27=B_SPLINE_SURFACE_WITH_KNOTS('',3,3,((#4155,#4156,#4157,#4158,#4159,
#4160,#4161),(#4162,#4163,#4164,#4165,#4166,#4167,#4168),(#4169,#4170,#4171,
#4172,#4173,#4174,#4175),(#4176,#4177,#4178,#4179,#4180,#4181,#4182),(#4183,
#4184,#4185,#4186,#4187,#4188,#4189),(#4190,#4191,#4192,#4193,#4194,#4195,
#4196)),.UNSPECIFIED.,.F.,.F.,.F.,(4,1,1,4),(4,1,1,1,4),(0.,0.285714285714286,
0.571428571428571,1.),(0.87165148984005,1.29311509284983,2.13604229886939,
2.97896950488895,3.82189671090851),.UNSPECIFIED.);
#28=B_SPLINE_SURFACE_WITH_KNOTS('',3,3,((#4247,#4248,#4249,#4250,#4251),
(#4252,#4253,#4254,#4255,#4256),(#4257,#4258,#4259,#4260,#4261),(#4262,
#4263,#4264,#4265,#4266),(#4267,#4268,#4269,#4270,#4271),(#4272,#4273,#4274,
#4275,#4276)),.UNSPECIFIED.,.F.,.F.,.F.,(4,1,1,4),(4,1,4),(0.,0.285714285714286,
0.571428571428571,1.),(0.870644837402537,1.59261230198069,2.55523558808489),
 .UNSPECIFIED.);
#29=B_SPLINE_SURFACE_WITH_KNOTS('',3,3,((#4284,#4285,#4286,#4287,#4288),
(#4289,#4290,#4291,#4292,#4293),(#4294,#4295,#4296,#4297,#4298),(#4299,
#4300,#4301,#4302,#4303),(#4304,#4305,#4306,#4307,#4308),(#4309,#4310,#4311,
#4312,#4313)),.UNSPECIFIED.,.F.,.F.,.F.,(4,1,1,4),(4,1,4),(0.,0.285714285714286,
0.571428571428571,1.),(-2.95171608997801,-2.22974862539985,-1.26712533929562),
 .UNSPECIFIED.);
#30=B_SPLINE_SURFACE_WITH_KNOTS('',3,3,((#4321,#4322,#4323,#4324),(#4325,
#4326,#4327,#4328),(#4329,#4330,#4331,#4332),(#4333,#4334,#4335,#4336),
(#4337,#4338,#4339,#4340),(#4341,#4342,#4343,#4344)),.UNSPECIFIED.,.F.,
 .F.,.F.,(4,1,1,4),(4,4),(0.,0.285714285714286,0.571428571428571,1.),(1.39736223567078E-15,
1.27617501791545),.UNSPECIFIED.);
#31=B_SPLINE_SURFACE_WITH_KNOTS('',3,3,((#4371,#4372,#4373,#4374),(#4375,
#4376,#4377,#4378),(#4379,#4380,#4381,#4382),(#4383,#4384,#4385,#4386),
(#4387,#4388,#4389,#4390),(#4391,#4392,#4393,#4394)),.UNSPECIFIED.,.F.,
 .F.,.F.,(4,1,1,4),(4,4),(0.,0.285714285714286,0.571428571428571,1.),(0.,
1.27617501791181),.UNSPECIFIED.);
#32=ELLIPSE('',#2201,20.2232539419352,14.3);
#33=ELLIPSE('',#2203,23.4720152871557,14.3);
#34=ELLIPSE('',#2230,23.4720152871557,14.3);
#35=ELLIPSE('',#2231,20.2232539419353,14.3);
#36=ELLIPSE('',#2327,24.4658946290545,17.3);
#37=ELLIPSE('',#2329,28.3962142984471,17.3);
#38=ELLIPSE('',#2356,28.3962142984471,17.3);
#39=ELLIPSE('',#2357,24.4658946290545,17.3);
#40=(
BOUNDED_SURFACE()
B_SPLINE_SURFACE(2,2,((#3146,#3147,#3148),(#3149,#3150,#3151),(#3152,#3153,
#3154)),.UNSPECIFIED.,.F.,.F.,.F.)
B_SPLINE_SURFACE_WITH_KNOTS((3,3),(3,3),(0.488335334126486,1.5707963267949),
(-1.3097656910109E-11,1.31019393510108),.UNSPECIFIED.)
GEOMETRIC_REPRESENTATION_ITEM()
RATIONAL_B_SPLINE_SURFACE(((1.,0.792988855689649,1.),(0.857075389733087,
0.6796512325442,0.857075389733087),(1.,0.792988855689649,1.)))
REPRESENTATION_ITEM('')
SURFACE()
);
#41=(
BOUNDED_SURFACE()
B_SPLINE_SURFACE(2,2,((#3159,#3160,#3161),(#3162,#3163,#3164),(#3165,#3166,
#3167)),.UNSPECIFIED.,.F.,.F.,.F.)
B_SPLINE_SURFACE_WITH_KNOTS((3,3),(3,3),(0.488335334126485,1.5707963267949),
(-1.57079632680122,2.69965853155012E-11),.UNSPECIFIED.)
GEOMETRIC_REPRESENTATION_ITEM()
RATIONAL_B_SPLINE_SURFACE(((1.,0.707106781174767,1.),(0.85707538973308,
0.606043820058268,0.85707538973308),(1.,0.707106781174767,1.)))
REPRESENTATION_ITEM('')
SURFACE()
);
#42=(
BOUNDED_SURFACE()
B_SPLINE_SURFACE(2,2,((#3301,#3302,#3303),(#3304,#3305,#3306),(#3307,#3308,
#3309)),.UNSPECIFIED.,.F.,.F.,.F.)
B_SPLINE_SURFACE_WITH_KNOTS((3,3),(3,3),(0.488335334126485,1.5707963267949),
(-3.14159265359686,-1.57079632679487),.UNSPECIFIED.)
GEOMETRIC_REPRESENTATION_ITEM()
RATIONAL_B_SPLINE_SURFACE(((1.,0.70710678118404,1.),(0.85707538973308,0.606043820066214,
0.85707538973308),(1.,0.70710678118404,1.)))
REPRESENTATION_ITEM('')
SURFACE()
);
#43=(
BOUNDED_SURFACE()
B_SPLINE_SURFACE(2,2,((#3314,#3315,#3316),(#3317,#3318,#3319),(#3320,#3321,
#3322)),.UNSPECIFIED.,.F.,.F.,.F.)
B_SPLINE_SURFACE_WITH_KNOTS((3,3),(3,3),(0.488335334126485,1.5707963267949),
(1.83139871853004,3.14159265359069),.UNSPECIFIED.)
GEOMETRIC_REPRESENTATION_ITEM()
RATIONAL_B_SPLINE_SURFACE(((1.,0.792988855705955,1.),(0.857075389733082,
0.679651232558172,0.857075389733082),(1.,0.792988855705955,1.)))
REPRESENTATION_ITEM('')
SURFACE()
);
#44=(
BOUNDED_SURFACE()
B_SPLINE_SURFACE(2,2,((#3850,#3851,#3852),(#3853,#3854,#3855),(#3856,#3857,
#3858)),.UNSPECIFIED.,.F.,.F.,.F.)
B_SPLINE_SURFACE_WITH_KNOTS((3,3),(3,3),(0.488335334126486,1.5707963267949),
(-1.60941932135514E-11,1.3101939351374),.UNSPECIFIED.)
GEOMETRIC_REPRESENTATION_ITEM()
RATIONAL_B_SPLINE_SURFACE(((1.,0.792988855677673,1.),(0.857075389733087,
0.679651232533936,0.857075389733087),(1.,0.792988855677673,1.)))
REPRESENTATION_ITEM('')
SURFACE()
);
#45=(
BOUNDED_SURFACE()
B_SPLINE_SURFACE(2,2,((#3863,#3864,#3865),(#3866,#3867,#3868),(#3869,#3870,
#3871)),.UNSPECIFIED.,.F.,.F.,.F.)
B_SPLINE_SURFACE_WITH_KNOTS((3,3),(3,3),(0.488335334126485,1.5707963267949),
(-1.57079632680261,4.79341184384037E-11),.UNSPECIFIED.)
GEOMETRIC_REPRESENTATION_ITEM()
RATIONAL_B_SPLINE_SURFACE(((1.,0.707106781166874,1.),(0.857075389733078,
0.6060438200515,0.857075389733078),(1.,0.707106781166874,1.)))
REPRESENTATION_ITEM('')
SURFACE()
);
#46=(
BOUNDED_SURFACE()
B_SPLINE_SURFACE(2,2,((#4005,#4006,#4007),(#4008,#4009,#4010),(#4011,#4012,
#4013)),.UNSPECIFIED.,.F.,.F.,.F.)
B_SPLINE_SURFACE_WITH_KNOTS((3,3),(3,3),(0.488335334126486,1.5707963267949),
(-3.14159265359861,-1.57079632679486),.UNSPECIFIED.)
GEOMETRIC_REPRESENTATION_ITEM()
RATIONAL_B_SPLINE_SURFACE(((1.,0.707106781183418,1.),(0.857075389733084,
0.606043820065684,0.857075389733084),(1.,0.707106781183418,1.)))
REPRESENTATION_ITEM('')
SURFACE()
);
#47=(
BOUNDED_SURFACE()
B_SPLINE_SURFACE(2,2,((#4018,#4019,#4020),(#4021,#4022,#4023),(#4024,#4025,
#4026)),.UNSPECIFIED.,.F.,.F.,.F.)
B_SPLINE_SURFACE_WITH_KNOTS((3,3),(3,3),(0.488335334126485,1.5707963267949),
(1.83139871852746,3.14159265359112),.UNSPECIFIED.)
GEOMETRIC_REPRESENTATION_ITEM()
RATIONAL_B_SPLINE_SURFACE(((1.,0.79298885570504,1.),(0.857075389733083,
0.679651232557389,0.857075389733083),(1.,0.79298885570504,1.)))
REPRESENTATION_ITEM('')
SURFACE()
);
#48=PLANE('',#2187);
#49=PLANE('',#2219);
#50=PLANE('',#2235);
#51=PLANE('',#2273);
#52=PLANE('',#2274);
#53=PLANE('',#2277);
#54=PLANE('',#2280);
#55=PLANE('',#2283);
#56=PLANE('',#2288);
#57=PLANE('',#2291);
#58=PLANE('',#2294);
#59=PLANE('',#2297);
#60=PLANE('',#2313);
#61=PLANE('',#2345);
#62=PLANE('',#2361);
#63=PLANE('',#2401);
#64=PLANE('',#2402);
#65=PLANE('',#2405);
#66=PLANE('',#2408);
#67=PLANE('',#2411);
#68=PLANE('',#2416);
#69=PLANE('',#2419);
#70=PLANE('',#2422);
#71=PLANE('',#2425);
#72=PLANE('',#2428);
#73=TOROIDAL_SURFACE('',#2176,32.9990046149661,23.);
#74=TOROIDAL_SURFACE('',#2182,32.9990046149662,23.);
#75=TOROIDAL_SURFACE('',#2198,29.3649167310371,23.);
#76=TOROIDAL_SURFACE('',#2204,32.9990046149661,23.);
#77=TOROIDAL_SURFACE('',#2211,32.9990046149662,23.);
#78=TOROIDAL_SURFACE('',#2216,29.3649167310371,23.);
#79=TOROIDAL_SURFACE('',#2233,29.3649167310371,23.);
#80=TOROIDAL_SURFACE('',#2242,29.3649167310371,23.);
#81=TOROIDAL_SURFACE('',#2248,90.9999999999971,6.);
#82=TOROIDAL_SURFACE('',#2253,90.9999999999971,6.);
#83=TOROIDAL_SURFACE('',#2260,191.313028675113,6.);
#84=TOROIDAL_SURFACE('',#2265,454.603614321449,6.);
#85=TOROIDAL_SURFACE('',#2270,191.313028675113,6.);
#86=TOROIDAL_SURFACE('',#2302,32.9990046149661,20.);
#87=TOROIDAL_SURFACE('',#2308,32.9990046149662,20.);
#88=TOROIDAL_SURFACE('',#2324,29.3649167310371,20.);
#89=TOROIDAL_SURFACE('',#2330,32.9990046149661,20.);
#90=TOROIDAL_SURFACE('',#2337,32.9990046149662,20.);
#91=TOROIDAL_SURFACE('',#2342,29.3649167310371,20.);
#92=TOROIDAL_SURFACE('',#2359,29.3649167310371,20.);
#93=TOROIDAL_SURFACE('',#2368,29.3649167310371,20.);
#94=TOROIDAL_SURFACE('',#2374,90.9999999999971,9.);
#95=TOROIDAL_SURFACE('',#2379,90.9999999999971,9.);
#96=TOROIDAL_SURFACE('',#2388,191.313028675113,9.);
#97=TOROIDAL_SURFACE('',#2393,454.603614321449,9.);
#98=TOROIDAL_SURFACE('',#2398,191.313028675113,9.);
#99=FACE_OUTER_BOUND('',#230,.T.);
#100=FACE_OUTER_BOUND('',#231,.T.);
#101=FACE_OUTER_BOUND('',#232,.T.);
#102=FACE_OUTER_BOUND('',#233,.T.);
#103=FACE_OUTER_BOUND('',#234,.T.);
#104=FACE_OUTER_BOUND('',#235,.T.);
#105=FACE_OUTER_BOUND('',#236,.T.);
#106=FACE_OUTER_BOUND('',#237,.T.);
#107=FACE_OUTER_BOUND('',#238,.T.);
#108=FACE_OUTER_BOUND('',#239,.T.);
#109=FACE_OUTER_BOUND('',#240,.T.);
#110=FACE_OUTER_BOUND('',#241,.T.);
#111=FACE_OUTER_BOUND('',#242,.T.);
#112=FACE_OUTER_BOUND('',#243,.T.);
#113=FACE_OUTER_BOUND('',#244,.T.);
#114=FACE_OUTER_BOUND('',#245,.T.);
#115=FACE_OUTER_BOUND('',#246,.T.);
#116=FACE_OUTER_BOUND('',#247,.T.);
#117=FACE_OUTER_BOUND('',#248,.T.);
#118=FACE_OUTER_BOUND('',#249,.T.);
#119=FACE_OUTER_BOUND('',#250,.T.);
#120=FACE_OUTER_BOUND('',#251,.T.);
#121=FACE_OUTER_BOUND('',#252,.T.);
#122=FACE_OUTER_BOUND('',#253,.T.);
#123=FACE_OUTER_BOUND('',#254,.T.);
#124=FACE_OUTER_BOUND('',#255,.T.);
#125=FACE_OUTER_BOUND('',#256,.T.);
#126=FACE_OUTER_BOUND('',#257,.T.);
#127=FACE_OUTER_BOUND('',#258,.T.);
#128=FACE_OUTER_BOUND('',#259,.T.);
#129=FACE_OUTER_BOUND('',#260,.T.);
#130=FACE_OUTER_BOUND('',#261,.T.);
#131=FACE_OUTER_BOUND('',#262,.T.);
#132=FACE_OUTER_BOUND('',#263,.T.);
#133=FACE_OUTER_BOUND('',#264,.T.);
#134=FACE_OUTER_BOUND('',#265,.T.);
#135=FACE_OUTER_BOUND('',#266,.T.);
#136=FACE_OUTER_BOUND('',#267,.T.);
#137=FACE_OUTER_BOUND('',#268,.T.);
#138=FACE_OUTER_BOUND('',#269,.T.);
#139=FACE_OUTER_BOUND('',#270,.T.);
#140=FACE_OUTER_BOUND('',#271,.T.);
#141=FACE_OUTER_BOUND('',#272,.T.);
#142=FACE_OUTER_BOUND('',#273,.T.);
#143=FACE_OUTER_BOUND('',#274,.T.);
#144=FACE_OUTER_BOUND('',#275,.T.);
#145=FACE_OUTER_BOUND('',#276,.T.);
#146=FACE_OUTER_BOUND('',#277,.T.);
#147=FACE_OUTER_BOUND('',#278,.T.);
#148=FACE_OUTER_BOUND('',#279,.T.);
#149=FACE_OUTER_BOUND('',#280,.T.);
#150=FACE_OUTER_BOUND('',#281,.T.);
#151=FACE_OUTER_BOUND('',#282,.T.);
#152=FACE_OUTER_BOUND('',#283,.T.);
#153=FACE_OUTER_BOUND('',#284,.T.);
#154=FACE_OUTER_BOUND('',#285,.T.);
#155=FACE_OUTER_BOUND('',#286,.T.);
#156=FACE_OUTER_BOUND('',#287,.T.);
#157=FACE_OUTER_BOUND('',#288,.T.);
#158=FACE_OUTER_BOUND('',#289,.T.);
#159=FACE_OUTER_BOUND('',#290,.T.);
#160=FACE_OUTER_BOUND('',#291,.T.);
#161=FACE_OUTER_BOUND('',#292,.T.);
#162=FACE_OUTER_BOUND('',#293,.T.);
#163=FACE_OUTER_BOUND('',#294,.T.);
#164=FACE_OUTER_BOUND('',#295,.T.);
#165=FACE_OUTER_BOUND('',#296,.T.);
#166=FACE_OUTER_BOUND('',#297,.T.);
#167=FACE_OUTER_BOUND('',#298,.T.);
#168=FACE_OUTER_BOUND('',#299,.T.);
#169=FACE_OUTER_BOUND('',#300,.T.);
#170=FACE_OUTER_BOUND('',#301,.T.);
#171=FACE_OUTER_BOUND('',#302,.T.);
#172=FACE_OUTER_BOUND('',#303,.T.);
#173=FACE_OUTER_BOUND('',#304,.T.);
#174=FACE_OUTER_BOUND('',#305,.T.);
#175=FACE_OUTER_BOUND('',#306,.T.);
#176=FACE_OUTER_BOUND('',#307,.T.);
#177=FACE_OUTER_BOUND('',#308,.T.);
#178=FACE_OUTER_BOUND('',#309,.T.);
#179=FACE_OUTER_BOUND('',#310,.T.);
#180=FACE_OUTER_BOUND('',#311,.T.);
#181=FACE_OUTER_BOUND('',#312,.T.);
#182=FACE_OUTER_BOUND('',#313,.T.);
#183=FACE_OUTER_BOUND('',#314,.T.);
#184=FACE_OUTER_BOUND('',#315,.T.);
#185=FACE_OUTER_BOUND('',#316,.T.);
#186=FACE_OUTER_BOUND('',#317,.T.);
#187=FACE_OUTER_BOUND('',#318,.T.);
#188=FACE_OUTER_BOUND('',#319,.T.);
#189=FACE_OUTER_BOUND('',#320,.T.);
#190=FACE_OUTER_BOUND('',#321,.T.);
#191=FACE_OUTER_BOUND('',#322,.T.);
#192=FACE_OUTER_BOUND('',#323,.T.);
#193=FACE_OUTER_BOUND('',#324,.T.);
#194=FACE_OUTER_BOUND('',#325,.T.);
#195=FACE_OUTER_BOUND('',#326,.T.);
#196=FACE_OUTER_BOUND('',#327,.T.);
#197=FACE_OUTER_BOUND('',#328,.T.);
#198=FACE_OUTER_BOUND('',#329,.T.);
#199=FACE_OUTER_BOUND('',#330,.T.);
#200=FACE_OUTER_BOUND('',#331,.T.);
#201=FACE_OUTER_BOUND('',#332,.T.);
#202=FACE_OUTER_BOUND('',#333,.T.);
#203=FACE_OUTER_BOUND('',#334,.T.);
#204=FACE_OUTER_BOUND('',#335,.T.);
#205=FACE_OUTER_BOUND('',#336,.T.);
#206=FACE_OUTER_BOUND('',#337,.T.);
#207=FACE_OUTER_BOUND('',#338,.T.);
#208=FACE_OUTER_BOUND('',#339,.T.);
#209=FACE_OUTER_BOUND('',#340,.T.);
#210=FACE_OUTER_BOUND('',#341,.T.);
#211=FACE_OUTER_BOUND('',#342,.T.);
#212=FACE_OUTER_BOUND('',#343,.T.);
#213=FACE_OUTER_BOUND('',#344,.T.);
#214=FACE_OUTER_BOUND('',#345,.T.);
#215=FACE_OUTER_BOUND('',#346,.T.);
#216=FACE_OUTER_BOUND('',#347,.T.);
#217=FACE_OUTER_BOUND('',#348,.T.);
#218=FACE_OUTER_BOUND('',#349,.T.);
#219=FACE_OUTER_BOUND('',#350,.T.);
#220=FACE_OUTER_BOUND('',#351,.T.);
#221=FACE_OUTER_BOUND('',#352,.T.);
#222=FACE_OUTER_BOUND('',#353,.T.);
#223=FACE_OUTER_BOUND('',#354,.T.);
#224=FACE_OUTER_BOUND('',#355,.T.);
#225=FACE_OUTER_BOUND('',#356,.T.);
#226=FACE_OUTER_BOUND('',#357,.T.);
#227=FACE_OUTER_BOUND('',#358,.T.);
#228=FACE_OUTER_BOUND('',#359,.T.);
#229=FACE_OUTER_BOUND('',#360,.T.);
#230=EDGE_LOOP('',(#1320,#1321,#1322,#1323));
#231=EDGE_LOOP('',(#1324,#1325,#1326,#1327));
#232=EDGE_LOOP('',(#1328,#1329,#1330,#1331));
#233=EDGE_LOOP('',(#1332,#1333,#1334,#1335));
#234=EDGE_LOOP('',(#1336,#1337,#1338,#1339));
#235=EDGE_LOOP('',(#1340,#1341,#1342,#1343,#1344,#1345));
#236=EDGE_LOOP('',(#1346,#1347,#1348,#1349));
#237=EDGE_LOOP('',(#1350,#1351,#1352,#1353));
#238=EDGE_LOOP('',(#1354,#1355,#1356,#1357));
#239=EDGE_LOOP('',(#1358,#1359,#1360,#1361));
#240=EDGE_LOOP('',(#1362,#1363,#1364,#1365,#1366,#1367));
#241=EDGE_LOOP('',(#1368,#1369,#1370,#1371,#1372,#1373));
#242=EDGE_LOOP('',(#1374,#1375,#1376,#1377,#1378,#1379));
#243=EDGE_LOOP('',(#1380,#1381,#1382,#1383));
#244=EDGE_LOOP('',(#1384,#1385,#1386,#1387));
#245=EDGE_LOOP('',(#1388,#1389,#1390,#1391));
#246=EDGE_LOOP('',(#1392,#1393,#1394,#1395));
#247=EDGE_LOOP('',(#1396,#1397,#1398,#1399,#1400,#1401));
#248=EDGE_LOOP('',(#1402,#1403,#1404,#1405,#1406,#1407));
#249=EDGE_LOOP('',(#1408,#1409,#1410,#1411));
#250=EDGE_LOOP('',(#1412,#1413,#1414,#1415));
#251=EDGE_LOOP('',(#1416,#1417,#1418,#1419));
#252=EDGE_LOOP('',(#1420,#1421,#1422,#1423));
#253=EDGE_LOOP('',(#1424,#1425,#1426,#1427,#1428,#1429));
#254=EDGE_LOOP('',(#1430,#1431,#1432,#1433,#1434,#1435));
#255=EDGE_LOOP('',(#1436,#1437,#1438,#1439,#1440));
#256=EDGE_LOOP('',(#1441,#1442,#1443,#1444,#1445,#1446,#1447,#1448,#1449,
#1450,#1451,#1452,#1453,#1454,#1455,#1456));
#257=EDGE_LOOP('',(#1457,#1458,#1459,#1460,#1461));
#258=EDGE_LOOP('',(#1462,#1463,#1464,#1465,#1466,#1467));
#259=EDGE_LOOP('',(#1468,#1469,#1470,#1471,#1472));
#260=EDGE_LOOP('',(#1473,#1474,#1475,#1476,#1477));
#261=EDGE_LOOP('',(#1478,#1479,#1480,#1481));
#262=EDGE_LOOP('',(#1482,#1483,#1484,#1485));
#263=EDGE_LOOP('',(#1486,#1487,#1488,#1489));
#264=EDGE_LOOP('',(#1490,#1491,#1492,#1493));
#265=EDGE_LOOP('',(#1494,#1495,#1496,#1497));
#266=EDGE_LOOP('',(#1498,#1499,#1500,#1501,#1502,#1503));
#267=EDGE_LOOP('',(#1504,#1505,#1506,#1507));
#268=EDGE_LOOP('',(#1508,#1509,#1510,#1511,#1512));
#269=EDGE_LOOP('',(#1513,#1514,#1515,#1516,#1517));
#270=EDGE_LOOP('',(#1518,#1519,#1520,#1521));
#271=EDGE_LOOP('',(#1522,#1523,#1524,#1525));
#272=EDGE_LOOP('',(#1526,#1527,#1528,#1529));
#273=EDGE_LOOP('',(#1530,#1531,#1532,#1533));
#274=EDGE_LOOP('',(#1534,#1535,#1536,#1537));
#275=EDGE_LOOP('',(#1538,#1539,#1540,#1541));
#276=EDGE_LOOP('',(#1542,#1543,#1544,#1545));
#277=EDGE_LOOP('',(#1546,#1547,#1548,#1549));
#278=EDGE_LOOP('',(#1550,#1551,#1552,#1553));
#279=EDGE_LOOP('',(#1554,#1555,#1556,#1557,#1558));
#280=EDGE_LOOP('',(#1559,#1560,#1561,#1562,#1563));
#281=EDGE_LOOP('',(#1564,#1565,#1566,#1567));
#282=EDGE_LOOP('',(#1568,#1569,#1570,#1571));
#283=EDGE_LOOP('',(#1572,#1573,#1574,#1575));
#284=EDGE_LOOP('',(#1576,#1577,#1578,#1579,#1580,#1581));
#285=EDGE_LOOP('',(#1582,#1583,#1584,#1585));
#286=EDGE_LOOP('',(#1586,#1587,#1588,#1589));
#287=EDGE_LOOP('',(#1590,#1591,#1592,#1593,#1594,#1595));
#288=EDGE_LOOP('',(#1596,#1597,#1598,#1599));
#289=EDGE_LOOP('',(#1600,#1601,#1602,#1603));
#290=EDGE_LOOP('',(#1604,#1605,#1606,#1607));
#291=EDGE_LOOP('',(#1608,#1609,#1610,#1611,#1612));
#292=EDGE_LOOP('',(#1613,#1614,#1615,#1616,#1617));
#293=EDGE_LOOP('',(#1618,#1619,#1620,#1621));
#294=EDGE_LOOP('',(#1622,#1623,#1624,#1625));
#295=EDGE_LOOP('',(#1626,#1627,#1628,#1629));
#296=EDGE_LOOP('',(#1630,#1631,#1632,#1633));
#297=EDGE_LOOP('',(#1634,#1635,#1636,#1637));
#298=EDGE_LOOP('',(#1638,#1639,#1640,#1641));
#299=EDGE_LOOP('',(#1642,#1643,#1644,#1645));
#300=EDGE_LOOP('',(#1646,#1647,#1648,#1649,#1650,#1651));
#301=EDGE_LOOP('',(#1652,#1653,#1654,#1655));
#302=EDGE_LOOP('',(#1656,#1657,#1658,#1659));
#303=EDGE_LOOP('',(#1660,#1661,#1662,#1663));
#304=EDGE_LOOP('',(#1664,#1665,#1666,#1667));
#305=EDGE_LOOP('',(#1668,#1669,#1670,#1671,#1672,#1673));
#306=EDGE_LOOP('',(#1674,#1675,#1676,#1677,#1678,#1679));
#307=EDGE_LOOP('',(#1680,#1681,#1682,#1683,#1684,#1685));
#308=EDGE_LOOP('',(#1686,#1687,#1688,#1689));
#309=EDGE_LOOP('',(#1690,#1691,#1692,#1693));
#310=EDGE_LOOP('',(#1694,#1695,#1696,#1697));
#311=EDGE_LOOP('',(#1698,#1699,#1700,#1701));
#312=EDGE_LOOP('',(#1702,#1703,#1704,#1705,#1706,#1707));
#313=EDGE_LOOP('',(#1708,#1709,#1710,#1711,#1712,#1713));
#314=EDGE_LOOP('',(#1714,#1715,#1716,#1717));
#315=EDGE_LOOP('',(#1718,#1719,#1720,#1721));
#316=EDGE_LOOP('',(#1722,#1723,#1724,#1725));
#317=EDGE_LOOP('',(#1726,#1727,#1728,#1729));
#318=EDGE_LOOP('',(#1730,#1731,#1732,#1733,#1734,#1735));
#319=EDGE_LOOP('',(#1736,#1737,#1738,#1739,#1740,#1741));
#320=EDGE_LOOP('',(#1742,#1743,#1744,#1745,#1746));
#321=EDGE_LOOP('',(#1747,#1748,#1749,#1750,#1751,#1752,#1753,#1754,#1755,
#1756,#1757,#1758,#1759,#1760,#1761,#1762));
#322=EDGE_LOOP('',(#1763,#1764,#1765,#1766,#1767));
#323=EDGE_LOOP('',(#1768,#1769,#1770,#1771,#1772,#1773));
#324=EDGE_LOOP('',(#1774,#1775,#1776,#1777,#1778));
#325=EDGE_LOOP('',(#1779,#1780,#1781,#1782,#1783));
#326=EDGE_LOOP('',(#1784,#1785,#1786,#1787));
#327=EDGE_LOOP('',(#1788,#1789,#1790,#1791));
#328=EDGE_LOOP('',(#1792,#1793,#1794,#1795));
#329=EDGE_LOOP('',(#1796,#1797,#1798,#1799));
#330=EDGE_LOOP('',(#1800,#1801,#1802,#1803));
#331=EDGE_LOOP('',(#1804,#1805,#1806,#1807,#1808,#1809));
#332=EDGE_LOOP('',(#1810,#1811,#1812,#1813));
#333=EDGE_LOOP('',(#1814,#1815,#1816,#1817,#1818));
#334=EDGE_LOOP('',(#1819,#1820,#1821,#1822,#1823));
#335=EDGE_LOOP('',(#1824,#1825,#1826,#1827));
#336=EDGE_LOOP('',(#1828,#1829,#1830,#1831));
#337=EDGE_LOOP('',(#1832,#1833,#1834,#1835));
#338=EDGE_LOOP('',(#1836,#1837,#1838,#1839));
#339=EDGE_LOOP('',(#1840,#1841,#1842,#1843));
#340=EDGE_LOOP('',(#1844,#1845,#1846,#1847));
#341=EDGE_LOOP('',(#1848,#1849,#1850,#1851));
#342=EDGE_LOOP('',(#1852,#1853,#1854,#1855));
#343=EDGE_LOOP('',(#1856,#1857,#1858,#1859));
#344=EDGE_LOOP('',(#1860,#1861,#1862,#1863,#1864));
#345=EDGE_LOOP('',(#1865,#1866,#1867,#1868,#1869));
#346=EDGE_LOOP('',(#1870,#1871,#1872,#1873));
#347=EDGE_LOOP('',(#1874,#1875,#1876,#1877));
#348=EDGE_LOOP('',(#1878,#1879,#1880,#1881));
#349=EDGE_LOOP('',(#1882,#1883,#1884,#1885,#1886,#1887));
#350=EDGE_LOOP('',(#1888,#1889,#1890,#1891));
#351=EDGE_LOOP('',(#1892,#1893,#1894,#1895));
#352=EDGE_LOOP('',(#1896,#1897,#1898,#1899,#1900,#1901));
#353=EDGE_LOOP('',(#1902,#1903,#1904,#1905));
#354=EDGE_LOOP('',(#1906,#1907,#1908,#1909));
#355=EDGE_LOOP('',(#1910,#1911,#1912,#1913));
#356=EDGE_LOOP('',(#1914,#1915,#1916,#1917,#1918));
#357=EDGE_LOOP('',(#1919,#1920,#1921,#1922,#1923));
#358=EDGE_LOOP('',(#1924,#1925,#1926,#1927));
#359=EDGE_LOOP('',(#1928,#1929,#1930,#1931));
#360=EDGE_LOOP('',(#1932,#1933,#1934,#1935,#1936,#1937,#1938,#1939,#1940,
#1941,#1942,#1943,#1944,#1945,#1946,#1947,#1948,#1949));
#361=EDGE_LOOP('',(#1950,#1951,#1952,#1953,#1954,#1955,#1956,#1957,#1958,
#1959,#1960,#1961,#1962,#1963,#1964,#1965,#1966,#1967));
#362=CIRCLE('',#2175,23.);
#363=CIRCLE('',#2177,12.6873579915799);
#364=CIRCLE('',#2178,23.);
#365=CIRCLE('',#2179,17.);
#366=CIRCLE('',#2181,23.);
#367=CIRCLE('',#2183,12.6873579915799);
#368=CIRCLE('',#2184,23.);
#369=CIRCLE('',#2185,17.0000000000001);
#370=CIRCLE('',#2188,0.0588124822571867);
#371=CIRCLE('',#2189,0.0588124822571112);
#372=CIRCLE('',#2190,14.3);
#373=CIRCLE('',#2191,14.3);
#374=CIRCLE('',#2193,14.3);
#375=CIRCLE('',#2194,14.3);
#376=CIRCLE('',#2196,23.);
#377=CIRCLE('',#2197,23.);
#378=CIRCLE('',#2199,29.3649167310371);
#379=CIRCLE('',#2205,12.6873579915799);
#380=CIRCLE('',#2206,23.);
#381=CIRCLE('',#2207,17.);
#382=CIRCLE('',#2208,23.);
#383=CIRCLE('',#2210,23.);
#384=CIRCLE('',#2212,12.6873579915799);
#385=CIRCLE('',#2213,17.0000000000001);
#386=CIRCLE('',#2214,23.);
#387=CIRCLE('',#2217,23.);
#388=CIRCLE('',#2218,29.3649167310371);
#389=CIRCLE('',#2220,0.0588124822571201);
#390=CIRCLE('',#2221,0.0588124822571912);
#391=CIRCLE('',#2222,14.3);
#392=CIRCLE('',#2223,14.3);
#393=CIRCLE('',#2225,14.3);
#394=CIRCLE('',#2226,14.3);
#395=CIRCLE('',#2228,23.);
#396=CIRCLE('',#2234,29.3649167310371);
#397=CIRCLE('',#2236,191.313028675113);
#398=CIRCLE('',#2237,454.603614321449);
#399=CIRCLE('',#2238,191.313028675113);
#400=CIRCLE('',#2239,90.9999999999971);
#401=CIRCLE('',#2240,90.9999999999971);
#402=CIRCLE('',#2241,29.3649167310371);
#403=CIRCLE('',#2244,6.);
#404=CIRCLE('',#2245,6.);
#405=CIRCLE('',#2247,6.);
#406=CIRCLE('',#2249,96.9999999999971);
#407=CIRCLE('',#2250,5.99999999999999);
#408=CIRCLE('',#2252,5.99999999999999);
#409=CIRCLE('',#2254,96.9999999999971);
#410=CIRCLE('',#2255,6.);
#411=CIRCLE('',#2259,6.);
#412=CIRCLE('',#2261,6.);
#413=CIRCLE('',#2262,197.313028675113);
#414=CIRCLE('',#2264,6.);
#415=CIRCLE('',#2266,6.);
#416=CIRCLE('',#2267,448.603614321449);
#417=CIRCLE('',#2269,6.);
#418=CIRCLE('',#2271,6.);
#419=CIRCLE('',#2272,197.313028675113);
#420=CIRCLE('',#2276,197.313028675113);
#421=CIRCLE('',#2279,17.);
#422=CIRCLE('',#2282,17.0000000000001);
#423=CIRCLE('',#2285,96.9999999999971);
#424=CIRCLE('',#2287,96.9999999999971);
#425=CIRCLE('',#2290,17.0000000000001);
#426=CIRCLE('',#2293,17.);
#427=CIRCLE('',#2296,197.313028675113);
#428=CIRCLE('',#2299,448.603614321449);
#429=CIRCLE('',#2301,20.);
#430=CIRCLE('',#2303,15.3367032033259);
#431=CIRCLE('',#2304,20.);
#432=CIRCLE('',#2305,20.);
#433=CIRCLE('',#2307,20.);
#434=CIRCLE('',#2309,15.336703203326);
#435=CIRCLE('',#2310,20.0000000000001);
#436=CIRCLE('',#2311,20.);
#437=CIRCLE('',#2314,0.0588124822571112);
#438=CIRCLE('',#2315,0.0588124822571867);
#439=CIRCLE('',#2316,17.3);
#440=CIRCLE('',#2317,17.3);
#441=CIRCLE('',#2319,17.3);
#442=CIRCLE('',#2320,17.3);
#443=CIRCLE('',#2322,20.);
#444=CIRCLE('',#2323,20.);
#445=CIRCLE('',#2325,29.3649167310371);
#446=CIRCLE('',#2331,15.3367032033259);
#447=CIRCLE('',#2332,20.);
#448=CIRCLE('',#2333,20.);
#449=CIRCLE('',#2334,20.);
#450=CIRCLE('',#2336,20.);
#451=CIRCLE('',#2338,15.336703203326);
#452=CIRCLE('',#2339,20.);
#453=CIRCLE('',#2340,20.0000000000001);
#454=CIRCLE('',#2343,29.3649167310371);
#455=CIRCLE('',#2344,20.);
#456=CIRCLE('',#2346,0.0588124822571912);
#457=CIRCLE('',#2347,0.0588124822571201);
#458=CIRCLE('',#2348,17.3);
#459=CIRCLE('',#2349,17.3);
#460=CIRCLE('',#2351,17.3);
#461=CIRCLE('',#2352,17.3);
#462=CIRCLE('',#2354,20.);
#463=CIRCLE('',#2360,29.3649167310371);
#464=CIRCLE('',#2362,191.313028675113);
#465=CIRCLE('',#2363,29.3649167310371);
#466=CIRCLE('',#2364,90.9999999999971);
#467=CIRCLE('',#2365,90.9999999999971);
#468=CIRCLE('',#2366,191.313028675113);
#469=CIRCLE('',#2367,454.603614321449);
#470=CIRCLE('',#2370,9.);
#471=CIRCLE('',#2371,9.);
#472=CIRCLE('',#2373,9.);
#473=CIRCLE('',#2375,8.99999999999999);
#474=CIRCLE('',#2376,99.9999999999971);
#475=CIRCLE('',#2378,8.99999999999999);
#476=CIRCLE('',#2380,9.00000000000001);
#477=CIRCLE('',#2381,99.9999999999971);
#478=CIRCLE('',#2385,9.);
#479=CIRCLE('',#2386,9.00000000000001);
#480=CIRCLE('',#2387,9.);
#481=CIRCLE('',#2389,200.313028675113);
#482=CIRCLE('',#2390,9.);
#483=CIRCLE('',#2392,9.);
#484=CIRCLE('',#2394,445.603614321449);
#485=CIRCLE('',#2395,9.);
#486=CIRCLE('',#2397,9.);
#487=CIRCLE('',#2399,200.313028675113);
#488=CIRCLE('',#2400,9.);
#489=CIRCLE('',#2404,200.313028675113);
#490=CIRCLE('',#2407,20.);
#491=CIRCLE('',#2410,20.0000000000001);
#492=CIRCLE('',#2413,99.9999999999971);
#493=CIRCLE('',#2415,99.9999999999971);
#494=CIRCLE('',#2418,20.0000000000001);
#495=CIRCLE('',#2421,20.);
#496=CIRCLE('',#2424,200.313028675113);
#497=CIRCLE('',#2427,445.603614321449);
#498=LINE('',#3090,#620);
#499=LINE('',#3093,#621);
#500=LINE('',#3102,#622);
#501=LINE('',#3105,#623);
#502=LINE('',#3131,#624);
#503=LINE('',#3132,#625);
#504=LINE('',#3136,#626);
#505=LINE('',#3138,#627);
#506=LINE('',#3142,#628);
#507=LINE('',#3145,#629);
#508=LINE('',#3172,#630);
#509=LINE('',#3176,#631);
#510=LINE('',#3229,#632);
#511=LINE('',#3231,#633);
#512=LINE('',#3258,#634);
#513=LINE('',#3259,#635);
#514=LINE('',#3291,#636);
#515=LINE('',#3293,#637);
#516=LINE('',#3297,#638);
#517=LINE('',#3300,#639);
#518=LINE('',#3326,#640);
#519=LINE('',#3329,#641);
#520=LINE('',#3364,#642);
#521=LINE('',#3368,#643);
#522=LINE('',#3371,#644);
#523=LINE('',#3375,#645);
#524=LINE('',#3379,#646);
#525=LINE('',#3502,#647);
#526=LINE('',#3510,#648);
#527=LINE('',#3517,#649);
#528=LINE('',#3524,#650);
#529=LINE('',#3543,#651);
#530=LINE('',#3665,#652);
#531=LINE('',#3673,#653);
#532=LINE('',#3709,#654);
#533=LINE('',#3710,#655);
#534=LINE('',#3711,#656);
#535=LINE('',#3715,#657);
#536=LINE('',#3716,#658);
#537=LINE('',#3717,#659);
#538=LINE('',#3721,#660);
#539=LINE('',#3724,#661);
#540=LINE('',#3725,#662);
#541=LINE('',#3729,#663);
#542=LINE('',#3732,#664);
#543=LINE('',#3733,#665);
#544=LINE('',#3737,#666);
#545=LINE('',#3740,#667);
#546=LINE('',#3741,#668);
#547=LINE('',#3747,#669);
#548=LINE('',#3750,#670);
#549=LINE('',#3751,#671);
#550=LINE('',#3755,#672);
#551=LINE('',#3758,#673);
#552=LINE('',#3759,#674);
#553=LINE('',#3763,#675);
#554=LINE('',#3766,#676);
#555=LINE('',#3767,#677);
#556=LINE('',#3771,#678);
#557=LINE('',#3774,#679);
#558=LINE('',#3775,#680);
#559=LINE('',#3796,#681);
#560=LINE('',#3799,#682);
#561=LINE('',#3808,#683);
#562=LINE('',#3810,#684);
#563=LINE('',#3835,#685);
#564=LINE('',#3836,#686);
#565=LINE('',#3840,#687);
#566=LINE('',#3842,#688);
#567=LINE('',#3846,#689);
#568=LINE('',#3849,#690);
#569=LINE('',#3876,#691);
#570=LINE('',#3880,#692);
#571=LINE('',#3933,#693);
#572=LINE('',#3936,#694);
#573=LINE('',#3962,#695);
#574=LINE('',#3963,#696);
#575=LINE('',#3995,#697);
#576=LINE('',#3997,#698);
#577=LINE('',#4001,#699);
#578=LINE('',#4004,#700);
#579=LINE('',#4030,#701);
#580=LINE('',#4032,#702);
#581=LINE('',#4070,#703);
#582=LINE('',#4074,#704);
#583=LINE('',#4077,#705);
#584=LINE('',#4081,#706);
#585=LINE('',#4084,#707);
#586=LINE('',#4208,#708);
#587=LINE('',#4216,#709);
#588=LINE('',#4222,#710);
#589=LINE('',#4229,#711);
#590=LINE('',#4246,#712);
#591=LINE('',#4357,#713);
#592=LINE('',#4365,#714);
#593=LINE('',#4402,#715);
#594=LINE('',#4403,#716);
#595=LINE('',#4404,#717);
#596=LINE('',#4408,#718);
#597=LINE('',#4409,#719);
#598=LINE('',#4410,#720);
#599=LINE('',#4414,#721);
#600=LINE('',#4417,#722);
#601=LINE('',#4418,#723);
#602=LINE('',#4422,#724);
#603=LINE('',#4425,#725);
#604=LINE('',#4426,#726);
#605=LINE('',#4430,#727);
#606=LINE('',#4433,#728);
#607=LINE('',#4434,#729);
#608=LINE('',#4440,#730);
#609=LINE('',#4443,#731);
#610=LINE('',#4444,#732);
#611=LINE('',#4448,#733);
#612=LINE('',#4451,#734);
#613=LINE('',#4452,#735);
#614=LINE('',#4456,#736);
#615=LINE('',#4459,#737);
#616=LINE('',#4460,#738);
#617=LINE('',#4464,#739);
#618=LINE('',#4467,#740);
#619=LINE('',#4468,#741);
#620=VECTOR('',#2436,10.);
#621=VECTOR('',#2439,10.);
#622=VECTOR('',#2450,10.);
#623=VECTOR('',#2453,10.);
#624=VECTOR('',#2464,10.);
#625=VECTOR('',#2465,10.);
#626=VECTOR('',#2468,10.);
#627=VECTOR('',#2469,10.);
#628=VECTOR('',#2472,10.);
#629=VECTOR('',#2475,10.);
#630=VECTOR('',#2488,10.);
#631=VECTOR('',#2491,20.);
#632=VECTOR('',#2518,10.);
#633=VECTOR('',#2519,10.);
#634=VECTOR('',#2532,10.);
#635=VECTOR('',#2533,10.);
#636=VECTOR('',#2542,10.);
#637=VECTOR('',#2543,10.);
#638=VECTOR('',#2546,10.);
#639=VECTOR('',#2549,10.);
#640=VECTOR('',#2562,10.);
#641=VECTOR('',#2565,20.);
#642=VECTOR('',#2582,10.);
#643=VECTOR('',#2585,10.);
#644=VECTOR('',#2588,10.);
#645=VECTOR('',#2591,10.);
#646=VECTOR('',#2594,10.);
#647=VECTOR('',#2607,10.);
#648=VECTOR('',#2618,10.);
#649=VECTOR('',#2629,10.);
#650=VECTOR('',#2632,10.);
#651=VECTOR('',#2635,10.);
#652=VECTOR('',#2648,10.);
#653=VECTOR('',#2659,10.);
#654=VECTOR('',#2668,10.);
#655=VECTOR('',#2669,10.);
#656=VECTOR('',#2670,10.);
#657=VECTOR('',#2673,10.);
#658=VECTOR('',#2674,10.);
#659=VECTOR('',#2675,10.);
#660=VECTOR('',#2680,10.);
#661=VECTOR('',#2683,10.);
#662=VECTOR('',#2684,10.);
#663=VECTOR('',#2689,10.);
#664=VECTOR('',#2692,10.);
#665=VECTOR('',#2693,10.);
#666=VECTOR('',#2698,10.);
#667=VECTOR('',#2701,10.);
#668=VECTOR('',#2702,10.);
#669=VECTOR('',#2711,10.);
#670=VECTOR('',#2714,10.);
#671=VECTOR('',#2715,10.);
#672=VECTOR('',#2720,10.);
#673=VECTOR('',#2723,10.);
#674=VECTOR('',#2724,10.);
#675=VECTOR('',#2729,10.);
#676=VECTOR('',#2732,10.);
#677=VECTOR('',#2733,10.);
#678=VECTOR('',#2738,10.);
#679=VECTOR('',#2741,10.);
#680=VECTOR('',#2742,10.);
#681=VECTOR('',#2749,10.);
#682=VECTOR('',#2752,10.);
#683=VECTOR('',#2763,10.);
#684=VECTOR('',#2764,10.);
#685=VECTOR('',#2777,10.);
#686=VECTOR('',#2778,10.);
#687=VECTOR('',#2781,10.);
#688=VECTOR('',#2782,10.);
#689=VECTOR('',#2785,10.);
#690=VECTOR('',#2788,10.);
#691=VECTOR('',#2801,10.);
#692=VECTOR('',#2804,20.);
#693=VECTOR('',#2831,10.);
#694=VECTOR('',#2834,10.);
#695=VECTOR('',#2845,10.);
#696=VECTOR('',#2846,10.);
#697=VECTOR('',#2855,10.);
#698=VECTOR('',#2856,10.);
#699=VECTOR('',#2859,10.);
#700=VECTOR('',#2862,10.);
#701=VECTOR('',#2875,10.);
#702=VECTOR('',#2876,20.);
#703=VECTOR('',#2897,10.);
#704=VECTOR('',#2900,10.);
#705=VECTOR('',#2903,10.);
#706=VECTOR('',#2906,10.);
#707=VECTOR('',#2909,10.);
#708=VECTOR('',#2922,10.);
#709=VECTOR('',#2933,10.);
#710=VECTOR('',#2942,10.);
#711=VECTOR('',#2945,10.);
#712=VECTOR('',#2948,10.);
#713=VECTOR('',#2963,10.);
#714=VECTOR('',#2974,10.);
#715=VECTOR('',#2985,10.);
#716=VECTOR('',#2986,10.);
#717=VECTOR('',#2987,10.);
#718=VECTOR('',#2990,10.);
#719=VECTOR('',#2991,10.);
#720=VECTOR('',#2992,10.);
#721=VECTOR('',#2997,10.);
#722=VECTOR('',#3000,10.);
#723=VECTOR('',#3001,10.);
#724=VECTOR('',#3006,10.);
#725=VECTOR('',#3009,10.);
#726=VECTOR('',#3010,10.);
#727=VECTOR('',#3015,10.);
#728=VECTOR('',#3018,10.);
#729=VECTOR('',#3019,10.);
#730=VECTOR('',#3028,10.);
#731=VECTOR('',#3031,10.);
#732=VECTOR('',#3032,10.);
#733=VECTOR('',#3037,10.);
#734=VECTOR('',#3040,10.);
#735=VECTOR('',#3041,10.);
#736=VECTOR('',#3046,10.);
#737=VECTOR('',#3049,10.);
#738=VECTOR('',#3050,10.);
#739=VECTOR('',#3055,10.);
#740=VECTOR('',#3058,10.);
#741=VECTOR('',#3059,10.);
#742=B_SPLINE_CURVE_WITH_KNOTS('',3,(#3073,#3074,#3075,#3076,#3077,#3078,
#3079,#3080,#3081,#3082,#3083,#3084,#3085,#3086,#3087,#3088),
 .UNSPECIFIED.,.F.,.F.,(4,2,2,2,2,2,2,4),(-1.20867409642099,-0.958457398681685,
-0.762347569379198,-0.640839629647347,-0.53754945740971,-0.423199880485528,
-0.259498648519895,0.),.UNSPECIFIED.);
#743=B_SPLINE_CURVE_WITH_KNOTS('',3,(#3115,#3116,#3117,#3118,#3119,#3120,
#3121,#3122,#3123,#3124,#3125,#3126,#3127,#3128,#3129,#3130),
 .UNSPECIFIED.,.F.,.F.,(4,2,2,2,2,2,2,4),(-1.89285136977497,-1.59245361070813,
-1.35517560081462,-1.20017496922598,-1.06241475623321,-0.899933562453529,
-0.671067123484353,-0.259314624845968),.UNSPECIFIED.);
#744=B_SPLINE_CURVE_WITH_KNOTS('',3,(#3181,#3182,#3183,#3184,#3185),
 .UNSPECIFIED.,.F.,.F.,(4,1,4),(-2.63902060235462,-2.05106548961505,-1.26712533929562),
 .UNSPECIFIED.);
#745=B_SPLINE_CURVE_WITH_KNOTS('',3,(#3187,#3188,#3189,#3190),
 .UNSPECIFIED.,.F.,.F.,(4,4),(-1.27617501791181,0.),.UNSPECIFIED.);
#746=B_SPLINE_CURVE_WITH_KNOTS('',3,(#3193,#3194,#3195,#3196,#3197,#3198),
 .UNSPECIFIED.,.F.,.F.,(4,2,4),(5.6564880464888,5.77198330969647,5.7737636065316),
 .UNSPECIFIED.);
#747=B_SPLINE_CURVE_WITH_KNOTS('',3,(#3199,#3200,#3201,#3202),
 .UNSPECIFIED.,.F.,.F.,(4,4),(19.0125695099448,19.1236865940909),
 .UNSPECIFIED.);
#748=B_SPLINE_CURVE_WITH_KNOTS('',3,(#3204,#3205,#3206,#3207),
 .UNSPECIFIED.,.F.,.F.,(4,4),(-1.19064445781291,-0.980289201647986),
 .UNSPECIFIED.);
#749=B_SPLINE_CURVE_WITH_KNOTS('',3,(#3211,#3212,#3213,#3214,#3215,#3216),
 .UNSPECIFIED.,.F.,.F.,(4,2,4),(-0.33818328211314,0.,0.00197863468536515),
 .UNSPECIFIED.);
#750=B_SPLINE_CURVE_WITH_KNOTS('',3,(#3242,#3243,#3244,#3245,#3246,#3247,
#3248,#3249,#3250,#3251,#3252,#3253,#3254,#3255,#3256,#3257),
 .UNSPECIFIED.,.F.,.F.,(4,2,2,2,2,2,2,4),(-1.22296325069979,-0.997905641801974,
-0.777885550171837,-0.649439453213678,-0.544941368292878,-0.431165517312127,
-0.266927822361768,0.),.UNSPECIFIED.);
#751=B_SPLINE_CURVE_WITH_KNOTS('',3,(#3263,#3264,#3265,#3266),
 .UNSPECIFIED.,.F.,.F.,(4,4),(1.39736223567078E-15,1.27617501791545),
 .UNSPECIFIED.);
#752=B_SPLINE_CURVE_WITH_KNOTS('',3,(#3268,#3269,#3270,#3271,#3272),
 .UNSPECIFIED.,.F.,.F.,(4,1,4),(-2.55523558808489,-1.77129543776548,-1.18334032502593),
 .UNSPECIFIED.);
#753=B_SPLINE_CURVE_WITH_KNOTS('',3,(#3274,#3275,#3276,#3277),
 .UNSPECIFIED.,.F.,.F.,(4,4),(0.509341416525726,0.644205375243631),
 .UNSPECIFIED.);
#754=B_SPLINE_CURVE_WITH_KNOTS('',3,(#3279,#3280,#3281,#3282,#3283,#3284),
 .UNSPECIFIED.,.F.,.F.,(4,2,4),(-0.001978635672091,0.,0.128341470459538),
 .UNSPECIFIED.);
#755=B_SPLINE_CURVE_WITH_KNOTS('',3,(#3333,#3334,#3335,#3336,#3337,#3338),
 .UNSPECIFIED.,.F.,.F.,(4,2,4),(-5.77376360523104,-5.7719833083445,-5.46759779498378),
 .UNSPECIFIED.);
#756=B_SPLINE_CURVE_WITH_KNOTS('',3,(#3342,#3343,#3344,#3345),
 .UNSPECIFIED.,.F.,.F.,(4,4),(-2.5763747306829,-2.32333716012038),
 .UNSPECIFIED.);
#757=B_SPLINE_CURVE_WITH_KNOTS('',3,(#3346,#3347,#3348,#3349),
 .UNSPECIFIED.,.F.,.F.,(4,4),(-19.2535581754662,-19.0125695099294),
 .UNSPECIFIED.);
#758=B_SPLINE_CURVE_WITH_KNOTS('',3,(#3352,#3353,#3354,#3355,#3356,#3357,
#3358),.UNSPECIFIED.,.F.,.F.,(4,1,1,1,4),(-2.638078644389,-1.88434188884928,
-1.50747351107943,-0.753736755539714,0.),.UNSPECIFIED.);
#759=B_SPLINE_CURVE_WITH_KNOTS('',3,(#3383,#3384,#3385,#3386,#3387,#3388,
#3389),.UNSPECIFIED.,.F.,.F.,(4,1,1,1,4),(-3.82189671090851,-3.0681599553688,
-2.31442319982908,-1.56068644428937,-1.18381806651951),.UNSPECIFIED.);
#760=B_SPLINE_CURVE_WITH_KNOTS('',3,(#3390,#3391,#3392,#3393),
 .UNSPECIFIED.,.F.,.F.,(4,4),(0.353227746621579,0.644205375243655),
 .UNSPECIFIED.);
#761=B_SPLINE_CURVE_WITH_KNOTS('',3,(#3395,#3396,#3397,#3398),
 .UNSPECIFIED.,.F.,.F.,(4,4),(-0.212095059884645,0.),.UNSPECIFIED.);
#762=B_SPLINE_CURVE_WITH_KNOTS('',3,(#3442,#3443,#3444,#3445,#3446,#3447,
#3448),.UNSPECIFIED.,.F.,.F.,(4,1,1,1,4),(0.,0.753736755539714,1.50747351107943,
1.88434188884928,2.14847068196997),.UNSPECIFIED.);
#763=B_SPLINE_CURVE_WITH_KNOTS('',3,(#3494,#3495,#3496,#3497,#3498,#3499),
 .UNSPECIFIED.,.F.,.F.,(4,1,1,4),(1.67342602893854,2.31442319982908,3.0681599553688,
3.82189671090851),.UNSPECIFIED.);
#764=B_SPLINE_CURVE_WITH_KNOTS('',3,(#3520,#3521,#3522,#3523),
 .UNSPECIFIED.,.F.,.F.,(4,4),(-0.21149106509711,0.),.UNSPECIFIED.);
#765=B_SPLINE_CURVE_WITH_KNOTS('',3,(#3527,#3528,#3529,#3530,#3531,#3532,
#3533,#3534,#3535,#3536,#3537,#3538,#3539,#3540,#3541,#3542),
 .UNSPECIFIED.,.F.,.F.,(4,2,2,2,2,2,2,4),(-1.97748764671755,-1.63886682301015,
-1.39747347404273,-1.23362409512042,-1.0791212912301,-0.89560583919747,
-0.519309949807121,-0.25995100172975),.UNSPECIFIED.);
#766=B_SPLINE_CURVE_WITH_KNOTS('',3,(#3575,#3576,#3577,#3578,#3579,#3580),
 .UNSPECIFIED.,.F.,.F.,(4,1,1,4),(-1.,-0.571428571428571,-0.285714285714286,
0.),.UNSPECIFIED.);
#767=B_SPLINE_CURVE_WITH_KNOTS('',3,(#3581,#3582,#3583,#3584,#3585),
 .UNSPECIFIED.,.F.,.F.,(4,1,4),(1.67325068175062,1.77129543776548,2.55523558808489),
 .UNSPECIFIED.);
#768=B_SPLINE_CURVE_WITH_KNOTS('',3,(#3617,#3618,#3619,#3620,#3621),
 .UNSPECIFIED.,.F.,.F.,(4,1,4),(1.26712533929562,2.05106548961505,2.14911024562993),
 .UNSPECIFIED.);
#769=B_SPLINE_CURVE_WITH_KNOTS('',3,(#3622,#3623,#3624,#3625,#3626,#3627),
 .UNSPECIFIED.,.F.,.F.,(4,1,1,4),(-1.,-0.571428571428571,-0.285714285714286,
0.),.UNSPECIFIED.);
#770=B_SPLINE_CURVE_WITH_KNOTS('',3,(#3654,#3655,#3656,#3657),
 .UNSPECIFIED.,.F.,.F.,(4,4),(-1.27617501791545,-1.39736223567078E-15),
 .UNSPECIFIED.);
#771=B_SPLINE_CURVE_WITH_KNOTS('',3,(#3702,#3703,#3704,#3705),
 .UNSPECIFIED.,.F.,.F.,(4,4),(0.,1.27617501791181),.UNSPECIFIED.);
#772=B_SPLINE_CURVE_WITH_KNOTS('',3,(#3781,#3782,#3783,#3784,#3785,#3786,
#3787,#3788,#3789,#3790,#3791,#3792,#3793,#3794),.UNSPECIFIED.,.F.,.F.,
(4,2,2,2,2,2,4),(0.,0.396327135666423,0.633919679507535,0.797630581578787,
0.943370132164817,1.11103053652837,1.429136523224),.UNSPECIFIED.);
#773=B_SPLINE_CURVE_WITH_KNOTS('',3,(#3821,#3822,#3823,#3824,#3825,#3826,
#3827,#3828,#3829,#3830,#3831,#3832,#3833,#3834),.UNSPECIFIED.,.F.,.F.,
(4,2,2,2,2,2,4),(0.312401372909793,0.689453881180794,0.86546036075152,1.01302556046936,
1.17860980591961,1.43354415429854,1.7826264335638),.UNSPECIFIED.);
#774=B_SPLINE_CURVE_WITH_KNOTS('',3,(#3885,#3886,#3887,#3888,#3889),
 .UNSPECIFIED.,.F.,.F.,(4,1,4),(-2.95171608997801,-2.22974862539985,-1.26712533929562),
 .UNSPECIFIED.);
#775=B_SPLINE_CURVE_WITH_KNOTS('',3,(#3891,#3892,#3893,#3894),
 .UNSPECIFIED.,.F.,.F.,(4,4),(-2.50361014616765,-2.48798573669051),
 .UNSPECIFIED.);
#776=B_SPLINE_CURVE_WITH_KNOTS('',3,(#3895,#3896,#3897,#3898,#3899,#3900),
 .UNSPECIFIED.,.F.,.F.,(4,2,4),(-0.630885142318337,-0.628721001404351,-0.300648725613074),
 .UNSPECIFIED.);
#777=B_SPLINE_CURVE_WITH_KNOTS('',3,(#3903,#3904,#3905,#3906),
 .UNSPECIFIED.,.F.,.F.,(4,4),(-1.27617501791181,0.),.UNSPECIFIED.);
#778=B_SPLINE_CURVE_WITH_KNOTS('',3,(#3908,#3909,#3910,#3911),
 .UNSPECIFIED.,.F.,.F.,(4,4),(0.000399335400443571,0.486290282026998),
 .UNSPECIFIED.);
#779=B_SPLINE_CURVE_WITH_KNOTS('',3,(#3916,#3917,#3918,#3919,#3920,#3921),
 .UNSPECIFIED.,.F.,.F.,(4,2,4),(-0.603358330155966,0.,0.00210695087284949),
 .UNSPECIFIED.);
#780=B_SPLINE_CURVE_WITH_KNOTS('',3,(#3946,#3947,#3948,#3949,#3950,#3951,
#3952,#3953,#3954,#3955,#3956,#3957,#3958,#3959,#3960,#3961),
 .UNSPECIFIED.,.F.,.F.,(4,2,2,2,2,2,2,4),(0.,0.401466357510656,0.640504352765773,
0.803465337362419,0.950375384658658,1.12544989419685,1.42298056807172,1.4358344970838),
 .UNSPECIFIED.);
#781=B_SPLINE_CURVE_WITH_KNOTS('',3,(#3967,#3968,#3969,#3970),
 .UNSPECIFIED.,.F.,.F.,(4,4),(1.39736223567078E-15,1.27617501791545),
 .UNSPECIFIED.);
#782=B_SPLINE_CURVE_WITH_KNOTS('',3,(#3976,#3977,#3978,#3979,#3980,#3981),
 .UNSPECIFIED.,.F.,.F.,(4,2,4),(-0.329149125129721,0.,0.00217130027042405),
 .UNSPECIFIED.);
#783=B_SPLINE_CURVE_WITH_KNOTS('',3,(#3983,#3984,#3985,#3986),
 .UNSPECIFIED.,.F.,.F.,(4,4),(-0.369745806293036,-0.357236698499268),
 .UNSPECIFIED.);
#784=B_SPLINE_CURVE_WITH_KNOTS('',3,(#3987,#3988,#3989,#3990,#3991),
 .UNSPECIFIED.,.F.,.F.,(4,1,4),(-2.55523558808489,-1.59261230198069,-0.870644837402537),
 .UNSPECIFIED.);
#785=B_SPLINE_CURVE_WITH_KNOTS('',3,(#4038,#4039,#4040,#4041,#4042,#4043),
 .UNSPECIFIED.,.F.,.F.,(4,2,4),(-0.742286817450561,-0.740511035689869,-0.231975356640535),
 .UNSPECIFIED.);
#786=B_SPLINE_CURVE_WITH_KNOTS('',3,(#4046,#4047,#4048,#4049),
 .UNSPECIFIED.,.F.,.F.,(4,4),(0.142499905740289,0.629402378746375),
 .UNSPECIFIED.);
#787=B_SPLINE_CURVE_WITH_KNOTS('',3,(#4050,#4051,#4052,#4053),
 .UNSPECIFIED.,.F.,.F.,(4,4),(-2.72247123989652,-2.49004049631579),
 .UNSPECIFIED.);
#788=B_SPLINE_CURVE_WITH_KNOTS('',3,(#4056,#4057,#4058,#4059,#4060,#4061,
#4062),.UNSPECIFIED.,.F.,.F.,(4,1,1,1,4),(-2.95024522106846,-2.52878161805868,
-1.68585441203912,-0.842927206019561,0.),.UNSPECIFIED.);
#789=B_SPLINE_CURVE_WITH_KNOTS('',3,(#4087,#4088,#4089,#4090,#4091,#4092,
#4093),.UNSPECIFIED.,.F.,.F.,(4,1,1,1,4),(-3.82189671090851,-2.97896950488895,
-2.13604229886939,-1.29311509284983,-0.87165148984005),.UNSPECIFIED.);
#790=B_SPLINE_CURVE_WITH_KNOTS('',3,(#4094,#4095,#4096,#4097,#4098,#4099),
 .UNSPECIFIED.,.F.,.F.,(4,2,4),(-0.715589256568594,-0.606415012601108,-0.52428067780052),
 .UNSPECIFIED.);
#791=B_SPLINE_CURVE_WITH_KNOTS('',3,(#4101,#4102,#4103,#4104),
 .UNSPECIFIED.,.F.,.F.,(4,4),(0.,0.508233042733528),.UNSPECIFIED.);
#792=B_SPLINE_CURVE_WITH_KNOTS('',3,(#4149,#4150,#4151,#4152,#4153,#4154),
 .UNSPECIFIED.,.F.,.F.,(4,1,1,4),(0.,0.842927206019561,1.68585441203912,
2.33733594655892),.UNSPECIFIED.);
#793=B_SPLINE_CURVE_WITH_KNOTS('',3,(#4198,#4199,#4200,#4201,#4202,#4203),
 .UNSPECIFIED.,.F.,.F.,(4,1,1,4),(1.48456076562491,2.13604229886939,2.97896950488895,
3.82189671090851),.UNSPECIFIED.);
#794=B_SPLINE_CURVE_WITH_KNOTS('',3,(#4225,#4226,#4227,#4228),
 .UNSPECIFIED.,.F.,.F.,(4,4),(0.,0.504207906654131),.UNSPECIFIED.);
#795=B_SPLINE_CURVE_WITH_KNOTS('',3,(#4232,#4233,#4234,#4235,#4236,#4237,
#4238,#4239,#4240,#4241,#4242,#4243,#4244,#4245),.UNSPECIFIED.,.F.,.F.,
(4,2,2,2,2,2,4),(0.00020087352585635,0.370139428206069,0.53029019561079,
0.668590025784298,0.826239485405585,1.07066078500671,1.41032102836718),
 .UNSPECIFIED.);
#796=B_SPLINE_CURVE_WITH_KNOTS('',3,(#4278,#4279,#4280,#4281,#4282),
 .UNSPECIFIED.,.F.,.F.,(4,1,4),(1.48491803258441,1.59261230198069,2.55523558808489),
 .UNSPECIFIED.);
#797=B_SPLINE_CURVE_WITH_KNOTS('',3,(#4316,#4317,#4318,#4319,#4320),
 .UNSPECIFIED.,.F.,.F.,(4,1,4),(1.26712533929562,2.22974862539985,2.33744289555808),
 .UNSPECIFIED.);
#798=B_SPLINE_CURVE_WITH_KNOTS('',3,(#4346,#4347,#4348,#4349),
 .UNSPECIFIED.,.F.,.F.,(4,4),(-1.27617501791545,-1.39736223567078E-15),
 .UNSPECIFIED.);
#799=B_SPLINE_CURVE_WITH_KNOTS('',3,(#4395,#4396,#4397,#4398),
 .UNSPECIFIED.,.F.,.F.,(4,4),(0.,1.27617501791181),.UNSPECIFIED.);
#800=VERTEX_POINT('',#3071);
#801=VERTEX_POINT('',#3072);
#802=VERTEX_POINT('',#3089);
#803=VERTEX_POINT('',#3091);
#804=VERTEX_POINT('',#3095);
#805=VERTEX_POINT('',#3097);
#806=VERTEX_POINT('',#3101);
#807=VERTEX_POINT('',#3103);
#808=VERTEX_POINT('',#3107);
#809=VERTEX_POINT('',#3109);
#810=VERTEX_POINT('',#3113);
#811=VERTEX_POINT('',#3114);
#812=VERTEX_POINT('',#3134);
#813=VERTEX_POINT('',#3135);
#814=VERTEX_POINT('',#3137);
#815=VERTEX_POINT('',#3139);
#816=VERTEX_POINT('',#3141);
#817=VERTEX_POINT('',#3143);
#818=VERTEX_POINT('',#3170);
#819=VERTEX_POINT('',#3171);
#820=VERTEX_POINT('',#3173);
#821=VERTEX_POINT('',#3175);
#822=VERTEX_POINT('',#3179);
#823=VERTEX_POINT('',#3180);
#824=VERTEX_POINT('',#3186);
#825=VERTEX_POINT('',#3192);
#826=VERTEX_POINT('',#3210);
#827=VERTEX_POINT('',#3219);
#828=VERTEX_POINT('',#3220);
#829=VERTEX_POINT('',#3222);
#830=VERTEX_POINT('',#3224);
#831=VERTEX_POINT('',#3228);
#832=VERTEX_POINT('',#3230);
#833=VERTEX_POINT('',#3234);
#834=VERTEX_POINT('',#3236);
#835=VERTEX_POINT('',#3240);
#836=VERTEX_POINT('',#3241);
#837=VERTEX_POINT('',#3261);
#838=VERTEX_POINT('',#3262);
#839=VERTEX_POINT('',#3267);
#840=VERTEX_POINT('',#3273);
#841=VERTEX_POINT('',#3278);
#842=VERTEX_POINT('',#3285);
#843=VERTEX_POINT('',#3289);
#844=VERTEX_POINT('',#3290);
#845=VERTEX_POINT('',#3292);
#846=VERTEX_POINT('',#3294);
#847=VERTEX_POINT('',#3296);
#848=VERTEX_POINT('',#3298);
#849=VERTEX_POINT('',#3325);
#850=VERTEX_POINT('',#3327);
#851=VERTEX_POINT('',#3331);
#852=VERTEX_POINT('',#3341);
#853=VERTEX_POINT('',#3351);
#854=VERTEX_POINT('',#3361);
#855=VERTEX_POINT('',#3363);
#856=VERTEX_POINT('',#3365);
#857=VERTEX_POINT('',#3367);
#858=VERTEX_POINT('',#3370);
#859=VERTEX_POINT('',#3372);
#860=VERTEX_POINT('',#3374);
#861=VERTEX_POINT('',#3376);
#862=VERTEX_POINT('',#3378);
#863=VERTEX_POINT('',#3382);
#864=VERTEX_POINT('',#3441);
#865=VERTEX_POINT('',#3492);
#866=VERTEX_POINT('',#3501);
#867=VERTEX_POINT('',#3505);
#868=VERTEX_POINT('',#3509);
#869=VERTEX_POINT('',#3513);
#870=VERTEX_POINT('',#3519);
#871=VERTEX_POINT('',#3526);
#872=VERTEX_POINT('',#3574);
#873=VERTEX_POINT('',#3616);
#874=VERTEX_POINT('',#3652);
#875=VERTEX_POINT('',#3659);
#876=VERTEX_POINT('',#3663);
#877=VERTEX_POINT('',#3667);
#878=VERTEX_POINT('',#3671);
#879=VERTEX_POINT('',#3675);
#880=VERTEX_POINT('',#3707);
#881=VERTEX_POINT('',#3708);
#882=VERTEX_POINT('',#3713);
#883=VERTEX_POINT('',#3714);
#884=VERTEX_POINT('',#3719);
#885=VERTEX_POINT('',#3723);
#886=VERTEX_POINT('',#3727);
#887=VERTEX_POINT('',#3731);
#888=VERTEX_POINT('',#3735);
#889=VERTEX_POINT('',#3739);
#890=VERTEX_POINT('',#3745);
#891=VERTEX_POINT('',#3749);
#892=VERTEX_POINT('',#3753);
#893=VERTEX_POINT('',#3757);
#894=VERTEX_POINT('',#3761);
#895=VERTEX_POINT('',#3765);
#896=VERTEX_POINT('',#3769);
#897=VERTEX_POINT('',#3773);
#898=VERTEX_POINT('',#3779);
#899=VERTEX_POINT('',#3780);
#900=VERTEX_POINT('',#3795);
#901=VERTEX_POINT('',#3797);
#902=VERTEX_POINT('',#3801);
#903=VERTEX_POINT('',#3803);
#904=VERTEX_POINT('',#3807);
#905=VERTEX_POINT('',#3809);
#906=VERTEX_POINT('',#3813);
#907=VERTEX_POINT('',#3815);
#908=VERTEX_POINT('',#3819);
#909=VERTEX_POINT('',#3820);
#910=VERTEX_POINT('',#3838);
#911=VERTEX_POINT('',#3839);
#912=VERTEX_POINT('',#3841);
#913=VERTEX_POINT('',#3843);
#914=VERTEX_POINT('',#3845);
#915=VERTEX_POINT('',#3847);
#916=VERTEX_POINT('',#3874);
#917=VERTEX_POINT('',#3875);
#918=VERTEX_POINT('',#3877);
#919=VERTEX_POINT('',#3879);
#920=VERTEX_POINT('',#3883);
#921=VERTEX_POINT('',#3884);
#922=VERTEX_POINT('',#3890);
#923=VERTEX_POINT('',#3901);
#924=VERTEX_POINT('',#3914);
#925=VERTEX_POINT('',#3923);
#926=VERTEX_POINT('',#3924);
#927=VERTEX_POINT('',#3926);
#928=VERTEX_POINT('',#3928);
#929=VERTEX_POINT('',#3932);
#930=VERTEX_POINT('',#3934);
#931=VERTEX_POINT('',#3938);
#932=VERTEX_POINT('',#3940);
#933=VERTEX_POINT('',#3944);
#934=VERTEX_POINT('',#3945);
#935=VERTEX_POINT('',#3965);
#936=VERTEX_POINT('',#3966);
#937=VERTEX_POINT('',#3971);
#938=VERTEX_POINT('',#3973);
#939=VERTEX_POINT('',#3975);
#940=VERTEX_POINT('',#3982);
#941=VERTEX_POINT('',#3993);
#942=VERTEX_POINT('',#3994);
#943=VERTEX_POINT('',#3996);
#944=VERTEX_POINT('',#3998);
#945=VERTEX_POINT('',#4000);
#946=VERTEX_POINT('',#4002);
#947=VERTEX_POINT('',#4029);
#948=VERTEX_POINT('',#4031);
#949=VERTEX_POINT('',#4035);
#950=VERTEX_POINT('',#4045);
#951=VERTEX_POINT('',#4055);
#952=VERTEX_POINT('',#4065);
#953=VERTEX_POINT('',#4067);
#954=VERTEX_POINT('',#4069);
#955=VERTEX_POINT('',#4071);
#956=VERTEX_POINT('',#4073);
#957=VERTEX_POINT('',#4075);
#958=VERTEX_POINT('',#4078);
#959=VERTEX_POINT('',#4080);
#960=VERTEX_POINT('',#4082);
#961=VERTEX_POINT('',#4086);
#962=VERTEX_POINT('',#4147);
#963=VERTEX_POINT('',#4197);
#964=VERTEX_POINT('',#4206);
#965=VERTEX_POINT('',#4210);
#966=VERTEX_POINT('',#4214);
#967=VERTEX_POINT('',#4218);
#968=VERTEX_POINT('',#4224);
#969=VERTEX_POINT('',#4231);
#970=VERTEX_POINT('',#4277);
#971=VERTEX_POINT('',#4314);
#972=VERTEX_POINT('',#4345);
#973=VERTEX_POINT('',#4352);
#974=VERTEX_POINT('',#4356);
#975=VERTEX_POINT('',#4360);
#976=VERTEX_POINT('',#4364);
#977=VERTEX_POINT('',#4368);
#978=VERTEX_POINT('',#4400);
#979=VERTEX_POINT('',#4401);
#980=VERTEX_POINT('',#4406);
#981=VERTEX_POINT('',#4407);
#982=VERTEX_POINT('',#4412);
#983=VERTEX_POINT('',#4416);
#984=VERTEX_POINT('',#4420);
#985=VERTEX_POINT('',#4424);
#986=VERTEX_POINT('',#4428);
#987=VERTEX_POINT('',#4432);
#988=VERTEX_POINT('',#4438);
#989=VERTEX_POINT('',#4442);
#990=VERTEX_POINT('',#4446);
#991=VERTEX_POINT('',#4450);
#992=VERTEX_POINT('',#4454);
#993=VERTEX_POINT('',#4458);
#994=VERTEX_POINT('',#4462);
#995=VERTEX_POINT('',#4466);
#996=EDGE_CURVE('',#800,#801,#742,.F.);
#997=EDGE_CURVE('',#801,#802,#498,.T.);
#998=EDGE_CURVE('',#802,#803,#362,.T.);
#999=EDGE_CURVE('',#800,#803,#499,.T.);
#1000=EDGE_CURVE('',#802,#804,#363,.T.);
#1001=EDGE_CURVE('',#804,#805,#364,.T.);
#1002=EDGE_CURVE('',#805,#803,#365,.F.);
#1003=EDGE_CURVE('',#804,#806,#500,.T.);
#1004=EDGE_CURVE('',#806,#807,#366,.T.);
#1005=EDGE_CURVE('',#805,#807,#501,.T.);
#1006=EDGE_CURVE('',#806,#808,#367,.T.);
#1007=EDGE_CURVE('',#808,#809,#368,.T.);
#1008=EDGE_CURVE('',#809,#807,#369,.F.);
#1009=EDGE_CURVE('',#810,#811,#743,.F.);
#1010=EDGE_CURVE('',#811,#809,#502,.F.);
#1011=EDGE_CURVE('',#808,#810,#503,.T.);
#1012=EDGE_CURVE('',#812,#813,#504,.T.);
#1013=EDGE_CURVE('',#813,#814,#505,.T.);
#1014=EDGE_CURVE('',#814,#815,#370,.T.);
#1015=EDGE_CURVE('',#815,#816,#506,.T.);
#1016=EDGE_CURVE('',#816,#817,#371,.T.);
#1017=EDGE_CURVE('',#817,#812,#507,.T.);
#1018=EDGE_CURVE('',#808,#814,#372,.T.);
#1019=EDGE_CURVE('',#806,#815,#373,.T.);
#1020=EDGE_CURVE('',#804,#816,#374,.T.);
#1021=EDGE_CURVE('',#802,#817,#375,.T.);
#1022=EDGE_CURVE('',#818,#819,#508,.T.);
#1023=EDGE_CURVE('',#820,#819,#376,.T.);
#1024=EDGE_CURVE('',#821,#820,#509,.T.);
#1025=EDGE_CURVE('',#818,#821,#377,.T.);
#1026=EDGE_CURVE('',#822,#823,#744,.T.);
#1027=EDGE_CURVE('',#823,#824,#745,.T.);
#1028=EDGE_CURVE('',#820,#824,#378,.T.);
#1029=EDGE_CURVE('',#819,#825,#746,.F.);
#1030=EDGE_CURVE('',#825,#822,#747,.F.);
#1031=EDGE_CURVE('',#801,#822,#748,.F.);
#1032=EDGE_CURVE('',#825,#812,#32,.F.);
#1033=EDGE_CURVE('',#826,#818,#749,.T.);
#1034=EDGE_CURVE('',#813,#826,#33,.T.);
#1035=EDGE_CURVE('',#827,#828,#379,.T.);
#1036=EDGE_CURVE('',#829,#828,#380,.T.);
#1037=EDGE_CURVE('',#829,#830,#381,.F.);
#1038=EDGE_CURVE('',#830,#827,#382,.T.);
#1039=EDGE_CURVE('',#831,#827,#510,.T.);
#1040=EDGE_CURVE('',#830,#832,#511,.F.);
#1041=EDGE_CURVE('',#832,#831,#383,.T.);
#1042=EDGE_CURVE('',#833,#831,#384,.T.);
#1043=EDGE_CURVE('',#832,#834,#385,.F.);
#1044=EDGE_CURVE('',#834,#833,#386,.T.);
#1045=EDGE_CURVE('',#835,#836,#750,.F.);
#1046=EDGE_CURVE('',#836,#833,#512,.T.);
#1047=EDGE_CURVE('',#835,#834,#513,.T.);
#1048=EDGE_CURVE('',#837,#838,#751,.T.);
#1049=EDGE_CURVE('',#838,#839,#752,.T.);
#1050=EDGE_CURVE('',#839,#840,#753,.F.);
#1051=EDGE_CURVE('',#840,#841,#754,.F.);
#1052=EDGE_CURVE('',#841,#842,#387,.T.);
#1053=EDGE_CURVE('',#837,#842,#388,.T.);
#1054=EDGE_CURVE('',#843,#844,#514,.T.);
#1055=EDGE_CURVE('',#844,#845,#515,.T.);
#1056=EDGE_CURVE('',#845,#846,#389,.T.);
#1057=EDGE_CURVE('',#846,#847,#516,.T.);
#1058=EDGE_CURVE('',#847,#848,#390,.T.);
#1059=EDGE_CURVE('',#848,#843,#517,.T.);
#1060=EDGE_CURVE('',#828,#845,#391,.T.);
#1061=EDGE_CURVE('',#827,#846,#392,.T.);
#1062=EDGE_CURVE('',#831,#847,#393,.T.);
#1063=EDGE_CURVE('',#833,#848,#394,.T.);
#1064=EDGE_CURVE('',#841,#849,#518,.T.);
#1065=EDGE_CURVE('',#850,#849,#395,.T.);
#1066=EDGE_CURVE('',#842,#850,#519,.T.);
#1067=EDGE_CURVE('',#851,#843,#34,.F.);
#1068=EDGE_CURVE('',#849,#851,#755,.T.);
#1069=EDGE_CURVE('',#844,#840,#35,.T.);
#1070=EDGE_CURVE('',#836,#852,#756,.F.);
#1071=EDGE_CURVE('',#851,#852,#757,.T.);
#1072=EDGE_CURVE('',#852,#853,#758,.T.);
#1073=EDGE_CURVE('',#850,#853,#396,.T.);
#1074=EDGE_CURVE('',#824,#854,#397,.T.);
#1075=EDGE_CURVE('',#854,#855,#520,.T.);
#1076=EDGE_CURVE('',#855,#856,#398,.T.);
#1077=EDGE_CURVE('',#856,#857,#521,.T.);
#1078=EDGE_CURVE('',#857,#837,#399,.T.);
#1079=EDGE_CURVE('',#853,#858,#522,.T.);
#1080=EDGE_CURVE('',#858,#859,#400,.T.);
#1081=EDGE_CURVE('',#859,#860,#523,.T.);
#1082=EDGE_CURVE('',#860,#861,#401,.T.);
#1083=EDGE_CURVE('',#861,#862,#524,.T.);
#1084=EDGE_CURVE('',#862,#821,#402,.T.);
#1085=EDGE_CURVE('',#862,#863,#759,.T.);
#1086=EDGE_CURVE('',#863,#826,#760,.F.);
#1087=EDGE_CURVE('',#863,#810,#761,.F.);
#1088=EDGE_CURVE('',#864,#835,#762,.T.);
#1089=EDGE_CURVE('',#864,#853,#403,.T.);
#1090=EDGE_CURVE('',#862,#865,#404,.T.);
#1091=EDGE_CURVE('',#811,#865,#763,.T.);
#1092=EDGE_CURVE('',#866,#864,#525,.T.);
#1093=EDGE_CURVE('',#866,#858,#405,.T.);
#1094=EDGE_CURVE('',#867,#866,#406,.T.);
#1095=EDGE_CURVE('',#867,#859,#407,.T.);
#1096=EDGE_CURVE('',#868,#867,#526,.T.);
#1097=EDGE_CURVE('',#868,#860,#408,.T.);
#1098=EDGE_CURVE('',#869,#868,#409,.T.);
#1099=EDGE_CURVE('',#869,#861,#410,.T.);
#1100=EDGE_CURVE('',#865,#869,#527,.T.);
#1101=EDGE_CURVE('',#839,#870,#764,.F.);
#1102=EDGE_CURVE('',#828,#870,#528,.T.);
#1103=EDGE_CURVE('',#870,#871,#765,.F.);
#1104=EDGE_CURVE('',#871,#829,#529,.F.);
#1105=EDGE_CURVE('',#838,#872,#766,.T.);
#1106=EDGE_CURVE('',#871,#872,#767,.T.);
#1107=EDGE_CURVE('',#873,#800,#768,.T.);
#1108=EDGE_CURVE('',#873,#823,#769,.T.);
#1109=EDGE_CURVE('',#837,#874,#411,.T.);
#1110=EDGE_CURVE('',#872,#874,#770,.T.);
#1111=EDGE_CURVE('',#857,#875,#412,.T.);
#1112=EDGE_CURVE('',#874,#875,#413,.T.);
#1113=EDGE_CURVE('',#856,#876,#414,.T.);
#1114=EDGE_CURVE('',#875,#876,#530,.T.);
#1115=EDGE_CURVE('',#855,#877,#415,.T.);
#1116=EDGE_CURVE('',#876,#877,#416,.T.);
#1117=EDGE_CURVE('',#854,#878,#417,.T.);
#1118=EDGE_CURVE('',#877,#878,#531,.T.);
#1119=EDGE_CURVE('',#824,#879,#418,.T.);
#1120=EDGE_CURVE('',#878,#879,#419,.T.);
#1121=EDGE_CURVE('',#879,#873,#771,.T.);
#1122=EDGE_CURVE('',#880,#881,#532,.T.);
#1123=EDGE_CURVE('',#868,#880,#533,.T.);
#1124=EDGE_CURVE('',#867,#881,#534,.T.);
#1125=EDGE_CURVE('',#882,#883,#535,.T.);
#1126=EDGE_CURVE('',#875,#882,#536,.T.);
#1127=EDGE_CURVE('',#876,#883,#537,.T.);
#1128=EDGE_CURVE('',#884,#882,#420,.T.);
#1129=EDGE_CURVE('',#872,#884,#538,.T.);
#1130=EDGE_CURVE('',#885,#884,#539,.T.);
#1131=EDGE_CURVE('',#829,#885,#540,.T.);
#1132=EDGE_CURVE('',#886,#885,#421,.T.);
#1133=EDGE_CURVE('',#830,#886,#541,.T.);
#1134=EDGE_CURVE('',#887,#886,#542,.T.);
#1135=EDGE_CURVE('',#832,#887,#543,.T.);
#1136=EDGE_CURVE('',#888,#887,#422,.T.);
#1137=EDGE_CURVE('',#834,#888,#544,.T.);
#1138=EDGE_CURVE('',#889,#888,#545,.T.);
#1139=EDGE_CURVE('',#866,#889,#546,.T.);
#1140=EDGE_CURVE('',#881,#889,#423,.T.);
#1141=EDGE_CURVE('',#890,#880,#424,.T.);
#1142=EDGE_CURVE('',#869,#890,#547,.T.);
#1143=EDGE_CURVE('',#891,#890,#548,.T.);
#1144=EDGE_CURVE('',#809,#891,#549,.T.);
#1145=EDGE_CURVE('',#892,#891,#425,.T.);
#1146=EDGE_CURVE('',#807,#892,#550,.T.);
#1147=EDGE_CURVE('',#893,#892,#551,.T.);
#1148=EDGE_CURVE('',#805,#893,#552,.T.);
#1149=EDGE_CURVE('',#894,#893,#426,.T.);
#1150=EDGE_CURVE('',#803,#894,#553,.T.);
#1151=EDGE_CURVE('',#895,#894,#554,.T.);
#1152=EDGE_CURVE('',#873,#895,#555,.T.);
#1153=EDGE_CURVE('',#896,#895,#427,.T.);
#1154=EDGE_CURVE('',#878,#896,#556,.T.);
#1155=EDGE_CURVE('',#897,#896,#557,.T.);
#1156=EDGE_CURVE('',#877,#897,#558,.T.);
#1157=EDGE_CURVE('',#883,#897,#428,.T.);
#1158=EDGE_CURVE('',#898,#899,#772,.T.);
#1159=EDGE_CURVE('',#898,#900,#559,.T.);
#1160=EDGE_CURVE('',#901,#900,#429,.T.);
#1161=EDGE_CURVE('',#899,#901,#560,.T.);
#1162=EDGE_CURVE('',#901,#902,#430,.T.);
#1163=EDGE_CURVE('',#903,#900,#431,.T.);
#1164=EDGE_CURVE('',#902,#903,#432,.T.);
#1165=EDGE_CURVE('',#902,#904,#561,.T.);
#1166=EDGE_CURVE('',#903,#905,#562,.T.);
#1167=EDGE_CURVE('',#904,#905,#433,.T.);
#1168=EDGE_CURVE('',#904,#906,#434,.T.);
#1169=EDGE_CURVE('',#907,#905,#435,.T.);
#1170=EDGE_CURVE('',#906,#907,#436,.T.);
#1171=EDGE_CURVE('',#908,#909,#773,.T.);
#1172=EDGE_CURVE('',#906,#908,#563,.T.);
#1173=EDGE_CURVE('',#909,#907,#564,.T.);
#1174=EDGE_CURVE('',#910,#911,#565,.T.);
#1175=EDGE_CURVE('',#912,#910,#566,.T.);
#1176=EDGE_CURVE('',#913,#912,#437,.T.);
#1177=EDGE_CURVE('',#914,#913,#567,.T.);
#1178=EDGE_CURVE('',#915,#914,#438,.T.);
#1179=EDGE_CURVE('',#911,#915,#568,.T.);
#1180=EDGE_CURVE('',#906,#915,#439,.T.);
#1181=EDGE_CURVE('',#904,#914,#440,.T.);
#1182=EDGE_CURVE('',#902,#913,#441,.T.);
#1183=EDGE_CURVE('',#901,#912,#442,.T.);
#1184=EDGE_CURVE('',#916,#917,#569,.T.);
#1185=EDGE_CURVE('',#916,#918,#443,.T.);
#1186=EDGE_CURVE('',#918,#919,#570,.T.);
#1187=EDGE_CURVE('',#919,#917,#444,.T.);
#1188=EDGE_CURVE('',#920,#921,#774,.T.);
#1189=EDGE_CURVE('',#922,#920,#775,.T.);
#1190=EDGE_CURVE('',#917,#922,#776,.T.);
#1191=EDGE_CURVE('',#919,#923,#445,.T.);
#1192=EDGE_CURVE('',#921,#923,#777,.T.);
#1193=EDGE_CURVE('',#899,#920,#778,.T.);
#1194=EDGE_CURVE('',#922,#910,#36,.T.);
#1195=EDGE_CURVE('',#911,#924,#37,.T.);
#1196=EDGE_CURVE('',#924,#916,#779,.T.);
#1197=EDGE_CURVE('',#925,#926,#446,.T.);
#1198=EDGE_CURVE('',#927,#925,#447,.T.);
#1199=EDGE_CURVE('',#928,#927,#448,.T.);
#1200=EDGE_CURVE('',#928,#926,#449,.T.);
#1201=EDGE_CURVE('',#929,#925,#571,.T.);
#1202=EDGE_CURVE('',#930,#929,#450,.T.);
#1203=EDGE_CURVE('',#927,#930,#572,.T.);
#1204=EDGE_CURVE('',#931,#929,#451,.T.);
#1205=EDGE_CURVE('',#932,#931,#452,.T.);
#1206=EDGE_CURVE('',#930,#932,#453,.T.);
#1207=EDGE_CURVE('',#933,#934,#780,.T.);
#1208=EDGE_CURVE('',#933,#932,#573,.T.);
#1209=EDGE_CURVE('',#934,#931,#574,.T.);
#1210=EDGE_CURVE('',#935,#936,#781,.T.);
#1211=EDGE_CURVE('',#935,#937,#454,.T.);
#1212=EDGE_CURVE('',#938,#937,#455,.T.);
#1213=EDGE_CURVE('',#939,#938,#782,.T.);
#1214=EDGE_CURVE('',#940,#939,#783,.T.);
#1215=EDGE_CURVE('',#936,#940,#784,.T.);
#1216=EDGE_CURVE('',#941,#942,#575,.T.);
#1217=EDGE_CURVE('',#943,#941,#576,.T.);
#1218=EDGE_CURVE('',#944,#943,#456,.T.);
#1219=EDGE_CURVE('',#945,#944,#577,.T.);
#1220=EDGE_CURVE('',#946,#945,#457,.T.);
#1221=EDGE_CURVE('',#942,#946,#578,.T.);
#1222=EDGE_CURVE('',#926,#946,#458,.T.);
#1223=EDGE_CURVE('',#925,#945,#459,.T.);
#1224=EDGE_CURVE('',#929,#944,#460,.T.);
#1225=EDGE_CURVE('',#931,#943,#461,.T.);
#1226=EDGE_CURVE('',#938,#947,#579,.T.);
#1227=EDGE_CURVE('',#937,#948,#580,.T.);
#1228=EDGE_CURVE('',#948,#947,#462,.T.);
#1229=EDGE_CURVE('',#949,#941,#38,.T.);
#1230=EDGE_CURVE('',#942,#939,#39,.T.);
#1231=EDGE_CURVE('',#947,#949,#785,.T.);
#1232=EDGE_CURVE('',#934,#950,#786,.T.);
#1233=EDGE_CURVE('',#949,#950,#787,.T.);
#1234=EDGE_CURVE('',#950,#951,#788,.T.);
#1235=EDGE_CURVE('',#948,#951,#463,.T.);
#1236=EDGE_CURVE('',#923,#952,#464,.T.);
#1237=EDGE_CURVE('',#953,#918,#465,.T.);
#1238=EDGE_CURVE('',#954,#953,#581,.T.);
#1239=EDGE_CURVE('',#955,#954,#466,.T.);
#1240=EDGE_CURVE('',#956,#955,#582,.T.);
#1241=EDGE_CURVE('',#957,#956,#467,.T.);
#1242=EDGE_CURVE('',#951,#957,#583,.T.);
#1243=EDGE_CURVE('',#958,#935,#468,.T.);
#1244=EDGE_CURVE('',#959,#958,#584,.T.);
#1245=EDGE_CURVE('',#960,#959,#469,.T.);
#1246=EDGE_CURVE('',#952,#960,#585,.T.);
#1247=EDGE_CURVE('',#953,#961,#789,.T.);
#1248=EDGE_CURVE('',#961,#924,#790,.T.);
#1249=EDGE_CURVE('',#961,#908,#791,.T.);
#1250=EDGE_CURVE('',#962,#951,#470,.T.);
#1251=EDGE_CURVE('',#962,#933,#792,.T.);
#1252=EDGE_CURVE('',#909,#963,#793,.T.);
#1253=EDGE_CURVE('',#953,#963,#471,.T.);
#1254=EDGE_CURVE('',#964,#957,#472,.T.);
#1255=EDGE_CURVE('',#964,#962,#586,.T.);
#1256=EDGE_CURVE('',#965,#956,#473,.T.);
#1257=EDGE_CURVE('',#965,#964,#474,.T.);
#1258=EDGE_CURVE('',#966,#955,#475,.T.);
#1259=EDGE_CURVE('',#966,#965,#587,.T.);
#1260=EDGE_CURVE('',#967,#954,#476,.T.);
#1261=EDGE_CURVE('',#967,#966,#477,.T.);
#1262=EDGE_CURVE('',#963,#967,#588,.T.);
#1263=EDGE_CURVE('',#940,#968,#794,.T.);
#1264=EDGE_CURVE('',#926,#968,#589,.T.);
#1265=EDGE_CURVE('',#968,#969,#795,.T.);
#1266=EDGE_CURVE('',#969,#928,#590,.T.);
#1267=EDGE_CURVE('',#969,#970,#796,.T.);
#1268=EDGE_CURVE('',#936,#970,#478,.T.);
#1269=EDGE_CURVE('',#971,#921,#479,.T.);
#1270=EDGE_CURVE('',#971,#898,#797,.T.);
#1271=EDGE_CURVE('',#970,#972,#798,.T.);
#1272=EDGE_CURVE('',#935,#972,#480,.T.);
#1273=EDGE_CURVE('',#972,#973,#481,.T.);
#1274=EDGE_CURVE('',#958,#973,#482,.T.);
#1275=EDGE_CURVE('',#973,#974,#591,.T.);
#1276=EDGE_CURVE('',#959,#974,#483,.T.);
#1277=EDGE_CURVE('',#974,#975,#484,.T.);
#1278=EDGE_CURVE('',#960,#975,#485,.T.);
#1279=EDGE_CURVE('',#975,#976,#592,.T.);
#1280=EDGE_CURVE('',#952,#976,#486,.T.);
#1281=EDGE_CURVE('',#976,#977,#487,.T.);
#1282=EDGE_CURVE('',#923,#977,#488,.T.);
#1283=EDGE_CURVE('',#977,#971,#799,.T.);
#1284=EDGE_CURVE('',#978,#979,#593,.T.);
#1285=EDGE_CURVE('',#965,#978,#594,.T.);
#1286=EDGE_CURVE('',#966,#979,#595,.T.);
#1287=EDGE_CURVE('',#980,#981,#596,.T.);
#1288=EDGE_CURVE('',#974,#980,#597,.T.);
#1289=EDGE_CURVE('',#973,#981,#598,.T.);
#1290=EDGE_CURVE('',#981,#982,#489,.T.);
#1291=EDGE_CURVE('',#970,#982,#599,.T.);
#1292=EDGE_CURVE('',#982,#983,#600,.T.);
#1293=EDGE_CURVE('',#928,#983,#601,.T.);
#1294=EDGE_CURVE('',#983,#984,#490,.T.);
#1295=EDGE_CURVE('',#927,#984,#602,.T.);
#1296=EDGE_CURVE('',#984,#985,#603,.T.);
#1297=EDGE_CURVE('',#930,#985,#604,.T.);
#1298=EDGE_CURVE('',#985,#986,#491,.T.);
#1299=EDGE_CURVE('',#932,#986,#605,.T.);
#1300=EDGE_CURVE('',#986,#987,#606,.T.);
#1301=EDGE_CURVE('',#964,#987,#607,.T.);
#1302=EDGE_CURVE('',#987,#978,#492,.T.);
#1303=EDGE_CURVE('',#979,#988,#493,.T.);
#1304=EDGE_CURVE('',#967,#988,#608,.T.);
#1305=EDGE_CURVE('',#988,#989,#609,.T.);
#1306=EDGE_CURVE('',#907,#989,#610,.T.);
#1307=EDGE_CURVE('',#989,#990,#494,.T.);
#1308=EDGE_CURVE('',#905,#990,#611,.T.);
#1309=EDGE_CURVE('',#990,#991,#612,.T.);
#1310=EDGE_CURVE('',#903,#991,#613,.T.);
#1311=EDGE_CURVE('',#991,#992,#495,.T.);
#1312=EDGE_CURVE('',#900,#992,#614,.T.);
#1313=EDGE_CURVE('',#992,#993,#615,.T.);
#1314=EDGE_CURVE('',#971,#993,#616,.T.);
#1315=EDGE_CURVE('',#993,#994,#496,.T.);
#1316=EDGE_CURVE('',#976,#994,#617,.T.);
#1317=EDGE_CURVE('',#994,#995,#618,.T.);
#1318=EDGE_CURVE('',#975,#995,#619,.T.);
#1319=EDGE_CURVE('',#995,#980,#497,.T.);
#1320=ORIENTED_EDGE('',*,*,#996,.T.);
#1321=ORIENTED_EDGE('',*,*,#997,.T.);
#1322=ORIENTED_EDGE('',*,*,#998,.T.);
#1323=ORIENTED_EDGE('',*,*,#999,.F.);
#1324=ORIENTED_EDGE('',*,*,#1000,.T.);
#1325=ORIENTED_EDGE('',*,*,#1001,.T.);
#1326=ORIENTED_EDGE('',*,*,#1002,.T.);
#1327=ORIENTED_EDGE('',*,*,#998,.F.);
#1328=ORIENTED_EDGE('',*,*,#1003,.T.);
#1329=ORIENTED_EDGE('',*,*,#1004,.T.);
#1330=ORIENTED_EDGE('',*,*,#1005,.F.);
#1331=ORIENTED_EDGE('',*,*,#1001,.F.);
#1332=ORIENTED_EDGE('',*,*,#1006,.T.);
#1333=ORIENTED_EDGE('',*,*,#1007,.T.);
#1334=ORIENTED_EDGE('',*,*,#1008,.T.);
#1335=ORIENTED_EDGE('',*,*,#1004,.F.);
#1336=ORIENTED_EDGE('',*,*,#1009,.T.);
#1337=ORIENTED_EDGE('',*,*,#1010,.T.);
#1338=ORIENTED_EDGE('',*,*,#1007,.F.);
#1339=ORIENTED_EDGE('',*,*,#1011,.T.);
#1340=ORIENTED_EDGE('',*,*,#1012,.T.);
#1341=ORIENTED_EDGE('',*,*,#1013,.T.);
#1342=ORIENTED_EDGE('',*,*,#1014,.T.);
#1343=ORIENTED_EDGE('',*,*,#1015,.T.);
#1344=ORIENTED_EDGE('',*,*,#1016,.T.);
#1345=ORIENTED_EDGE('',*,*,#1017,.T.);
#1346=ORIENTED_EDGE('',*,*,#1018,.F.);
#1347=ORIENTED_EDGE('',*,*,#1006,.F.);
#1348=ORIENTED_EDGE('',*,*,#1019,.T.);
#1349=ORIENTED_EDGE('',*,*,#1014,.F.);
#1350=ORIENTED_EDGE('',*,*,#1019,.F.);
#1351=ORIENTED_EDGE('',*,*,#1003,.F.);
#1352=ORIENTED_EDGE('',*,*,#1020,.T.);
#1353=ORIENTED_EDGE('',*,*,#1015,.F.);
#1354=ORIENTED_EDGE('',*,*,#1020,.F.);
#1355=ORIENTED_EDGE('',*,*,#1000,.F.);
#1356=ORIENTED_EDGE('',*,*,#1021,.T.);
#1357=ORIENTED_EDGE('',*,*,#1016,.F.);
#1358=ORIENTED_EDGE('',*,*,#1022,.T.);
#1359=ORIENTED_EDGE('',*,*,#1023,.F.);
#1360=ORIENTED_EDGE('',*,*,#1024,.F.);
#1361=ORIENTED_EDGE('',*,*,#1025,.F.);
#1362=ORIENTED_EDGE('',*,*,#1026,.T.);
#1363=ORIENTED_EDGE('',*,*,#1027,.T.);
#1364=ORIENTED_EDGE('',*,*,#1028,.F.);
#1365=ORIENTED_EDGE('',*,*,#1023,.T.);
#1366=ORIENTED_EDGE('',*,*,#1029,.T.);
#1367=ORIENTED_EDGE('',*,*,#1030,.T.);
#1368=ORIENTED_EDGE('',*,*,#1031,.T.);
#1369=ORIENTED_EDGE('',*,*,#1030,.F.);
#1370=ORIENTED_EDGE('',*,*,#1032,.T.);
#1371=ORIENTED_EDGE('',*,*,#1017,.F.);
#1372=ORIENTED_EDGE('',*,*,#1021,.F.);
#1373=ORIENTED_EDGE('',*,*,#997,.F.);
#1374=ORIENTED_EDGE('',*,*,#1032,.F.);
#1375=ORIENTED_EDGE('',*,*,#1029,.F.);
#1376=ORIENTED_EDGE('',*,*,#1022,.F.);
#1377=ORIENTED_EDGE('',*,*,#1033,.F.);
#1378=ORIENTED_EDGE('',*,*,#1034,.F.);
#1379=ORIENTED_EDGE('',*,*,#1012,.F.);
#1380=ORIENTED_EDGE('',*,*,#1035,.T.);
#1381=ORIENTED_EDGE('',*,*,#1036,.F.);
#1382=ORIENTED_EDGE('',*,*,#1037,.T.);
#1383=ORIENTED_EDGE('',*,*,#1038,.T.);
#1384=ORIENTED_EDGE('',*,*,#1039,.T.);
#1385=ORIENTED_EDGE('',*,*,#1038,.F.);
#1386=ORIENTED_EDGE('',*,*,#1040,.T.);
#1387=ORIENTED_EDGE('',*,*,#1041,.T.);
#1388=ORIENTED_EDGE('',*,*,#1042,.T.);
#1389=ORIENTED_EDGE('',*,*,#1041,.F.);
#1390=ORIENTED_EDGE('',*,*,#1043,.T.);
#1391=ORIENTED_EDGE('',*,*,#1044,.T.);
#1392=ORIENTED_EDGE('',*,*,#1045,.T.);
#1393=ORIENTED_EDGE('',*,*,#1046,.T.);
#1394=ORIENTED_EDGE('',*,*,#1044,.F.);
#1395=ORIENTED_EDGE('',*,*,#1047,.F.);
#1396=ORIENTED_EDGE('',*,*,#1048,.T.);
#1397=ORIENTED_EDGE('',*,*,#1049,.T.);
#1398=ORIENTED_EDGE('',*,*,#1050,.T.);
#1399=ORIENTED_EDGE('',*,*,#1051,.T.);
#1400=ORIENTED_EDGE('',*,*,#1052,.T.);
#1401=ORIENTED_EDGE('',*,*,#1053,.F.);
#1402=ORIENTED_EDGE('',*,*,#1054,.T.);
#1403=ORIENTED_EDGE('',*,*,#1055,.T.);
#1404=ORIENTED_EDGE('',*,*,#1056,.T.);
#1405=ORIENTED_EDGE('',*,*,#1057,.T.);
#1406=ORIENTED_EDGE('',*,*,#1058,.T.);
#1407=ORIENTED_EDGE('',*,*,#1059,.T.);
#1408=ORIENTED_EDGE('',*,*,#1060,.F.);
#1409=ORIENTED_EDGE('',*,*,#1035,.F.);
#1410=ORIENTED_EDGE('',*,*,#1061,.T.);
#1411=ORIENTED_EDGE('',*,*,#1056,.F.);
#1412=ORIENTED_EDGE('',*,*,#1061,.F.);
#1413=ORIENTED_EDGE('',*,*,#1039,.F.);
#1414=ORIENTED_EDGE('',*,*,#1062,.T.);
#1415=ORIENTED_EDGE('',*,*,#1057,.F.);
#1416=ORIENTED_EDGE('',*,*,#1062,.F.);
#1417=ORIENTED_EDGE('',*,*,#1042,.F.);
#1418=ORIENTED_EDGE('',*,*,#1063,.T.);
#1419=ORIENTED_EDGE('',*,*,#1058,.F.);
#1420=ORIENTED_EDGE('',*,*,#1064,.T.);
#1421=ORIENTED_EDGE('',*,*,#1065,.F.);
#1422=ORIENTED_EDGE('',*,*,#1066,.F.);
#1423=ORIENTED_EDGE('',*,*,#1052,.F.);
#1424=ORIENTED_EDGE('',*,*,#1067,.F.);
#1425=ORIENTED_EDGE('',*,*,#1068,.F.);
#1426=ORIENTED_EDGE('',*,*,#1064,.F.);
#1427=ORIENTED_EDGE('',*,*,#1051,.F.);
#1428=ORIENTED_EDGE('',*,*,#1069,.F.);
#1429=ORIENTED_EDGE('',*,*,#1054,.F.);
#1430=ORIENTED_EDGE('',*,*,#1070,.T.);
#1431=ORIENTED_EDGE('',*,*,#1071,.F.);
#1432=ORIENTED_EDGE('',*,*,#1067,.T.);
#1433=ORIENTED_EDGE('',*,*,#1059,.F.);
#1434=ORIENTED_EDGE('',*,*,#1063,.F.);
#1435=ORIENTED_EDGE('',*,*,#1046,.F.);
#1436=ORIENTED_EDGE('',*,*,#1072,.T.);
#1437=ORIENTED_EDGE('',*,*,#1073,.F.);
#1438=ORIENTED_EDGE('',*,*,#1065,.T.);
#1439=ORIENTED_EDGE('',*,*,#1068,.T.);
#1440=ORIENTED_EDGE('',*,*,#1071,.T.);
#1441=ORIENTED_EDGE('',*,*,#1074,.T.);
#1442=ORIENTED_EDGE('',*,*,#1075,.T.);
#1443=ORIENTED_EDGE('',*,*,#1076,.T.);
#1444=ORIENTED_EDGE('',*,*,#1077,.T.);
#1445=ORIENTED_EDGE('',*,*,#1078,.T.);
#1446=ORIENTED_EDGE('',*,*,#1053,.T.);
#1447=ORIENTED_EDGE('',*,*,#1066,.T.);
#1448=ORIENTED_EDGE('',*,*,#1073,.T.);
#1449=ORIENTED_EDGE('',*,*,#1079,.T.);
#1450=ORIENTED_EDGE('',*,*,#1080,.T.);
#1451=ORIENTED_EDGE('',*,*,#1081,.T.);
#1452=ORIENTED_EDGE('',*,*,#1082,.T.);
#1453=ORIENTED_EDGE('',*,*,#1083,.T.);
#1454=ORIENTED_EDGE('',*,*,#1084,.T.);
#1455=ORIENTED_EDGE('',*,*,#1024,.T.);
#1456=ORIENTED_EDGE('',*,*,#1028,.T.);
#1457=ORIENTED_EDGE('',*,*,#1085,.T.);
#1458=ORIENTED_EDGE('',*,*,#1086,.T.);
#1459=ORIENTED_EDGE('',*,*,#1033,.T.);
#1460=ORIENTED_EDGE('',*,*,#1025,.T.);
#1461=ORIENTED_EDGE('',*,*,#1084,.F.);
#1462=ORIENTED_EDGE('',*,*,#1087,.T.);
#1463=ORIENTED_EDGE('',*,*,#1011,.F.);
#1464=ORIENTED_EDGE('',*,*,#1018,.T.);
#1465=ORIENTED_EDGE('',*,*,#1013,.F.);
#1466=ORIENTED_EDGE('',*,*,#1034,.T.);
#1467=ORIENTED_EDGE('',*,*,#1086,.F.);
#1468=ORIENTED_EDGE('',*,*,#1070,.F.);
#1469=ORIENTED_EDGE('',*,*,#1045,.F.);
#1470=ORIENTED_EDGE('',*,*,#1088,.F.);
#1471=ORIENTED_EDGE('',*,*,#1089,.T.);
#1472=ORIENTED_EDGE('',*,*,#1072,.F.);
#1473=ORIENTED_EDGE('',*,*,#1009,.F.);
#1474=ORIENTED_EDGE('',*,*,#1087,.F.);
#1475=ORIENTED_EDGE('',*,*,#1085,.F.);
#1476=ORIENTED_EDGE('',*,*,#1090,.T.);
#1477=ORIENTED_EDGE('',*,*,#1091,.F.);
#1478=ORIENTED_EDGE('',*,*,#1089,.F.);
#1479=ORIENTED_EDGE('',*,*,#1092,.F.);
#1480=ORIENTED_EDGE('',*,*,#1093,.T.);
#1481=ORIENTED_EDGE('',*,*,#1079,.F.);
#1482=ORIENTED_EDGE('',*,*,#1093,.F.);
#1483=ORIENTED_EDGE('',*,*,#1094,.F.);
#1484=ORIENTED_EDGE('',*,*,#1095,.T.);
#1485=ORIENTED_EDGE('',*,*,#1080,.F.);
#1486=ORIENTED_EDGE('',*,*,#1095,.F.);
#1487=ORIENTED_EDGE('',*,*,#1096,.F.);
#1488=ORIENTED_EDGE('',*,*,#1097,.T.);
#1489=ORIENTED_EDGE('',*,*,#1081,.F.);
#1490=ORIENTED_EDGE('',*,*,#1097,.F.);
#1491=ORIENTED_EDGE('',*,*,#1098,.F.);
#1492=ORIENTED_EDGE('',*,*,#1099,.T.);
#1493=ORIENTED_EDGE('',*,*,#1082,.F.);
#1494=ORIENTED_EDGE('',*,*,#1099,.F.);
#1495=ORIENTED_EDGE('',*,*,#1100,.F.);
#1496=ORIENTED_EDGE('',*,*,#1090,.F.);
#1497=ORIENTED_EDGE('',*,*,#1083,.F.);
#1498=ORIENTED_EDGE('',*,*,#1101,.T.);
#1499=ORIENTED_EDGE('',*,*,#1102,.F.);
#1500=ORIENTED_EDGE('',*,*,#1060,.T.);
#1501=ORIENTED_EDGE('',*,*,#1055,.F.);
#1502=ORIENTED_EDGE('',*,*,#1069,.T.);
#1503=ORIENTED_EDGE('',*,*,#1050,.F.);
#1504=ORIENTED_EDGE('',*,*,#1103,.T.);
#1505=ORIENTED_EDGE('',*,*,#1104,.T.);
#1506=ORIENTED_EDGE('',*,*,#1036,.T.);
#1507=ORIENTED_EDGE('',*,*,#1102,.T.);
#1508=ORIENTED_EDGE('',*,*,#1103,.F.);
#1509=ORIENTED_EDGE('',*,*,#1101,.F.);
#1510=ORIENTED_EDGE('',*,*,#1049,.F.);
#1511=ORIENTED_EDGE('',*,*,#1105,.T.);
#1512=ORIENTED_EDGE('',*,*,#1106,.F.);
#1513=ORIENTED_EDGE('',*,*,#1031,.F.);
#1514=ORIENTED_EDGE('',*,*,#996,.F.);
#1515=ORIENTED_EDGE('',*,*,#1107,.F.);
#1516=ORIENTED_EDGE('',*,*,#1108,.T.);
#1517=ORIENTED_EDGE('',*,*,#1026,.F.);
#1518=ORIENTED_EDGE('',*,*,#1105,.F.);
#1519=ORIENTED_EDGE('',*,*,#1048,.F.);
#1520=ORIENTED_EDGE('',*,*,#1109,.T.);
#1521=ORIENTED_EDGE('',*,*,#1110,.F.);
#1522=ORIENTED_EDGE('',*,*,#1109,.F.);
#1523=ORIENTED_EDGE('',*,*,#1078,.F.);
#1524=ORIENTED_EDGE('',*,*,#1111,.T.);
#1525=ORIENTED_EDGE('',*,*,#1112,.F.);
#1526=ORIENTED_EDGE('',*,*,#1111,.F.);
#1527=ORIENTED_EDGE('',*,*,#1077,.F.);
#1528=ORIENTED_EDGE('',*,*,#1113,.T.);
#1529=ORIENTED_EDGE('',*,*,#1114,.F.);
#1530=ORIENTED_EDGE('',*,*,#1113,.F.);
#1531=ORIENTED_EDGE('',*,*,#1076,.F.);
#1532=ORIENTED_EDGE('',*,*,#1115,.T.);
#1533=ORIENTED_EDGE('',*,*,#1116,.F.);
#1534=ORIENTED_EDGE('',*,*,#1115,.F.);
#1535=ORIENTED_EDGE('',*,*,#1075,.F.);
#1536=ORIENTED_EDGE('',*,*,#1117,.T.);
#1537=ORIENTED_EDGE('',*,*,#1118,.F.);
#1538=ORIENTED_EDGE('',*,*,#1117,.F.);
#1539=ORIENTED_EDGE('',*,*,#1074,.F.);
#1540=ORIENTED_EDGE('',*,*,#1119,.T.);
#1541=ORIENTED_EDGE('',*,*,#1120,.F.);
#1542=ORIENTED_EDGE('',*,*,#1108,.F.);
#1543=ORIENTED_EDGE('',*,*,#1121,.F.);
#1544=ORIENTED_EDGE('',*,*,#1119,.F.);
#1545=ORIENTED_EDGE('',*,*,#1027,.F.);
#1546=ORIENTED_EDGE('',*,*,#1122,.F.);
#1547=ORIENTED_EDGE('',*,*,#1123,.F.);
#1548=ORIENTED_EDGE('',*,*,#1096,.T.);
#1549=ORIENTED_EDGE('',*,*,#1124,.T.);
#1550=ORIENTED_EDGE('',*,*,#1125,.F.);
#1551=ORIENTED_EDGE('',*,*,#1126,.F.);
#1552=ORIENTED_EDGE('',*,*,#1114,.T.);
#1553=ORIENTED_EDGE('',*,*,#1127,.T.);
#1554=ORIENTED_EDGE('',*,*,#1128,.F.);
#1555=ORIENTED_EDGE('',*,*,#1129,.F.);
#1556=ORIENTED_EDGE('',*,*,#1110,.T.);
#1557=ORIENTED_EDGE('',*,*,#1112,.T.);
#1558=ORIENTED_EDGE('',*,*,#1126,.T.);
#1559=ORIENTED_EDGE('',*,*,#1130,.F.);
#1560=ORIENTED_EDGE('',*,*,#1131,.F.);
#1561=ORIENTED_EDGE('',*,*,#1104,.F.);
#1562=ORIENTED_EDGE('',*,*,#1106,.T.);
#1563=ORIENTED_EDGE('',*,*,#1129,.T.);
#1564=ORIENTED_EDGE('',*,*,#1132,.F.);
#1565=ORIENTED_EDGE('',*,*,#1133,.F.);
#1566=ORIENTED_EDGE('',*,*,#1037,.F.);
#1567=ORIENTED_EDGE('',*,*,#1131,.T.);
#1568=ORIENTED_EDGE('',*,*,#1134,.F.);
#1569=ORIENTED_EDGE('',*,*,#1135,.F.);
#1570=ORIENTED_EDGE('',*,*,#1040,.F.);
#1571=ORIENTED_EDGE('',*,*,#1133,.T.);
#1572=ORIENTED_EDGE('',*,*,#1136,.F.);
#1573=ORIENTED_EDGE('',*,*,#1137,.F.);
#1574=ORIENTED_EDGE('',*,*,#1043,.F.);
#1575=ORIENTED_EDGE('',*,*,#1135,.T.);
#1576=ORIENTED_EDGE('',*,*,#1138,.F.);
#1577=ORIENTED_EDGE('',*,*,#1139,.F.);
#1578=ORIENTED_EDGE('',*,*,#1092,.T.);
#1579=ORIENTED_EDGE('',*,*,#1088,.T.);
#1580=ORIENTED_EDGE('',*,*,#1047,.T.);
#1581=ORIENTED_EDGE('',*,*,#1137,.T.);
#1582=ORIENTED_EDGE('',*,*,#1140,.F.);
#1583=ORIENTED_EDGE('',*,*,#1124,.F.);
#1584=ORIENTED_EDGE('',*,*,#1094,.T.);
#1585=ORIENTED_EDGE('',*,*,#1139,.T.);
#1586=ORIENTED_EDGE('',*,*,#1141,.F.);
#1587=ORIENTED_EDGE('',*,*,#1142,.F.);
#1588=ORIENTED_EDGE('',*,*,#1098,.T.);
#1589=ORIENTED_EDGE('',*,*,#1123,.T.);
#1590=ORIENTED_EDGE('',*,*,#1143,.F.);
#1591=ORIENTED_EDGE('',*,*,#1144,.F.);
#1592=ORIENTED_EDGE('',*,*,#1010,.F.);
#1593=ORIENTED_EDGE('',*,*,#1091,.T.);
#1594=ORIENTED_EDGE('',*,*,#1100,.T.);
#1595=ORIENTED_EDGE('',*,*,#1142,.T.);
#1596=ORIENTED_EDGE('',*,*,#1145,.F.);
#1597=ORIENTED_EDGE('',*,*,#1146,.F.);
#1598=ORIENTED_EDGE('',*,*,#1008,.F.);
#1599=ORIENTED_EDGE('',*,*,#1144,.T.);
#1600=ORIENTED_EDGE('',*,*,#1147,.F.);
#1601=ORIENTED_EDGE('',*,*,#1148,.F.);
#1602=ORIENTED_EDGE('',*,*,#1005,.T.);
#1603=ORIENTED_EDGE('',*,*,#1146,.T.);
#1604=ORIENTED_EDGE('',*,*,#1149,.F.);
#1605=ORIENTED_EDGE('',*,*,#1150,.F.);
#1606=ORIENTED_EDGE('',*,*,#1002,.F.);
#1607=ORIENTED_EDGE('',*,*,#1148,.T.);
#1608=ORIENTED_EDGE('',*,*,#1151,.F.);
#1609=ORIENTED_EDGE('',*,*,#1152,.F.);
#1610=ORIENTED_EDGE('',*,*,#1107,.T.);
#1611=ORIENTED_EDGE('',*,*,#999,.T.);
#1612=ORIENTED_EDGE('',*,*,#1150,.T.);
#1613=ORIENTED_EDGE('',*,*,#1153,.F.);
#1614=ORIENTED_EDGE('',*,*,#1154,.F.);
#1615=ORIENTED_EDGE('',*,*,#1120,.T.);
#1616=ORIENTED_EDGE('',*,*,#1121,.T.);
#1617=ORIENTED_EDGE('',*,*,#1152,.T.);
#1618=ORIENTED_EDGE('',*,*,#1155,.F.);
#1619=ORIENTED_EDGE('',*,*,#1156,.F.);
#1620=ORIENTED_EDGE('',*,*,#1118,.T.);
#1621=ORIENTED_EDGE('',*,*,#1154,.T.);
#1622=ORIENTED_EDGE('',*,*,#1157,.F.);
#1623=ORIENTED_EDGE('',*,*,#1127,.F.);
#1624=ORIENTED_EDGE('',*,*,#1116,.T.);
#1625=ORIENTED_EDGE('',*,*,#1156,.T.);
#1626=ORIENTED_EDGE('',*,*,#1158,.F.);
#1627=ORIENTED_EDGE('',*,*,#1159,.T.);
#1628=ORIENTED_EDGE('',*,*,#1160,.F.);
#1629=ORIENTED_EDGE('',*,*,#1161,.F.);
#1630=ORIENTED_EDGE('',*,*,#1162,.F.);
#1631=ORIENTED_EDGE('',*,*,#1160,.T.);
#1632=ORIENTED_EDGE('',*,*,#1163,.F.);
#1633=ORIENTED_EDGE('',*,*,#1164,.F.);
#1634=ORIENTED_EDGE('',*,*,#1165,.F.);
#1635=ORIENTED_EDGE('',*,*,#1164,.T.);
#1636=ORIENTED_EDGE('',*,*,#1166,.T.);
#1637=ORIENTED_EDGE('',*,*,#1167,.F.);
#1638=ORIENTED_EDGE('',*,*,#1168,.F.);
#1639=ORIENTED_EDGE('',*,*,#1167,.T.);
#1640=ORIENTED_EDGE('',*,*,#1169,.F.);
#1641=ORIENTED_EDGE('',*,*,#1170,.F.);
#1642=ORIENTED_EDGE('',*,*,#1171,.F.);
#1643=ORIENTED_EDGE('',*,*,#1172,.F.);
#1644=ORIENTED_EDGE('',*,*,#1170,.T.);
#1645=ORIENTED_EDGE('',*,*,#1173,.F.);
#1646=ORIENTED_EDGE('',*,*,#1174,.F.);
#1647=ORIENTED_EDGE('',*,*,#1175,.F.);
#1648=ORIENTED_EDGE('',*,*,#1176,.F.);
#1649=ORIENTED_EDGE('',*,*,#1177,.F.);
#1650=ORIENTED_EDGE('',*,*,#1178,.F.);
#1651=ORIENTED_EDGE('',*,*,#1179,.F.);
#1652=ORIENTED_EDGE('',*,*,#1180,.T.);
#1653=ORIENTED_EDGE('',*,*,#1178,.T.);
#1654=ORIENTED_EDGE('',*,*,#1181,.F.);
#1655=ORIENTED_EDGE('',*,*,#1168,.T.);
#1656=ORIENTED_EDGE('',*,*,#1181,.T.);
#1657=ORIENTED_EDGE('',*,*,#1177,.T.);
#1658=ORIENTED_EDGE('',*,*,#1182,.F.);
#1659=ORIENTED_EDGE('',*,*,#1165,.T.);
#1660=ORIENTED_EDGE('',*,*,#1182,.T.);
#1661=ORIENTED_EDGE('',*,*,#1176,.T.);
#1662=ORIENTED_EDGE('',*,*,#1183,.F.);
#1663=ORIENTED_EDGE('',*,*,#1162,.T.);
#1664=ORIENTED_EDGE('',*,*,#1184,.F.);
#1665=ORIENTED_EDGE('',*,*,#1185,.T.);
#1666=ORIENTED_EDGE('',*,*,#1186,.T.);
#1667=ORIENTED_EDGE('',*,*,#1187,.T.);
#1668=ORIENTED_EDGE('',*,*,#1188,.F.);
#1669=ORIENTED_EDGE('',*,*,#1189,.F.);
#1670=ORIENTED_EDGE('',*,*,#1190,.F.);
#1671=ORIENTED_EDGE('',*,*,#1187,.F.);
#1672=ORIENTED_EDGE('',*,*,#1191,.T.);
#1673=ORIENTED_EDGE('',*,*,#1192,.F.);
#1674=ORIENTED_EDGE('',*,*,#1193,.F.);
#1675=ORIENTED_EDGE('',*,*,#1161,.T.);
#1676=ORIENTED_EDGE('',*,*,#1183,.T.);
#1677=ORIENTED_EDGE('',*,*,#1175,.T.);
#1678=ORIENTED_EDGE('',*,*,#1194,.F.);
#1679=ORIENTED_EDGE('',*,*,#1189,.T.);
#1680=ORIENTED_EDGE('',*,*,#1194,.T.);
#1681=ORIENTED_EDGE('',*,*,#1174,.T.);
#1682=ORIENTED_EDGE('',*,*,#1195,.T.);
#1683=ORIENTED_EDGE('',*,*,#1196,.T.);
#1684=ORIENTED_EDGE('',*,*,#1184,.T.);
#1685=ORIENTED_EDGE('',*,*,#1190,.T.);
#1686=ORIENTED_EDGE('',*,*,#1197,.F.);
#1687=ORIENTED_EDGE('',*,*,#1198,.F.);
#1688=ORIENTED_EDGE('',*,*,#1199,.F.);
#1689=ORIENTED_EDGE('',*,*,#1200,.T.);
#1690=ORIENTED_EDGE('',*,*,#1201,.F.);
#1691=ORIENTED_EDGE('',*,*,#1202,.F.);
#1692=ORIENTED_EDGE('',*,*,#1203,.F.);
#1693=ORIENTED_EDGE('',*,*,#1198,.T.);
#1694=ORIENTED_EDGE('',*,*,#1204,.F.);
#1695=ORIENTED_EDGE('',*,*,#1205,.F.);
#1696=ORIENTED_EDGE('',*,*,#1206,.F.);
#1697=ORIENTED_EDGE('',*,*,#1202,.T.);
#1698=ORIENTED_EDGE('',*,*,#1207,.F.);
#1699=ORIENTED_EDGE('',*,*,#1208,.T.);
#1700=ORIENTED_EDGE('',*,*,#1205,.T.);
#1701=ORIENTED_EDGE('',*,*,#1209,.F.);
#1702=ORIENTED_EDGE('',*,*,#1210,.F.);
#1703=ORIENTED_EDGE('',*,*,#1211,.T.);
#1704=ORIENTED_EDGE('',*,*,#1212,.F.);
#1705=ORIENTED_EDGE('',*,*,#1213,.F.);
#1706=ORIENTED_EDGE('',*,*,#1214,.F.);
#1707=ORIENTED_EDGE('',*,*,#1215,.F.);
#1708=ORIENTED_EDGE('',*,*,#1216,.F.);
#1709=ORIENTED_EDGE('',*,*,#1217,.F.);
#1710=ORIENTED_EDGE('',*,*,#1218,.F.);
#1711=ORIENTED_EDGE('',*,*,#1219,.F.);
#1712=ORIENTED_EDGE('',*,*,#1220,.F.);
#1713=ORIENTED_EDGE('',*,*,#1221,.F.);
#1714=ORIENTED_EDGE('',*,*,#1222,.T.);
#1715=ORIENTED_EDGE('',*,*,#1220,.T.);
#1716=ORIENTED_EDGE('',*,*,#1223,.F.);
#1717=ORIENTED_EDGE('',*,*,#1197,.T.);
#1718=ORIENTED_EDGE('',*,*,#1223,.T.);
#1719=ORIENTED_EDGE('',*,*,#1219,.T.);
#1720=ORIENTED_EDGE('',*,*,#1224,.F.);
#1721=ORIENTED_EDGE('',*,*,#1201,.T.);
#1722=ORIENTED_EDGE('',*,*,#1224,.T.);
#1723=ORIENTED_EDGE('',*,*,#1218,.T.);
#1724=ORIENTED_EDGE('',*,*,#1225,.F.);
#1725=ORIENTED_EDGE('',*,*,#1204,.T.);
#1726=ORIENTED_EDGE('',*,*,#1226,.F.);
#1727=ORIENTED_EDGE('',*,*,#1212,.T.);
#1728=ORIENTED_EDGE('',*,*,#1227,.T.);
#1729=ORIENTED_EDGE('',*,*,#1228,.T.);
#1730=ORIENTED_EDGE('',*,*,#1229,.T.);
#1731=ORIENTED_EDGE('',*,*,#1216,.T.);
#1732=ORIENTED_EDGE('',*,*,#1230,.T.);
#1733=ORIENTED_EDGE('',*,*,#1213,.T.);
#1734=ORIENTED_EDGE('',*,*,#1226,.T.);
#1735=ORIENTED_EDGE('',*,*,#1231,.T.);
#1736=ORIENTED_EDGE('',*,*,#1232,.F.);
#1737=ORIENTED_EDGE('',*,*,#1209,.T.);
#1738=ORIENTED_EDGE('',*,*,#1225,.T.);
#1739=ORIENTED_EDGE('',*,*,#1217,.T.);
#1740=ORIENTED_EDGE('',*,*,#1229,.F.);
#1741=ORIENTED_EDGE('',*,*,#1233,.T.);
#1742=ORIENTED_EDGE('',*,*,#1234,.F.);
#1743=ORIENTED_EDGE('',*,*,#1233,.F.);
#1744=ORIENTED_EDGE('',*,*,#1231,.F.);
#1745=ORIENTED_EDGE('',*,*,#1228,.F.);
#1746=ORIENTED_EDGE('',*,*,#1235,.T.);
#1747=ORIENTED_EDGE('',*,*,#1236,.F.);
#1748=ORIENTED_EDGE('',*,*,#1191,.F.);
#1749=ORIENTED_EDGE('',*,*,#1186,.F.);
#1750=ORIENTED_EDGE('',*,*,#1237,.F.);
#1751=ORIENTED_EDGE('',*,*,#1238,.F.);
#1752=ORIENTED_EDGE('',*,*,#1239,.F.);
#1753=ORIENTED_EDGE('',*,*,#1240,.F.);
#1754=ORIENTED_EDGE('',*,*,#1241,.F.);
#1755=ORIENTED_EDGE('',*,*,#1242,.F.);
#1756=ORIENTED_EDGE('',*,*,#1235,.F.);
#1757=ORIENTED_EDGE('',*,*,#1227,.F.);
#1758=ORIENTED_EDGE('',*,*,#1211,.F.);
#1759=ORIENTED_EDGE('',*,*,#1243,.F.);
#1760=ORIENTED_EDGE('',*,*,#1244,.F.);
#1761=ORIENTED_EDGE('',*,*,#1245,.F.);
#1762=ORIENTED_EDGE('',*,*,#1246,.F.);
#1763=ORIENTED_EDGE('',*,*,#1247,.F.);
#1764=ORIENTED_EDGE('',*,*,#1237,.T.);
#1765=ORIENTED_EDGE('',*,*,#1185,.F.);
#1766=ORIENTED_EDGE('',*,*,#1196,.F.);
#1767=ORIENTED_EDGE('',*,*,#1248,.F.);
#1768=ORIENTED_EDGE('',*,*,#1249,.F.);
#1769=ORIENTED_EDGE('',*,*,#1248,.T.);
#1770=ORIENTED_EDGE('',*,*,#1195,.F.);
#1771=ORIENTED_EDGE('',*,*,#1179,.T.);
#1772=ORIENTED_EDGE('',*,*,#1180,.F.);
#1773=ORIENTED_EDGE('',*,*,#1172,.T.);
#1774=ORIENTED_EDGE('',*,*,#1232,.T.);
#1775=ORIENTED_EDGE('',*,*,#1234,.T.);
#1776=ORIENTED_EDGE('',*,*,#1250,.F.);
#1777=ORIENTED_EDGE('',*,*,#1251,.T.);
#1778=ORIENTED_EDGE('',*,*,#1207,.T.);
#1779=ORIENTED_EDGE('',*,*,#1171,.T.);
#1780=ORIENTED_EDGE('',*,*,#1252,.T.);
#1781=ORIENTED_EDGE('',*,*,#1253,.F.);
#1782=ORIENTED_EDGE('',*,*,#1247,.T.);
#1783=ORIENTED_EDGE('',*,*,#1249,.T.);
#1784=ORIENTED_EDGE('',*,*,#1250,.T.);
#1785=ORIENTED_EDGE('',*,*,#1242,.T.);
#1786=ORIENTED_EDGE('',*,*,#1254,.F.);
#1787=ORIENTED_EDGE('',*,*,#1255,.T.);
#1788=ORIENTED_EDGE('',*,*,#1254,.T.);
#1789=ORIENTED_EDGE('',*,*,#1241,.T.);
#1790=ORIENTED_EDGE('',*,*,#1256,.F.);
#1791=ORIENTED_EDGE('',*,*,#1257,.T.);
#1792=ORIENTED_EDGE('',*,*,#1256,.T.);
#1793=ORIENTED_EDGE('',*,*,#1240,.T.);
#1794=ORIENTED_EDGE('',*,*,#1258,.F.);
#1795=ORIENTED_EDGE('',*,*,#1259,.T.);
#1796=ORIENTED_EDGE('',*,*,#1258,.T.);
#1797=ORIENTED_EDGE('',*,*,#1239,.T.);
#1798=ORIENTED_EDGE('',*,*,#1260,.F.);
#1799=ORIENTED_EDGE('',*,*,#1261,.T.);
#1800=ORIENTED_EDGE('',*,*,#1260,.T.);
#1801=ORIENTED_EDGE('',*,*,#1238,.T.);
#1802=ORIENTED_EDGE('',*,*,#1253,.T.);
#1803=ORIENTED_EDGE('',*,*,#1262,.T.);
#1804=ORIENTED_EDGE('',*,*,#1263,.F.);
#1805=ORIENTED_EDGE('',*,*,#1214,.T.);
#1806=ORIENTED_EDGE('',*,*,#1230,.F.);
#1807=ORIENTED_EDGE('',*,*,#1221,.T.);
#1808=ORIENTED_EDGE('',*,*,#1222,.F.);
#1809=ORIENTED_EDGE('',*,*,#1264,.T.);
#1810=ORIENTED_EDGE('',*,*,#1265,.F.);
#1811=ORIENTED_EDGE('',*,*,#1264,.F.);
#1812=ORIENTED_EDGE('',*,*,#1200,.F.);
#1813=ORIENTED_EDGE('',*,*,#1266,.F.);
#1814=ORIENTED_EDGE('',*,*,#1265,.T.);
#1815=ORIENTED_EDGE('',*,*,#1267,.T.);
#1816=ORIENTED_EDGE('',*,*,#1268,.F.);
#1817=ORIENTED_EDGE('',*,*,#1215,.T.);
#1818=ORIENTED_EDGE('',*,*,#1263,.T.);
#1819=ORIENTED_EDGE('',*,*,#1193,.T.);
#1820=ORIENTED_EDGE('',*,*,#1188,.T.);
#1821=ORIENTED_EDGE('',*,*,#1269,.F.);
#1822=ORIENTED_EDGE('',*,*,#1270,.T.);
#1823=ORIENTED_EDGE('',*,*,#1158,.T.);
#1824=ORIENTED_EDGE('',*,*,#1268,.T.);
#1825=ORIENTED_EDGE('',*,*,#1271,.T.);
#1826=ORIENTED_EDGE('',*,*,#1272,.F.);
#1827=ORIENTED_EDGE('',*,*,#1210,.T.);
#1828=ORIENTED_EDGE('',*,*,#1272,.T.);
#1829=ORIENTED_EDGE('',*,*,#1273,.T.);
#1830=ORIENTED_EDGE('',*,*,#1274,.F.);
#1831=ORIENTED_EDGE('',*,*,#1243,.T.);
#1832=ORIENTED_EDGE('',*,*,#1274,.T.);
#1833=ORIENTED_EDGE('',*,*,#1275,.T.);
#1834=ORIENTED_EDGE('',*,*,#1276,.F.);
#1835=ORIENTED_EDGE('',*,*,#1244,.T.);
#1836=ORIENTED_EDGE('',*,*,#1276,.T.);
#1837=ORIENTED_EDGE('',*,*,#1277,.T.);
#1838=ORIENTED_EDGE('',*,*,#1278,.F.);
#1839=ORIENTED_EDGE('',*,*,#1245,.T.);
#1840=ORIENTED_EDGE('',*,*,#1278,.T.);
#1841=ORIENTED_EDGE('',*,*,#1279,.T.);
#1842=ORIENTED_EDGE('',*,*,#1280,.F.);
#1843=ORIENTED_EDGE('',*,*,#1246,.T.);
#1844=ORIENTED_EDGE('',*,*,#1280,.T.);
#1845=ORIENTED_EDGE('',*,*,#1281,.T.);
#1846=ORIENTED_EDGE('',*,*,#1282,.F.);
#1847=ORIENTED_EDGE('',*,*,#1236,.T.);
#1848=ORIENTED_EDGE('',*,*,#1269,.T.);
#1849=ORIENTED_EDGE('',*,*,#1192,.T.);
#1850=ORIENTED_EDGE('',*,*,#1282,.T.);
#1851=ORIENTED_EDGE('',*,*,#1283,.T.);
#1852=ORIENTED_EDGE('',*,*,#1284,.F.);
#1853=ORIENTED_EDGE('',*,*,#1285,.F.);
#1854=ORIENTED_EDGE('',*,*,#1259,.F.);
#1855=ORIENTED_EDGE('',*,*,#1286,.T.);
#1856=ORIENTED_EDGE('',*,*,#1287,.F.);
#1857=ORIENTED_EDGE('',*,*,#1288,.F.);
#1858=ORIENTED_EDGE('',*,*,#1275,.F.);
#1859=ORIENTED_EDGE('',*,*,#1289,.T.);
#1860=ORIENTED_EDGE('',*,*,#1290,.F.);
#1861=ORIENTED_EDGE('',*,*,#1289,.F.);
#1862=ORIENTED_EDGE('',*,*,#1273,.F.);
#1863=ORIENTED_EDGE('',*,*,#1271,.F.);
#1864=ORIENTED_EDGE('',*,*,#1291,.T.);
#1865=ORIENTED_EDGE('',*,*,#1292,.F.);
#1866=ORIENTED_EDGE('',*,*,#1291,.F.);
#1867=ORIENTED_EDGE('',*,*,#1267,.F.);
#1868=ORIENTED_EDGE('',*,*,#1266,.T.);
#1869=ORIENTED_EDGE('',*,*,#1293,.T.);
#1870=ORIENTED_EDGE('',*,*,#1294,.F.);
#1871=ORIENTED_EDGE('',*,*,#1293,.F.);
#1872=ORIENTED_EDGE('',*,*,#1199,.T.);
#1873=ORIENTED_EDGE('',*,*,#1295,.T.);
#1874=ORIENTED_EDGE('',*,*,#1296,.F.);
#1875=ORIENTED_EDGE('',*,*,#1295,.F.);
#1876=ORIENTED_EDGE('',*,*,#1203,.T.);
#1877=ORIENTED_EDGE('',*,*,#1297,.T.);
#1878=ORIENTED_EDGE('',*,*,#1298,.F.);
#1879=ORIENTED_EDGE('',*,*,#1297,.F.);
#1880=ORIENTED_EDGE('',*,*,#1206,.T.);
#1881=ORIENTED_EDGE('',*,*,#1299,.T.);
#1882=ORIENTED_EDGE('',*,*,#1300,.F.);
#1883=ORIENTED_EDGE('',*,*,#1299,.F.);
#1884=ORIENTED_EDGE('',*,*,#1208,.F.);
#1885=ORIENTED_EDGE('',*,*,#1251,.F.);
#1886=ORIENTED_EDGE('',*,*,#1255,.F.);
#1887=ORIENTED_EDGE('',*,*,#1301,.T.);
#1888=ORIENTED_EDGE('',*,*,#1302,.F.);
#1889=ORIENTED_EDGE('',*,*,#1301,.F.);
#1890=ORIENTED_EDGE('',*,*,#1257,.F.);
#1891=ORIENTED_EDGE('',*,*,#1285,.T.);
#1892=ORIENTED_EDGE('',*,*,#1303,.F.);
#1893=ORIENTED_EDGE('',*,*,#1286,.F.);
#1894=ORIENTED_EDGE('',*,*,#1261,.F.);
#1895=ORIENTED_EDGE('',*,*,#1304,.T.);
#1896=ORIENTED_EDGE('',*,*,#1305,.F.);
#1897=ORIENTED_EDGE('',*,*,#1304,.F.);
#1898=ORIENTED_EDGE('',*,*,#1262,.F.);
#1899=ORIENTED_EDGE('',*,*,#1252,.F.);
#1900=ORIENTED_EDGE('',*,*,#1173,.T.);
#1901=ORIENTED_EDGE('',*,*,#1306,.T.);
#1902=ORIENTED_EDGE('',*,*,#1307,.F.);
#1903=ORIENTED_EDGE('',*,*,#1306,.F.);
#1904=ORIENTED_EDGE('',*,*,#1169,.T.);
#1905=ORIENTED_EDGE('',*,*,#1308,.T.);
#1906=ORIENTED_EDGE('',*,*,#1309,.F.);
#1907=ORIENTED_EDGE('',*,*,#1308,.F.);
#1908=ORIENTED_EDGE('',*,*,#1166,.F.);
#1909=ORIENTED_EDGE('',*,*,#1310,.T.);
#1910=ORIENTED_EDGE('',*,*,#1311,.F.);
#1911=ORIENTED_EDGE('',*,*,#1310,.F.);
#1912=ORIENTED_EDGE('',*,*,#1163,.T.);
#1913=ORIENTED_EDGE('',*,*,#1312,.T.);
#1914=ORIENTED_EDGE('',*,*,#1313,.F.);
#1915=ORIENTED_EDGE('',*,*,#1312,.F.);
#1916=ORIENTED_EDGE('',*,*,#1159,.F.);
#1917=ORIENTED_EDGE('',*,*,#1270,.F.);
#1918=ORIENTED_EDGE('',*,*,#1314,.T.);
#1919=ORIENTED_EDGE('',*,*,#1315,.F.);
#1920=ORIENTED_EDGE('',*,*,#1314,.F.);
#1921=ORIENTED_EDGE('',*,*,#1283,.F.);
#1922=ORIENTED_EDGE('',*,*,#1281,.F.);
#1923=ORIENTED_EDGE('',*,*,#1316,.T.);
#1924=ORIENTED_EDGE('',*,*,#1317,.F.);
#1925=ORIENTED_EDGE('',*,*,#1316,.F.);
#1926=ORIENTED_EDGE('',*,*,#1279,.F.);
#1927=ORIENTED_EDGE('',*,*,#1318,.T.);
#1928=ORIENTED_EDGE('',*,*,#1319,.F.);
#1929=ORIENTED_EDGE('',*,*,#1318,.F.);
#1930=ORIENTED_EDGE('',*,*,#1277,.F.);
#1931=ORIENTED_EDGE('',*,*,#1288,.T.);
#1932=ORIENTED_EDGE('',*,*,#1303,.T.);
#1933=ORIENTED_EDGE('',*,*,#1305,.T.);
#1934=ORIENTED_EDGE('',*,*,#1307,.T.);
#1935=ORIENTED_EDGE('',*,*,#1309,.T.);
#1936=ORIENTED_EDGE('',*,*,#1311,.T.);
#1937=ORIENTED_EDGE('',*,*,#1313,.T.);
#1938=ORIENTED_EDGE('',*,*,#1315,.T.);
#1939=ORIENTED_EDGE('',*,*,#1317,.T.);
#1940=ORIENTED_EDGE('',*,*,#1319,.T.);
#1941=ORIENTED_EDGE('',*,*,#1287,.T.);
#1942=ORIENTED_EDGE('',*,*,#1290,.T.);
#1943=ORIENTED_EDGE('',*,*,#1292,.T.);
#1944=ORIENTED_EDGE('',*,*,#1294,.T.);
#1945=ORIENTED_EDGE('',*,*,#1296,.T.);
#1946=ORIENTED_EDGE('',*,*,#1298,.T.);
#1947=ORIENTED_EDGE('',*,*,#1300,.T.);
#1948=ORIENTED_EDGE('',*,*,#1302,.T.);
#1949=ORIENTED_EDGE('',*,*,#1284,.T.);
#1950=ORIENTED_EDGE('',*,*,#1125,.T.);
#1951=ORIENTED_EDGE('',*,*,#1157,.T.);
#1952=ORIENTED_EDGE('',*,*,#1155,.T.);
#1953=ORIENTED_EDGE('',*,*,#1153,.T.);
#1954=ORIENTED_EDGE('',*,*,#1151,.T.);
#1955=ORIENTED_EDGE('',*,*,#1149,.T.);
#1956=ORIENTED_EDGE('',*,*,#1147,.T.);
#1957=ORIENTED_EDGE('',*,*,#1145,.T.);
#1958=ORIENTED_EDGE('',*,*,#1143,.T.);
#1959=ORIENTED_EDGE('',*,*,#1141,.T.);
#1960=ORIENTED_EDGE('',*,*,#1122,.T.);
#1961=ORIENTED_EDGE('',*,*,#1140,.T.);
#1962=ORIENTED_EDGE('',*,*,#1138,.T.);
#1963=ORIENTED_EDGE('',*,*,#1136,.T.);
#1964=ORIENTED_EDGE('',*,*,#1134,.T.);
#1965=ORIENTED_EDGE('',*,*,#1132,.T.);
#1966=ORIENTED_EDGE('',*,*,#1130,.T.);
#1967=ORIENTED_EDGE('',*,*,#1128,.T.);
#1968=CYLINDRICAL_SURFACE('',#2174,23.);
#1969=CYLINDRICAL_SURFACE('',#2180,23.);
#1970=CYLINDRICAL_SURFACE('',#2186,23.);
#1971=CYLINDRICAL_SURFACE('',#2192,14.3);
#1972=CYLINDRICAL_SURFACE('',#2195,23.);
#1973=CYLINDRICAL_SURFACE('',#2200,14.3);
#1974=CYLINDRICAL_SURFACE('',#2202,14.3);
#1975=CYLINDRICAL_SURFACE('',#2209,23.);
#1976=CYLINDRICAL_SURFACE('',#2215,23.);
#1977=CYLINDRICAL_SURFACE('',#2224,14.3);
#1978=CYLINDRICAL_SURFACE('',#2227,23.);
#1979=CYLINDRICAL_SURFACE('',#2229,14.3);
#1980=CYLINDRICAL_SURFACE('',#2232,14.3);
#1981=CYLINDRICAL_SURFACE('',#2243,14.3);
#1982=CYLINDRICAL_SURFACE('',#2246,6.);
#1983=CYLINDRICAL_SURFACE('',#2251,6.);
#1984=CYLINDRICAL_SURFACE('',#2256,6.);
#1985=CYLINDRICAL_SURFACE('',#2257,14.3);
#1986=CYLINDRICAL_SURFACE('',#2258,23.);
#1987=CYLINDRICAL_SURFACE('',#2263,6.);
#1988=CYLINDRICAL_SURFACE('',#2268,6.);
#1989=CYLINDRICAL_SURFACE('',#2275,197.313028675113);
#1990=CYLINDRICAL_SURFACE('',#2278,17.);
#1991=CYLINDRICAL_SURFACE('',#2281,17.0000000000001);
#1992=CYLINDRICAL_SURFACE('',#2284,96.9999999999971);
#1993=CYLINDRICAL_SURFACE('',#2286,96.9999999999971);
#1994=CYLINDRICAL_SURFACE('',#2289,17.0000000000001);
#1995=CYLINDRICAL_SURFACE('',#2292,17.);
#1996=CYLINDRICAL_SURFACE('',#2295,197.313028675113);
#1997=CYLINDRICAL_SURFACE('',#2298,448.603614321449);
#1998=CYLINDRICAL_SURFACE('',#2300,20.);
#1999=CYLINDRICAL_SURFACE('',#2306,20.);
#2000=CYLINDRICAL_SURFACE('',#2312,20.);
#2001=CYLINDRICAL_SURFACE('',#2318,17.3);
#2002=CYLINDRICAL_SURFACE('',#2321,20.);
#2003=CYLINDRICAL_SURFACE('',#2326,17.3);
#2004=CYLINDRICAL_SURFACE('',#2328,17.3);
#2005=CYLINDRICAL_SURFACE('',#2335,20.);
#2006=CYLINDRICAL_SURFACE('',#2341,20.);
#2007=CYLINDRICAL_SURFACE('',#2350,17.3);
#2008=CYLINDRICAL_SURFACE('',#2353,20.);
#2009=CYLINDRICAL_SURFACE('',#2355,17.3);
#2010=CYLINDRICAL_SURFACE('',#2358,17.3);
#2011=CYLINDRICAL_SURFACE('',#2369,17.3);
#2012=CYLINDRICAL_SURFACE('',#2372,9.);
#2013=CYLINDRICAL_SURFACE('',#2377,9.);
#2014=CYLINDRICAL_SURFACE('',#2382,9.);
#2015=CYLINDRICAL_SURFACE('',#2383,17.3);
#2016=CYLINDRICAL_SURFACE('',#2384,20.);
#2017=CYLINDRICAL_SURFACE('',#2391,9.);
#2018=CYLINDRICAL_SURFACE('',#2396,9.);
#2019=CYLINDRICAL_SURFACE('',#2403,200.313028675113);
#2020=CYLINDRICAL_SURFACE('',#2406,20.);
#2021=CYLINDRICAL_SURFACE('',#2409,20.0000000000001);
#2022=CYLINDRICAL_SURFACE('',#2412,99.9999999999971);
#2023=CYLINDRICAL_SURFACE('',#2414,99.9999999999971);
#2024=CYLINDRICAL_SURFACE('',#2417,20.0000000000001);
#2025=CYLINDRICAL_SURFACE('',#2420,20.);
#2026=CYLINDRICAL_SURFACE('',#2423,200.313028675113);
#2027=CYLINDRICAL_SURFACE('',#2426,445.603614321449);
#2028=ADVANCED_FACE('',(#99),#1968,.T.);
#2029=ADVANCED_FACE('',(#100),#73,.T.);
#2030=ADVANCED_FACE('',(#101),#1969,.T.);
#2031=ADVANCED_FACE('',(#102),#74,.T.);
#2032=ADVANCED_FACE('',(#103),#1970,.T.);
#2033=ADVANCED_FACE('',(#104),#48,.F.);
#2034=ADVANCED_FACE('',(#105),#40,.T.);
#2035=ADVANCED_FACE('',(#106),#1971,.F.);
#2036=ADVANCED_FACE('',(#107),#41,.T.);
#2037=ADVANCED_FACE('',(#108),#1972,.T.);
#2038=ADVANCED_FACE('',(#109),#75,.T.);
#2039=ADVANCED_FACE('',(#110),#1973,.F.);
#2040=ADVANCED_FACE('',(#111),#1974,.F.);
#2041=ADVANCED_FACE('',(#112),#76,.T.);
#2042=ADVANCED_FACE('',(#113),#1975,.T.);
#2043=ADVANCED_FACE('',(#114),#77,.T.);
#2044=ADVANCED_FACE('',(#115),#1976,.T.);
#2045=ADVANCED_FACE('',(#116),#78,.T.);
#2046=ADVANCED_FACE('',(#117),#49,.F.);
#2047=ADVANCED_FACE('',(#118),#42,.T.);
#2048=ADVANCED_FACE('',(#119),#1977,.F.);
#2049=ADVANCED_FACE('',(#120),#43,.T.);
#2050=ADVANCED_FACE('',(#121),#1978,.T.);
#2051=ADVANCED_FACE('',(#122),#1979,.F.);
#2052=ADVANCED_FACE('',(#123),#1980,.F.);
#2053=ADVANCED_FACE('',(#124),#79,.T.);
#2054=ADVANCED_FACE('',(#125),#50,.T.);
#2055=ADVANCED_FACE('',(#126),#80,.T.);
#2056=ADVANCED_FACE('',(#127),#1981,.F.);
#2057=ADVANCED_FACE('',(#128),#20,.T.);
#2058=ADVANCED_FACE('',(#129),#21,.T.);
#2059=ADVANCED_FACE('',(#130),#1982,.F.);
#2060=ADVANCED_FACE('',(#131),#81,.F.);
#2061=ADVANCED_FACE('',(#132),#1983,.F.);
#2062=ADVANCED_FACE('',(#133),#82,.F.);
#2063=ADVANCED_FACE('',(#134),#1984,.F.);
#2064=ADVANCED_FACE('',(#135),#1985,.F.);
#2065=ADVANCED_FACE('',(#136),#1986,.T.);
#2066=ADVANCED_FACE('',(#137),#22,.T.);
#2067=ADVANCED_FACE('',(#138),#23,.T.);
#2068=ADVANCED_FACE('',(#139),#24,.T.);
#2069=ADVANCED_FACE('',(#140),#83,.F.);
#2070=ADVANCED_FACE('',(#141),#1987,.F.);
#2071=ADVANCED_FACE('',(#142),#84,.F.);
#2072=ADVANCED_FACE('',(#143),#1988,.F.);
#2073=ADVANCED_FACE('',(#144),#85,.F.);
#2074=ADVANCED_FACE('',(#145),#25,.T.);
#2075=ADVANCED_FACE('',(#146),#51,.F.);
#2076=ADVANCED_FACE('',(#147),#52,.F.);
#2077=ADVANCED_FACE('',(#148),#1989,.F.);
#2078=ADVANCED_FACE('',(#149),#53,.F.);
#2079=ADVANCED_FACE('',(#150),#1990,.F.);
#2080=ADVANCED_FACE('',(#151),#54,.F.);
#2081=ADVANCED_FACE('',(#152),#1991,.F.);
#2082=ADVANCED_FACE('',(#153),#55,.F.);
#2083=ADVANCED_FACE('',(#154),#1992,.F.);
#2084=ADVANCED_FACE('',(#155),#1993,.F.);
#2085=ADVANCED_FACE('',(#156),#56,.F.);
#2086=ADVANCED_FACE('',(#157),#1994,.F.);
#2087=ADVANCED_FACE('',(#158),#57,.F.);
#2088=ADVANCED_FACE('',(#159),#1995,.F.);
#2089=ADVANCED_FACE('',(#160),#58,.F.);
#2090=ADVANCED_FACE('',(#161),#1996,.F.);
#2091=ADVANCED_FACE('',(#162),#59,.F.);
#2092=ADVANCED_FACE('',(#163),#1997,.T.);
#2093=ADVANCED_FACE('',(#164),#1998,.F.);
#2094=ADVANCED_FACE('',(#165),#86,.F.);
#2095=ADVANCED_FACE('',(#166),#1999,.F.);
#2096=ADVANCED_FACE('',(#167),#87,.F.);
#2097=ADVANCED_FACE('',(#168),#2000,.F.);
#2098=ADVANCED_FACE('',(#169),#60,.T.);
#2099=ADVANCED_FACE('',(#170),#44,.F.);
#2100=ADVANCED_FACE('',(#171),#2001,.T.);
#2101=ADVANCED_FACE('',(#172),#45,.F.);
#2102=ADVANCED_FACE('',(#173),#2002,.F.);
#2103=ADVANCED_FACE('',(#174),#88,.F.);
#2104=ADVANCED_FACE('',(#175),#2003,.T.);
#2105=ADVANCED_FACE('',(#176),#2004,.T.);
#2106=ADVANCED_FACE('',(#177),#89,.F.);
#2107=ADVANCED_FACE('',(#178),#2005,.F.);
#2108=ADVANCED_FACE('',(#179),#90,.F.);
#2109=ADVANCED_FACE('',(#180),#2006,.F.);
#2110=ADVANCED_FACE('',(#181),#91,.F.);
#2111=ADVANCED_FACE('',(#182),#61,.T.);
#2112=ADVANCED_FACE('',(#183),#46,.F.);
#2113=ADVANCED_FACE('',(#184),#2007,.T.);
#2114=ADVANCED_FACE('',(#185),#47,.F.);
#2115=ADVANCED_FACE('',(#186),#2008,.F.);
#2116=ADVANCED_FACE('',(#187),#2009,.T.);
#2117=ADVANCED_FACE('',(#188),#2010,.T.);
#2118=ADVANCED_FACE('',(#189),#92,.F.);
#2119=ADVANCED_FACE('',(#190),#62,.F.);
#2120=ADVANCED_FACE('',(#191),#93,.F.);
#2121=ADVANCED_FACE('',(#192),#2011,.T.);
#2122=ADVANCED_FACE('',(#193),#26,.F.);
#2123=ADVANCED_FACE('',(#194),#27,.F.);
#2124=ADVANCED_FACE('',(#195),#2012,.T.);
#2125=ADVANCED_FACE('',(#196),#94,.T.);
#2126=ADVANCED_FACE('',(#197),#2013,.T.);
#2127=ADVANCED_FACE('',(#198),#95,.T.);
#2128=ADVANCED_FACE('',(#199),#2014,.T.);
#2129=ADVANCED_FACE('',(#200),#2015,.T.);
#2130=ADVANCED_FACE('',(#201),#2016,.F.);
#2131=ADVANCED_FACE('',(#202),#28,.F.);
#2132=ADVANCED_FACE('',(#203),#29,.F.);
#2133=ADVANCED_FACE('',(#204),#30,.F.);
#2134=ADVANCED_FACE('',(#205),#96,.T.);
#2135=ADVANCED_FACE('',(#206),#2017,.T.);
#2136=ADVANCED_FACE('',(#207),#97,.T.);
#2137=ADVANCED_FACE('',(#208),#2018,.T.);
#2138=ADVANCED_FACE('',(#209),#98,.T.);
#2139=ADVANCED_FACE('',(#210),#31,.F.);
#2140=ADVANCED_FACE('',(#211),#63,.T.);
#2141=ADVANCED_FACE('',(#212),#64,.T.);
#2142=ADVANCED_FACE('',(#213),#2019,.T.);
#2143=ADVANCED_FACE('',(#214),#65,.T.);
#2144=ADVANCED_FACE('',(#215),#2020,.T.);
#2145=ADVANCED_FACE('',(#216),#66,.T.);
#2146=ADVANCED_FACE('',(#217),#2021,.T.);
#2147=ADVANCED_FACE('',(#218),#67,.T.);
#2148=ADVANCED_FACE('',(#219),#2022,.T.);
#2149=ADVANCED_FACE('',(#220),#2023,.T.);
#2150=ADVANCED_FACE('',(#221),#68,.T.);
#2151=ADVANCED_FACE('',(#222),#2024,.T.);
#2152=ADVANCED_FACE('',(#223),#69,.T.);
#2153=ADVANCED_FACE('',(#224),#2025,.T.);
#2154=ADVANCED_FACE('',(#225),#70,.T.);
#2155=ADVANCED_FACE('',(#226),#2026,.T.);
#2156=ADVANCED_FACE('',(#227),#71,.T.);
#2157=ADVANCED_FACE('',(#228),#2027,.F.);
#2158=ADVANCED_FACE('',(#229,#19),#72,.T.);
#2159=CLOSED_SHELL('',(#2028,#2029,#2030,#2031,#2032,#2033,#2034,#2035,
#2036,#2037,#2038,#2039,#2040,#2041,#2042,#2043,#2044,#2045,#2046,#2047,
#2048,#2049,#2050,#2051,#2052,#2053,#2054,#2055,#2056,#2057,#2058,#2059,
#2060,#2061,#2062,#2063,#2064,#2065,#2066,#2067,#2068,#2069,#2070,#2071,
#2072,#2073,#2074,#2075,#2076,#2077,#2078,#2079,#2080,#2081,#2082,#2083,
#2084,#2085,#2086,#2087,#2088,#2089,#2090,#2091,#2092,#2093,#2094,#2095,
#2096,#2097,#2098,#2099,#2100,#2101,#2102,#2103,#2104,#2105,#2106,#2107,
#2108,#2109,#2110,#2111,#2112,#2113,#2114,#2115,#2116,#2117,#2118,#2119,
#2120,#2121,#2122,#2123,#2124,#2125,#2126,#2127,#2128,#2129,#2130,#2131,
#2132,#2133,#2134,#2135,#2136,#2137,#2138,#2139,#2140,#2141,#2142,#2143,
#2144,#2145,#2146,#2147,#2148,#2149,#2150,#2151,#2152,#2153,#2154,#2155,
#2156,#2157,#2158));
#2160=DERIVED_UNIT_ELEMENT(#2162,1.);
#2161=DERIVED_UNIT_ELEMENT(#4480,-3.);
#2162=(
MASS_UNIT()
NAMED_UNIT(*)
SI_UNIT(.KILO.,.GRAM.)
);
#2163=DERIVED_UNIT((#2160,#2161));
#2164=MEASURE_REPRESENTATION_ITEM('density measure',
POSITIVE_RATIO_MEASURE(7850.),#2163);
#2165=PROPERTY_DEFINITION_REPRESENTATION(#2170,#2167);
#2166=PROPERTY_DEFINITION_REPRESENTATION(#2171,#2168);
#2167=REPRESENTATION('material name',(#2169),#4477);
#2168=REPRESENTATION('density',(#2164),#4477);
#2169=DESCRIPTIVE_REPRESENTATION_ITEM('Steel','Steel');
#2170=PROPERTY_DEFINITION('material property','material name',#4492);
#2171=PROPERTY_DEFINITION('material property','density of part',#4492);
#2172=AXIS2_PLACEMENT_3D('',#3068,#2430,#2431);
#2173=AXIS2_PLACEMENT_3D('',#3069,#2432,#2433);
#2174=AXIS2_PLACEMENT_3D('',#3070,#2434,#2435);
#2175=AXIS2_PLACEMENT_3D('',#3092,#2437,#2438);
#2176=AXIS2_PLACEMENT_3D('',#3094,#2440,#2441);
#2177=AXIS2_PLACEMENT_3D('',#3096,#2442,#2443);
#2178=AXIS2_PLACEMENT_3D('',#3098,#2444,#2445);
#2179=AXIS2_PLACEMENT_3D('',#3099,#2446,#2447);
#2180=AXIS2_PLACEMENT_3D('',#3100,#2448,#2449);
#2181=AXIS2_PLACEMENT_3D('',#3104,#2451,#2452);
#2182=AXIS2_PLACEMENT_3D('',#3106,#2454,#2455);
#2183=AXIS2_PLACEMENT_3D('',#3108,#2456,#2457);
#2184=AXIS2_PLACEMENT_3D('',#3110,#2458,#2459);
#2185=AXIS2_PLACEMENT_3D('',#3111,#2460,#2461);
#2186=AXIS2_PLACEMENT_3D('',#3112,#2462,#2463);
#2187=AXIS2_PLACEMENT_3D('',#3133,#2466,#2467);
#2188=AXIS2_PLACEMENT_3D('',#3140,#2470,#2471);
#2189=AXIS2_PLACEMENT_3D('',#3144,#2473,#2474);
#2190=AXIS2_PLACEMENT_3D('',#3155,#2476,#2477);
#2191=AXIS2_PLACEMENT_3D('',#3156,#2478,#2479);
#2192=AXIS2_PLACEMENT_3D('',#3157,#2480,#2481);
#2193=AXIS2_PLACEMENT_3D('',#3158,#2482,#2483);
#2194=AXIS2_PLACEMENT_3D('',#3168,#2484,#2485);
#2195=AXIS2_PLACEMENT_3D('',#3169,#2486,#2487);
#2196=AXIS2_PLACEMENT_3D('',#3174,#2489,#2490);
#2197=AXIS2_PLACEMENT_3D('',#3177,#2492,#2493);
#2198=AXIS2_PLACEMENT_3D('',#3178,#2494,#2495);
#2199=AXIS2_PLACEMENT_3D('',#3191,#2496,#2497);
#2200=AXIS2_PLACEMENT_3D('',#3203,#2498,#2499);
#2201=AXIS2_PLACEMENT_3D('',#3208,#2500,#2501);
#2202=AXIS2_PLACEMENT_3D('',#3209,#2502,#2503);
#2203=AXIS2_PLACEMENT_3D('',#3217,#2504,#2505);
#2204=AXIS2_PLACEMENT_3D('',#3218,#2506,#2507);
#2205=AXIS2_PLACEMENT_3D('',#3221,#2508,#2509);
#2206=AXIS2_PLACEMENT_3D('',#3223,#2510,#2511);
#2207=AXIS2_PLACEMENT_3D('',#3225,#2512,#2513);
#2208=AXIS2_PLACEMENT_3D('',#3226,#2514,#2515);
#2209=AXIS2_PLACEMENT_3D('',#3227,#2516,#2517);
#2210=AXIS2_PLACEMENT_3D('',#3232,#2520,#2521);
#2211=AXIS2_PLACEMENT_3D('',#3233,#2522,#2523);
#2212=AXIS2_PLACEMENT_3D('',#3235,#2524,#2525);
#2213=AXIS2_PLACEMENT_3D('',#3237,#2526,#2527);
#2214=AXIS2_PLACEMENT_3D('',#3238,#2528,#2529);
#2215=AXIS2_PLACEMENT_3D('',#3239,#2530,#2531);
#2216=AXIS2_PLACEMENT_3D('',#3260,#2534,#2535);
#2217=AXIS2_PLACEMENT_3D('',#3286,#2536,#2537);
#2218=AXIS2_PLACEMENT_3D('',#3287,#2538,#2539);
#2219=AXIS2_PLACEMENT_3D('',#3288,#2540,#2541);
#2220=AXIS2_PLACEMENT_3D('',#3295,#2544,#2545);
#2221=AXIS2_PLACEMENT_3D('',#3299,#2547,#2548);
#2222=AXIS2_PLACEMENT_3D('',#3310,#2550,#2551);
#2223=AXIS2_PLACEMENT_3D('',#3311,#2552,#2553);
#2224=AXIS2_PLACEMENT_3D('',#3312,#2554,#2555);
#2225=AXIS2_PLACEMENT_3D('',#3313,#2556,#2557);
#2226=AXIS2_PLACEMENT_3D('',#3323,#2558,#2559);
#2227=AXIS2_PLACEMENT_3D('',#3324,#2560,#2561);
#2228=AXIS2_PLACEMENT_3D('',#3328,#2563,#2564);
#2229=AXIS2_PLACEMENT_3D('',#3330,#2566,#2567);
#2230=AXIS2_PLACEMENT_3D('',#3332,#2568,#2569);
#2231=AXIS2_PLACEMENT_3D('',#3339,#2570,#2571);
#2232=AXIS2_PLACEMENT_3D('',#3340,#2572,#2573);
#2233=AXIS2_PLACEMENT_3D('',#3350,#2574,#2575);
#2234=AXIS2_PLACEMENT_3D('',#3359,#2576,#2577);
#2235=AXIS2_PLACEMENT_3D('',#3360,#2578,#2579);
#2236=AXIS2_PLACEMENT_3D('',#3362,#2580,#2581);
#2237=AXIS2_PLACEMENT_3D('',#3366,#2583,#2584);
#2238=AXIS2_PLACEMENT_3D('',#3369,#2586,#2587);
#2239=AXIS2_PLACEMENT_3D('',#3373,#2589,#2590);
#2240=AXIS2_PLACEMENT_3D('',#3377,#2592,#2593);
#2241=AXIS2_PLACEMENT_3D('',#3380,#2595,#2596);
#2242=AXIS2_PLACEMENT_3D('',#3381,#2597,#2598);
#2243=AXIS2_PLACEMENT_3D('',#3394,#2599,#2600);
#2244=AXIS2_PLACEMENT_3D('',#3449,#2601,#2602);
#2245=AXIS2_PLACEMENT_3D('',#3493,#2603,#2604);
#2246=AXIS2_PLACEMENT_3D('',#3500,#2605,#2606);
#2247=AXIS2_PLACEMENT_3D('',#3503,#2608,#2609);
#2248=AXIS2_PLACEMENT_3D('',#3504,#2610,#2611);
#2249=AXIS2_PLACEMENT_3D('',#3506,#2612,#2613);
#2250=AXIS2_PLACEMENT_3D('',#3507,#2614,#2615);
#2251=AXIS2_PLACEMENT_3D('',#3508,#2616,#2617);
#2252=AXIS2_PLACEMENT_3D('',#3511,#2619,#2620);
#2253=AXIS2_PLACEMENT_3D('',#3512,#2621,#2622);
#2254=AXIS2_PLACEMENT_3D('',#3514,#2623,#2624);
#2255=AXIS2_PLACEMENT_3D('',#3515,#2625,#2626);
#2256=AXIS2_PLACEMENT_3D('',#3516,#2627,#2628);
#2257=AXIS2_PLACEMENT_3D('',#3518,#2630,#2631);
#2258=AXIS2_PLACEMENT_3D('',#3525,#2633,#2634);
#2259=AXIS2_PLACEMENT_3D('',#3653,#2636,#2637);
#2260=AXIS2_PLACEMENT_3D('',#3658,#2638,#2639);
#2261=AXIS2_PLACEMENT_3D('',#3660,#2640,#2641);
#2262=AXIS2_PLACEMENT_3D('',#3661,#2642,#2643);
#2263=AXIS2_PLACEMENT_3D('',#3662,#2644,#2645);
#2264=AXIS2_PLACEMENT_3D('',#3664,#2646,#2647);
#2265=AXIS2_PLACEMENT_3D('',#3666,#2649,#2650);
#2266=AXIS2_PLACEMENT_3D('',#3668,#2651,#2652);
#2267=AXIS2_PLACEMENT_3D('',#3669,#2653,#2654);
#2268=AXIS2_PLACEMENT_3D('',#3670,#2655,#2656);
#2269=AXIS2_PLACEMENT_3D('',#3672,#2657,#2658);
#2270=AXIS2_PLACEMENT_3D('',#3674,#2660,#2661);
#2271=AXIS2_PLACEMENT_3D('',#3676,#2662,#2663);
#2272=AXIS2_PLACEMENT_3D('',#3677,#2664,#2665);
#2273=AXIS2_PLACEMENT_3D('',#3706,#2666,#2667);
#2274=AXIS2_PLACEMENT_3D('',#3712,#2671,#2672);
#2275=AXIS2_PLACEMENT_3D('',#3718,#2676,#2677);
#2276=AXIS2_PLACEMENT_3D('',#3720,#2678,#2679);
#2277=AXIS2_PLACEMENT_3D('',#3722,#2681,#2682);
#2278=AXIS2_PLACEMENT_3D('',#3726,#2685,#2686);
#2279=AXIS2_PLACEMENT_3D('',#3728,#2687,#2688);
#2280=AXIS2_PLACEMENT_3D('',#3730,#2690,#2691);
#2281=AXIS2_PLACEMENT_3D('',#3734,#2694,#2695);
#2282=AXIS2_PLACEMENT_3D('',#3736,#2696,#2697);
#2283=AXIS2_PLACEMENT_3D('',#3738,#2699,#2700);
#2284=AXIS2_PLACEMENT_3D('',#3742,#2703,#2704);
#2285=AXIS2_PLACEMENT_3D('',#3743,#2705,#2706);
#2286=AXIS2_PLACEMENT_3D('',#3744,#2707,#2708);
#2287=AXIS2_PLACEMENT_3D('',#3746,#2709,#2710);
#2288=AXIS2_PLACEMENT_3D('',#3748,#2712,#2713);
#2289=AXIS2_PLACEMENT_3D('',#3752,#2716,#2717);
#2290=AXIS2_PLACEMENT_3D('',#3754,#2718,#2719);
#2291=AXIS2_PLACEMENT_3D('',#3756,#2721,#2722);
#2292=AXIS2_PLACEMENT_3D('',#3760,#2725,#2726);
#2293=AXIS2_PLACEMENT_3D('',#3762,#2727,#2728);
#2294=AXIS2_PLACEMENT_3D('',#3764,#2730,#2731);
#2295=AXIS2_PLACEMENT_3D('',#3768,#2734,#2735);
#2296=AXIS2_PLACEMENT_3D('',#3770,#2736,#2737);
#2297=AXIS2_PLACEMENT_3D('',#3772,#2739,#2740);
#2298=AXIS2_PLACEMENT_3D('',#3776,#2743,#2744);
#2299=AXIS2_PLACEMENT_3D('',#3777,#2745,#2746);
#2300=AXIS2_PLACEMENT_3D('',#3778,#2747,#2748);
#2301=AXIS2_PLACEMENT_3D('',#3798,#2750,#2751);
#2302=AXIS2_PLACEMENT_3D('',#3800,#2753,#2754);
#2303=AXIS2_PLACEMENT_3D('',#3802,#2755,#2756);
#2304=AXIS2_PLACEMENT_3D('',#3804,#2757,#2758);
#2305=AXIS2_PLACEMENT_3D('',#3805,#2759,#2760);
#2306=AXIS2_PLACEMENT_3D('',#3806,#2761,#2762);
#2307=AXIS2_PLACEMENT_3D('',#3811,#2765,#2766);
#2308=AXIS2_PLACEMENT_3D('',#3812,#2767,#2768);
#2309=AXIS2_PLACEMENT_3D('',#3814,#2769,#2770);
#2310=AXIS2_PLACEMENT_3D('',#3816,#2771,#2772);
#2311=AXIS2_PLACEMENT_3D('',#3817,#2773,#2774);
#2312=AXIS2_PLACEMENT_3D('',#3818,#2775,#2776);
#2313=AXIS2_PLACEMENT_3D('',#3837,#2779,#2780);
#2314=AXIS2_PLACEMENT_3D('',#3844,#2783,#2784);
#2315=AXIS2_PLACEMENT_3D('',#3848,#2786,#2787);
#2316=AXIS2_PLACEMENT_3D('',#3859,#2789,#2790);
#2317=AXIS2_PLACEMENT_3D('',#3860,#2791,#2792);
#2318=AXIS2_PLACEMENT_3D('',#3861,#2793,#2794);
#2319=AXIS2_PLACEMENT_3D('',#3862,#2795,#2796);
#2320=AXIS2_PLACEMENT_3D('',#3872,#2797,#2798);
#2321=AXIS2_PLACEMENT_3D('',#3873,#2799,#2800);
#2322=AXIS2_PLACEMENT_3D('',#3878,#2802,#2803);
#2323=AXIS2_PLACEMENT_3D('',#3881,#2805,#2806);
#2324=AXIS2_PLACEMENT_3D('',#3882,#2807,#2808);
#2325=AXIS2_PLACEMENT_3D('',#3902,#2809,#2810);
#2326=AXIS2_PLACEMENT_3D('',#3907,#2811,#2812);
#2327=AXIS2_PLACEMENT_3D('',#3912,#2813,#2814);
#2328=AXIS2_PLACEMENT_3D('',#3913,#2815,#2816);
#2329=AXIS2_PLACEMENT_3D('',#3915,#2817,#2818);
#2330=AXIS2_PLACEMENT_3D('',#3922,#2819,#2820);
#2331=AXIS2_PLACEMENT_3D('',#3925,#2821,#2822);
#2332=AXIS2_PLACEMENT_3D('',#3927,#2823,#2824);
#2333=AXIS2_PLACEMENT_3D('',#3929,#2825,#2826);
#2334=AXIS2_PLACEMENT_3D('',#3930,#2827,#2828);
#2335=AXIS2_PLACEMENT_3D('',#3931,#2829,#2830);
#2336=AXIS2_PLACEMENT_3D('',#3935,#2832,#2833);
#2337=AXIS2_PLACEMENT_3D('',#3937,#2835,#2836);
#2338=AXIS2_PLACEMENT_3D('',#3939,#2837,#2838);
#2339=AXIS2_PLACEMENT_3D('',#3941,#2839,#2840);
#2340=AXIS2_PLACEMENT_3D('',#3942,#2841,#2842);
#2341=AXIS2_PLACEMENT_3D('',#3943,#2843,#2844);
#2342=AXIS2_PLACEMENT_3D('',#3964,#2847,#2848);
#2343=AXIS2_PLACEMENT_3D('',#3972,#2849,#2850);
#2344=AXIS2_PLACEMENT_3D('',#3974,#2851,#2852);
#2345=AXIS2_PLACEMENT_3D('',#3992,#2853,#2854);
#2346=AXIS2_PLACEMENT_3D('',#3999,#2857,#2858);
#2347=AXIS2_PLACEMENT_3D('',#4003,#2860,#2861);
#2348=AXIS2_PLACEMENT_3D('',#4014,#2863,#2864);
#2349=AXIS2_PLACEMENT_3D('',#4015,#2865,#2866);
#2350=AXIS2_PLACEMENT_3D('',#4016,#2867,#2868);
#2351=AXIS2_PLACEMENT_3D('',#4017,#2869,#2870);
#2352=AXIS2_PLACEMENT_3D('',#4027,#2871,#2872);
#2353=AXIS2_PLACEMENT_3D('',#4028,#2873,#2874);
#2354=AXIS2_PLACEMENT_3D('',#4033,#2877,#2878);
#2355=AXIS2_PLACEMENT_3D('',#4034,#2879,#2880);
#2356=AXIS2_PLACEMENT_3D('',#4036,#2881,#2882);
#2357=AXIS2_PLACEMENT_3D('',#4037,#2883,#2884);
#2358=AXIS2_PLACEMENT_3D('',#4044,#2885,#2886);
#2359=AXIS2_PLACEMENT_3D('',#4054,#2887,#2888);
#2360=AXIS2_PLACEMENT_3D('',#4063,#2889,#2890);
#2361=AXIS2_PLACEMENT_3D('',#4064,#2891,#2892);
#2362=AXIS2_PLACEMENT_3D('',#4066,#2893,#2894);
#2363=AXIS2_PLACEMENT_3D('',#4068,#2895,#2896);
#2364=AXIS2_PLACEMENT_3D('',#4072,#2898,#2899);
#2365=AXIS2_PLACEMENT_3D('',#4076,#2901,#2902);
#2366=AXIS2_PLACEMENT_3D('',#4079,#2904,#2905);
#2367=AXIS2_PLACEMENT_3D('',#4083,#2907,#2908);
#2368=AXIS2_PLACEMENT_3D('',#4085,#2910,#2911);
#2369=AXIS2_PLACEMENT_3D('',#4100,#2912,#2913);
#2370=AXIS2_PLACEMENT_3D('',#4148,#2914,#2915);
#2371=AXIS2_PLACEMENT_3D('',#4204,#2916,#2917);
#2372=AXIS2_PLACEMENT_3D('',#4205,#2918,#2919);
#2373=AXIS2_PLACEMENT_3D('',#4207,#2920,#2921);
#2374=AXIS2_PLACEMENT_3D('',#4209,#2923,#2924);
#2375=AXIS2_PLACEMENT_3D('',#4211,#2925,#2926);
#2376=AXIS2_PLACEMENT_3D('',#4212,#2927,#2928);
#2377=AXIS2_PLACEMENT_3D('',#4213,#2929,#2930);
#2378=AXIS2_PLACEMENT_3D('',#4215,#2931,#2932);
#2379=AXIS2_PLACEMENT_3D('',#4217,#2934,#2935);
#2380=AXIS2_PLACEMENT_3D('',#4219,#2936,#2937);
#2381=AXIS2_PLACEMENT_3D('',#4220,#2938,#2939);
#2382=AXIS2_PLACEMENT_3D('',#4221,#2940,#2941);
#2383=AXIS2_PLACEMENT_3D('',#4223,#2943,#2944);
#2384=AXIS2_PLACEMENT_3D('',#4230,#2946,#2947);
#2385=AXIS2_PLACEMENT_3D('',#4283,#2949,#2950);
#2386=AXIS2_PLACEMENT_3D('',#4315,#2951,#2952);
#2387=AXIS2_PLACEMENT_3D('',#4350,#2953,#2954);
#2388=AXIS2_PLACEMENT_3D('',#4351,#2955,#2956);
#2389=AXIS2_PLACEMENT_3D('',#4353,#2957,#2958);
#2390=AXIS2_PLACEMENT_3D('',#4354,#2959,#2960);
#2391=AXIS2_PLACEMENT_3D('',#4355,#2961,#2962);
#2392=AXIS2_PLACEMENT_3D('',#4358,#2964,#2965);
#2393=AXIS2_PLACEMENT_3D('',#4359,#2966,#2967);
#2394=AXIS2_PLACEMENT_3D('',#4361,#2968,#2969);
#2395=AXIS2_PLACEMENT_3D('',#4362,#2970,#2971);
#2396=AXIS2_PLACEMENT_3D('',#4363,#2972,#2973);
#2397=AXIS2_PLACEMENT_3D('',#4366,#2975,#2976);
#2398=AXIS2_PLACEMENT_3D('',#4367,#2977,#2978);
#2399=AXIS2_PLACEMENT_3D('',#4369,#2979,#2980);
#2400=AXIS2_PLACEMENT_3D('',#4370,#2981,#2982);
#2401=AXIS2_PLACEMENT_3D('',#4399,#2983,#2984);
#2402=AXIS2_PLACEMENT_3D('',#4405,#2988,#2989);
#2403=AXIS2_PLACEMENT_3D('',#4411,#2993,#2994);
#2404=AXIS2_PLACEMENT_3D('',#4413,#2995,#2996);
#2405=AXIS2_PLACEMENT_3D('',#4415,#2998,#2999);
#2406=AXIS2_PLACEMENT_3D('',#4419,#3002,#3003);
#2407=AXIS2_PLACEMENT_3D('',#4421,#3004,#3005);
#2408=AXIS2_PLACEMENT_3D('',#4423,#3007,#3008);
#2409=AXIS2_PLACEMENT_3D('',#4427,#3011,#3012);
#2410=AXIS2_PLACEMENT_3D('',#4429,#3013,#3014);
#2411=AXIS2_PLACEMENT_3D('',#4431,#3016,#3017);
#2412=AXIS2_PLACEMENT_3D('',#4435,#3020,#3021);
#2413=AXIS2_PLACEMENT_3D('',#4436,#3022,#3023);
#2414=AXIS2_PLACEMENT_3D('',#4437,#3024,#3025);
#2415=AXIS2_PLACEMENT_3D('',#4439,#3026,#3027);
#2416=AXIS2_PLACEMENT_3D('',#4441,#3029,#3030);
#2417=AXIS2_PLACEMENT_3D('',#4445,#3033,#3034);
#2418=AXIS2_PLACEMENT_3D('',#4447,#3035,#3036);
#2419=AXIS2_PLACEMENT_3D('',#4449,#3038,#3039);
#2420=AXIS2_PLACEMENT_3D('',#4453,#3042,#3043);
#2421=AXIS2_PLACEMENT_3D('',#4455,#3044,#3045);
#2422=AXIS2_PLACEMENT_3D('',#4457,#3047,#3048);
#2423=AXIS2_PLACEMENT_3D('',#4461,#3051,#3052);
#2424=AXIS2_PLACEMENT_3D('',#4463,#3053,#3054);
#2425=AXIS2_PLACEMENT_3D('',#4465,#3056,#3057);
#2426=AXIS2_PLACEMENT_3D('',#4469,#3060,#3061);
#2427=AXIS2_PLACEMENT_3D('',#4470,#3062,#3063);
#2428=AXIS2_PLACEMENT_3D('',#4471,#3064,#3065);
#2429=AXIS2_PLACEMENT_3D('',#4472,#3066,#3067);
#2430=DIRECTION('axis',(0.,0.,1.));
#2431=DIRECTION('refdir',(1.,0.,0.));
#2432=DIRECTION('axis',(0.,0.,1.));
#2433=DIRECTION('refdir',(1.,0.,0.));
#2434=DIRECTION('center_axis',(1.,0.,0.));
#2435=DIRECTION('ref_axis',(0.,0.999950230748303,0.00997677434920829));
#2436=DIRECTION('',(-1.,0.,0.));
#2437=DIRECTION('center_axis',(1.,-1.76821234938711E-15,-8.25165763047318E-16));
#2438=DIRECTION('ref_axis',(1.77635683940025E-15,0.999950230748303,0.0099767743492063));
#2439=DIRECTION('',(-1.,0.,0.));
#2440=DIRECTION('center_axis',(7.01028990077902E-31,-5.20914680332273E-16,
-1.));
#2441=DIRECTION('ref_axis',(1.,1.01507909384547E-15,0.));
#2442=DIRECTION('center_axis',(3.50514495038951E-31,-2.60457340166137E-16,
-1.));
#2443=DIRECTION('ref_axis',(-0.707106781186547,-0.707106781186548,3.61949699979978E-16));
#2444=DIRECTION('center_axis',(0.,-1.,0.));
#2445=DIRECTION('ref_axis',(0.999950230748303,0.,0.00997677434920731));
#2446=DIRECTION('center_axis',(0.,0.,-1.));
#2447=DIRECTION('ref_axis',(-1.,-8.88178419700124E-16,0.));
#2448=DIRECTION('center_axis',(-3.08897710235709E-16,-1.,1.51907208456711E-16));
#2449=DIRECTION('ref_axis',(0.999950230748303,-4.44089209850063E-16,0.00997677434920785));
#2450=DIRECTION('',(2.38007679622577E-16,1.,-1.48754799764111E-16));
#2451=DIRECTION('center_axis',(-2.00393977273659E-15,-1.,5.45125472223131E-16));
#2452=DIRECTION('ref_axis',(0.999950230748303,-1.99840144432528E-15,0.00997677434920785));
#2453=DIRECTION('',(3.08897710235709E-16,1.,-1.51907208456711E-16));
#2454=DIRECTION('center_axis',(-6.76284635409006E-16,-1.80342569442403E-16,
-1.));
#2455=DIRECTION('ref_axis',(0.257662650560335,-0.966234939601246,0.));
#2456=DIRECTION('center_axis',(-3.38142317704503E-16,-9.01712847212016E-17,
-1.));
#2457=DIRECTION('ref_axis',(-0.792988855709946,0.609236140359246,4.34339639975972E-16));
#2458=DIRECTION('center_axis',(-0.966234939601247,-0.257662650560332,5.15728601904572E-16));
#2459=DIRECTION('ref_axis',(0.257649826883023,-0.966186850811339,0.00997677434920774));
#2460=DIRECTION('center_axis',(0.,0.,-1.));
#2461=DIRECTION('ref_axis',(-0.257662650560336,0.966234939601245,0.));
#2462=DIRECTION('center_axis',(0.966234939601246,0.257662650560332,0.));
#2463=DIRECTION('ref_axis',(0.167467899186907,-0.628004621950904,0.759976774349208));
#2464=DIRECTION('',(0.966234939601246,0.257662650560332,0.));
#2465=DIRECTION('',(0.966234939601246,0.257662650560333,0.));
#2466=DIRECTION('center_axis',(0.,0.,-1.));
#2467=DIRECTION('ref_axis',(1.,0.,0.));
#2468=DIRECTION('',(1.02000067819834E-15,1.,0.));
#2469=DIRECTION('',(-0.966234939601246,-0.257662650560332,0.));
#2470=DIRECTION('center_axis',(0.,0.,1.));
#2471=DIRECTION('ref_axis',(-0.792988855709945,0.609236140359246,0.));
#2472=DIRECTION('',(-3.08897710235709E-16,-1.,0.));
#2473=DIRECTION('center_axis',(0.,0.,1.));
#2474=DIRECTION('ref_axis',(-0.707106781186547,-0.707106781186548,0.));
#2475=DIRECTION('',(1.,0.,0.));
#2476=DIRECTION('center_axis',(-0.966234939601244,-0.257662650560339,0.));
#2477=DIRECTION('ref_axis',(-0.227545769835942,0.853296636884757,-0.46915644737223));
#2478=DIRECTION('center_axis',(-2.90674424865238E-16,-1.,0.));
#2479=DIRECTION('ref_axis',(-0.88311507058201,2.5669896523125E-16,-0.46915644737223));
#2480=DIRECTION('center_axis',(3.08897710235709E-16,1.,-1.51907208456711E-16));
#2481=DIRECTION('ref_axis',(-0.515191009542951,0.,-0.857075389733082));
#2482=DIRECTION('center_axis',(2.90674424865238E-15,-1.,0.));
#2483=DIRECTION('ref_axis',(-0.88311507058201,-2.5669896523125E-15,-0.469156447372229));
#2484=DIRECTION('center_axis',(1.,0.,0.));
#2485=DIRECTION('ref_axis',(0.,-0.88311507058201,-0.46915644737223));
#2486=DIRECTION('center_axis',(1.02000067819834E-15,1.,0.));
#2487=DIRECTION('ref_axis',(-0.968245836551854,8.88178419700125E-16,0.25));
#2488=DIRECTION('',(-1.02000067819834E-15,-1.,0.));
#2489=DIRECTION('center_axis',(2.2932668186396E-16,-1.,-8.88178419700125E-16));
#2490=DIRECTION('ref_axis',(0.,-8.88178419700125E-16,1.));
#2491=DIRECTION('',(-1.02000067819834E-15,-1.,0.));
#2492=DIRECTION('center_axis',(9.17306727455842E-16,1.,0.));
#2493=DIRECTION('ref_axis',(-0.968245836551854,8.88178419700125E-16,0.25));
#2494=DIRECTION('center_axis',(0.,0.,-1.));
#2495=DIRECTION('ref_axis',(-1.,9.49834251788791E-16,0.));
#2496=DIRECTION('center_axis',(0.,0.,-1.));
#2497=DIRECTION('ref_axis',(-1.,9.07387302850448E-16,0.));
#2498=DIRECTION('center_axis',(-1.,0.,0.));
#2499=DIRECTION('ref_axis',(0.,-0.515191009542951,-0.857075389733082));
#2500=DIRECTION('center_axis',(-0.707106781186548,-0.707106781186547,0.));
#2501=DIRECTION('ref_axis',(0.707106781186547,-0.707106781186548,1.09796675432432E-16));
#2502=DIRECTION('center_axis',(-1.02000067819834E-15,-1.,0.));
#2503=DIRECTION('ref_axis',(0.448410956666963,-5.74381439265262E-16,-0.893827507934847));
#2504=DIRECTION('center_axis',(0.792988855709943,-0.609236140359249,0.));
#2505=DIRECTION('ref_axis',(0.609236140359249,0.792988855709943,-4.72998594727693E-17));
#2506=DIRECTION('center_axis',(-7.87498734120504E-32,-2.92583942427877E-16,
1.));
#2507=DIRECTION('ref_axis',(-1.,5.07539546922735E-16,0.));
#2508=DIRECTION('center_axis',(3.93749367060252E-32,1.46291971213939E-16,
-1.));
#2509=DIRECTION('ref_axis',(0.707106781186547,-0.707106781186548,-2.17169819987987E-16));
#2510=DIRECTION('center_axis',(-1.,-8.95866878434431E-16,7.66166682997431E-16));
#2511=DIRECTION('ref_axis',(0.,0.649950230748303,0.759976774349208));
#2512=DIRECTION('center_axis',(0.,0.,-1.));
#2513=DIRECTION('ref_axis',(8.88178419700124E-16,-1.,0.));
#2514=DIRECTION('center_axis',(-4.47933439217216E-16,-1.,-3.83083341498716E-16));
#2515=DIRECTION('ref_axis',(-0.649950230748303,0.,0.759976774349208));
#2516=DIRECTION('center_axis',(0.,-1.,0.));
#2517=DIRECTION('ref_axis',(-0.649950230748303,0.,0.759976774349208));
#2518=DIRECTION('',(0.,-1.,0.));
#2519=DIRECTION('',(0.,-1.,0.));
#2520=DIRECTION('center_axis',(1.98923889306049E-15,-1.,-9.28311483428231E-16));
#2521=DIRECTION('ref_axis',(-0.649950230748304,-1.99840144432528E-15,0.759976774349208));
#2522=DIRECTION('center_axis',(-1.60172676807396E-16,4.2712713815306E-17,
1.));
#2523=DIRECTION('ref_axis',(-0.257662650560334,-0.966234939601246,0.));
#2524=DIRECTION('center_axis',(8.00863384036981E-17,-2.1356356907653E-17,
-1.));
#2525=DIRECTION('ref_axis',(0.792988855709944,0.609236140359248,7.23899399959953E-17));
#2526=DIRECTION('center_axis',(0.,0.,-1.));
#2527=DIRECTION('ref_axis',(1.,1.99840144432527E-15,0.));
#2528=DIRECTION('center_axis',(0.966234939601246,-0.257662650560334,-1.17880823292474E-15));
#2529=DIRECTION('ref_axis',(-0.167467899186907,-0.628004621950903,0.759976774349208));
#2530=DIRECTION('center_axis',(0.966234939601246,-0.257662650560332,1.10513271836694E-16));
#2531=DIRECTION('ref_axis',(-0.167467899186907,-0.628004621950903,0.759976774349208));
#2532=DIRECTION('',(0.966234939601246,-0.257662650560333,8.56977632420174E-17));
#2533=DIRECTION('',(0.966234939601246,-0.257662650560332,1.10513271836694E-16));
#2534=DIRECTION('center_axis',(0.,0.,-1.));
#2535=DIRECTION('ref_axis',(1.,1.49259668138239E-15,0.));
#2536=DIRECTION('center_axis',(2.2932668186396E-16,-1.,-8.88178419700125E-16));
#2537=DIRECTION('ref_axis',(0.968245836551854,0.,0.25));
#2538=DIRECTION('center_axis',(0.,0.,-1.));
#2539=DIRECTION('ref_axis',(1.,1.51231217141741E-15,0.));
#2540=DIRECTION('center_axis',(0.,0.,-1.));
#2541=DIRECTION('ref_axis',(1.,0.,0.));
#2542=DIRECTION('',(1.02000067819834E-15,-1.,0.));
#2543=DIRECTION('',(1.,0.,0.));
#2544=DIRECTION('center_axis',(0.,0.,1.));
#2545=DIRECTION('ref_axis',(0.707106781186547,-0.707106781186548,0.));
#2546=DIRECTION('',(0.,1.,0.));
#2547=DIRECTION('center_axis',(0.,0.,1.));
#2548=DIRECTION('ref_axis',(0.792988855709944,0.609236140359248,0.));
#2549=DIRECTION('',(-0.966234939601246,0.257662650560332,0.));
#2550=DIRECTION('center_axis',(1.,0.,0.));
#2551=DIRECTION('ref_axis',(0.,-0.88311507058201,-0.46915644737223));
#2552=DIRECTION('center_axis',(0.,1.,0.));
#2553=DIRECTION('ref_axis',(0.88311507058201,0.,-0.46915644737223));
#2554=DIRECTION('center_axis',(0.,-1.,0.));
#2555=DIRECTION('ref_axis',(0.515191009542951,0.,-0.857075389733082));
#2556=DIRECTION('center_axis',(-2.32539539892191E-15,1.,0.));
#2557=DIRECTION('ref_axis',(0.88311507058201,2.05359172185E-15,-0.46915644737223));
#2558=DIRECTION('center_axis',(-0.966234939601246,0.257662650560333,0.));
#2559=DIRECTION('ref_axis',(0.227545769835936,0.853296636884759,-0.46915644737223));
#2560=DIRECTION('center_axis',(1.02000067819834E-15,-1.,0.));
#2561=DIRECTION('ref_axis',(0.968245836551854,8.88178419700125E-16,0.25));
#2562=DIRECTION('',(-1.02000067819834E-15,1.,0.));
#2563=DIRECTION('center_axis',(-9.17306727455842E-16,1.,0.));
#2564=DIRECTION('ref_axis',(0.,0.,1.));
#2565=DIRECTION('',(-1.02000067819834E-15,1.,0.));
#2566=DIRECTION('center_axis',(-1.02000067819834E-15,1.,0.));
#2567=DIRECTION('ref_axis',(-0.448410956666963,-5.74381439265262E-16,-0.893827507934847));
#2568=DIRECTION('center_axis',(0.792988855709944,0.609236140359249,0.));
#2569=DIRECTION('ref_axis',(-0.609236140359249,0.792988855709944,9.45997189455385E-17));
#2570=DIRECTION('center_axis',(-0.707106781186548,0.707106781186547,0.));
#2571=DIRECTION('ref_axis',(-0.707106781186547,-0.707106781186548,-5.48983377162159E-17));
#2572=DIRECTION('center_axis',(0.966234939601246,-0.257662650560332,1.10513271836694E-16));
#2573=DIRECTION('ref_axis',(0.13274548106369,0.497795553988838,-0.857075389733082));
#2574=DIRECTION('center_axis',(0.,0.,-1.));
#2575=DIRECTION('ref_axis',(1.,-9.49834251788791E-16,0.));
#2576=DIRECTION('center_axis',(0.,0.,-1.));
#2577=DIRECTION('ref_axis',(1.,-9.07387302850447E-16,0.));
#2578=DIRECTION('center_axis',(0.,0.,1.));
#2579=DIRECTION('ref_axis',(1.,0.,0.));
#2580=DIRECTION('center_axis',(0.,0.,1.));
#2581=DIRECTION('ref_axis',(0.0764865770871642,-0.99707061110309,0.));
#2582=DIRECTION('',(0.995037190209989,0.0995037190210007,0.));
#2583=DIRECTION('center_axis',(0.,0.,-1.));
#2584=DIRECTION('ref_axis',(1.11619362825291E-15,1.,0.));
#2585=DIRECTION('',(0.995037190209989,-0.0995037190210037,0.));
#2586=DIRECTION('center_axis',(0.,0.,1.));
#2587=DIRECTION('ref_axis',(-0.0764865770871631,-0.99707061110309,0.));
#2588=DIRECTION('',(-0.966234939601246,0.257662650560332,0.));
#2589=DIRECTION('center_axis',(0.,0.,1.));
#2590=DIRECTION('ref_axis',(0.12993279108592,0.991522803469806,0.));
#2591=DIRECTION('',(-1.,0.,0.));
#2592=DIRECTION('center_axis',(0.,0.,1.));
#2593=DIRECTION('ref_axis',(-0.129932791085919,0.991522803469806,0.));
#2594=DIRECTION('',(-0.966234939601246,-0.257662650560332,0.));
#2595=DIRECTION('center_axis',(0.,0.,-1.));
#2596=DIRECTION('ref_axis',(-1.,-6.04924868566965E-16,0.));
#2597=DIRECTION('center_axis',(0.,0.,-1.));
#2598=DIRECTION('ref_axis',(-1.,-6.78453036991994E-16,0.));
#2599=DIRECTION('center_axis',(0.966234939601246,0.257662650560332,0.));
#2600=DIRECTION('ref_axis',(-0.13274548106369,0.497795553988838,-0.857075389733082));
#2601=DIRECTION('center_axis',(-0.966234939601246,0.257662650560333,0.));
#2602=DIRECTION('ref_axis',(0.257662650560333,0.966234939601246,0.));
#2603=DIRECTION('center_axis',(0.966234939601246,0.257662650560333,2.54278228656024E-16));
#2604=DIRECTION('ref_axis',(0.,9.86864910777917E-16,-1.));
#2605=DIRECTION('center_axis',(0.966234939601246,-0.257662650560332,0.));
#2606=DIRECTION('ref_axis',(0.182195007469711,0.683231278011415,-0.707106781186548));
#2607=DIRECTION('',(0.966234939601246,-0.257662650560332,0.));
#2608=DIRECTION('center_axis',(-0.966234939601245,0.257662650560338,0.));
#2609=DIRECTION('ref_axis',(0.257662650560338,0.966234939601245,0.));
#2610=DIRECTION('center_axis',(0.,0.,1.));
#2611=DIRECTION('ref_axis',(1.,0.,0.));
#2612=DIRECTION('center_axis',(0.,0.,-1.));
#2613=DIRECTION('ref_axis',(0.12993279108592,0.991522803469806,0.));
#2614=DIRECTION('center_axis',(-1.,0.,0.));
#2615=DIRECTION('ref_axis',(0.,1.,0.));
#2616=DIRECTION('center_axis',(1.,0.,0.));
#2617=DIRECTION('ref_axis',(0.,0.707106781186548,-0.707106781186547));
#2618=DIRECTION('',(1.,0.,0.));
#2619=DIRECTION('center_axis',(-1.,2.96059473233375E-15,0.));
#2620=DIRECTION('ref_axis',(2.96059473233375E-15,1.,0.));
#2621=DIRECTION('center_axis',(0.,0.,1.));
#2622=DIRECTION('ref_axis',(1.,0.,0.));
#2623=DIRECTION('center_axis',(0.,0.,-1.));
#2624=DIRECTION('ref_axis',(-0.129932791085919,0.991522803469806,0.));
#2625=DIRECTION('center_axis',(-0.966234939601246,-0.257662650560333,0.));
#2626=DIRECTION('ref_axis',(-0.257662650560333,0.966234939601246,0.));
#2627=DIRECTION('center_axis',(-0.966234939601246,-0.257662650560332,0.));
#2628=DIRECTION('ref_axis',(-0.182195007469711,0.683231278011416,-0.707106781186547));
#2629=DIRECTION('',(0.966234939601246,0.257662650560332,0.));
#2630=DIRECTION('center_axis',(-1.,0.,0.));
#2631=DIRECTION('ref_axis',(0.,-0.515191009542951,-0.857075389733082));
#2632=DIRECTION('',(-1.,0.,0.));
#2633=DIRECTION('center_axis',(-1.,0.,0.));
#2634=DIRECTION('ref_axis',(0.,0.649950230748304,0.759976774349208));
#2635=DIRECTION('',(-1.,0.,0.));
#2636=DIRECTION('center_axis',(-0.997914390633745,0.0645512894222985,-1.04851009855311E-15));
#2637=DIRECTION('ref_axis',(9.86864910777917E-16,-9.86864910777917E-16,
-1.));
#2638=DIRECTION('center_axis',(0.,0.,1.));
#2639=DIRECTION('ref_axis',(1.,0.,0.));
#2640=DIRECTION('center_axis',(-0.995037190209989,0.0995037190210051,0.));
#2641=DIRECTION('ref_axis',(0.,0.,-1.));
#2642=DIRECTION('center_axis',(0.,0.,-1.));
#2643=DIRECTION('ref_axis',(-0.0764865770871631,-0.99707061110309,0.));
#2644=DIRECTION('center_axis',(0.995037190209989,-0.0995037190210037,0.));
#2645=DIRECTION('ref_axis',(-0.0703597544730322,-0.703597544730292,-0.707106781186547));
#2646=DIRECTION('center_axis',(-0.995037190209989,0.099503719021004,0.));
#2647=DIRECTION('ref_axis',(0.,0.,-1.));
#2648=DIRECTION('',(-0.995037190209989,0.0995037190210037,0.));
#2649=DIRECTION('center_axis',(0.,0.,1.));
#2650=DIRECTION('ref_axis',(1.,0.,0.));
#2651=DIRECTION('center_axis',(-0.995037190209989,-0.0995037190210008,0.));
#2652=DIRECTION('ref_axis',(0.,0.,-1.));
#2653=DIRECTION('center_axis',(0.,0.,1.));
#2654=DIRECTION('ref_axis',(1.11619362825291E-15,1.,0.));
#2655=DIRECTION('center_axis',(-0.995037190209989,-0.0995037190210007,0.));
#2656=DIRECTION('ref_axis',(0.0703597544730302,-0.703597544730292,-0.707106781186547));
#2657=DIRECTION('center_axis',(-0.995037190209989,-0.0995037190210015,0.));
#2658=DIRECTION('ref_axis',(0.,0.,-1.));
#2659=DIRECTION('',(-0.995037190209989,-0.0995037190210007,0.));
#2660=DIRECTION('center_axis',(0.,0.,1.));
#2661=DIRECTION('ref_axis',(1.,0.,0.));
#2662=DIRECTION('center_axis',(-0.997914390633745,-0.0645512894222981,2.03331679462988E-15));
#2663=DIRECTION('ref_axis',(-1.97372982155583E-15,-9.86864910777917E-16,
-1.));
#2664=DIRECTION('center_axis',(0.,0.,-1.));
#2665=DIRECTION('ref_axis',(0.0764865770871642,-0.99707061110309,0.));
#2666=DIRECTION('center_axis',(0.,1.,0.));
#2667=DIRECTION('ref_axis',(-1.,0.,0.));
#2668=DIRECTION('',(1.,0.,0.));
#2669=DIRECTION('',(0.,0.,1.));
#2670=DIRECTION('',(0.,0.,1.));
#2671=DIRECTION('center_axis',(-0.0995037190210037,-0.995037190209989,0.));
#2672=DIRECTION('ref_axis',(0.995037190209989,-0.0995037190210037,0.));
#2673=DIRECTION('',(-0.995037190209989,0.0995037190210037,0.));
#2674=DIRECTION('',(0.,0.,1.));
#2675=DIRECTION('',(0.,0.,1.));
#2676=DIRECTION('center_axis',(0.,0.,1.));
#2677=DIRECTION('ref_axis',(-0.0995037190209993,-0.995037190209989,0.));
#2678=DIRECTION('center_axis',(0.,0.,-1.));
#2679=DIRECTION('ref_axis',(-0.0995037190209993,-0.995037190209989,0.));
#2680=DIRECTION('',(0.,0.,1.));
#2681=DIRECTION('center_axis',(0.,-1.,0.));
#2682=DIRECTION('ref_axis',(1.,0.,0.));
#2683=DIRECTION('',(-1.,0.,0.));
#2684=DIRECTION('',(0.,0.,1.));
#2685=DIRECTION('center_axis',(0.,0.,1.));
#2686=DIRECTION('ref_axis',(8.88178419700124E-16,-1.,0.));
#2687=DIRECTION('center_axis',(0.,0.,-1.));
#2688=DIRECTION('ref_axis',(8.88178419700124E-16,-1.,0.));
#2689=DIRECTION('',(0.,0.,1.));
#2690=DIRECTION('center_axis',(1.,0.,0.));
#2691=DIRECTION('ref_axis',(0.,1.,0.));
#2692=DIRECTION('',(0.,-1.,0.));
#2693=DIRECTION('',(0.,0.,1.));
#2694=DIRECTION('center_axis',(0.,0.,1.));
#2695=DIRECTION('ref_axis',(1.,1.99840144432527E-15,0.));
#2696=DIRECTION('center_axis',(0.,0.,-1.));
#2697=DIRECTION('ref_axis',(1.,1.99840144432527E-15,0.));
#2698=DIRECTION('',(0.,0.,1.));
#2699=DIRECTION('center_axis',(0.257662650560332,0.966234939601246,0.));
#2700=DIRECTION('ref_axis',(-0.966234939601246,0.257662650560332,0.));
#2701=DIRECTION('',(0.966234939601246,-0.257662650560332,0.));
#2702=DIRECTION('',(0.,0.,1.));
#2703=DIRECTION('center_axis',(0.,0.,1.));
#2704=DIRECTION('ref_axis',(0.257662650560337,0.966234939601245,0.));
#2705=DIRECTION('center_axis',(0.,0.,-1.));
#2706=DIRECTION('ref_axis',(0.257662650560337,0.966234939601245,0.));
#2707=DIRECTION('center_axis',(0.,0.,1.));
#2708=DIRECTION('ref_axis',(2.3536728122054E-15,1.,0.));
#2709=DIRECTION('center_axis',(0.,0.,-1.));
#2710=DIRECTION('ref_axis',(2.3536728122054E-15,1.,0.));
#2711=DIRECTION('',(0.,0.,1.));
#2712=DIRECTION('center_axis',(-0.257662650560332,0.966234939601246,0.));
#2713=DIRECTION('ref_axis',(-0.966234939601246,-0.257662650560332,0.));
#2714=DIRECTION('',(0.966234939601246,0.257662650560332,0.));
#2715=DIRECTION('',(0.,0.,1.));
#2716=DIRECTION('center_axis',(0.,0.,1.));
#2717=DIRECTION('ref_axis',(-0.257662650560336,0.966234939601245,0.));
#2718=DIRECTION('center_axis',(0.,0.,-1.));
#2719=DIRECTION('ref_axis',(-0.257662650560336,0.966234939601245,0.));
#2720=DIRECTION('',(0.,0.,1.));
#2721=DIRECTION('center_axis',(-1.,0.,0.));
#2722=DIRECTION('ref_axis',(0.,-1.,0.));
#2723=DIRECTION('',(0.,1.,0.));
#2724=DIRECTION('',(0.,0.,1.));
#2725=DIRECTION('center_axis',(0.,0.,1.));
#2726=DIRECTION('ref_axis',(-1.,-8.88178419700124E-16,0.));
#2727=DIRECTION('center_axis',(0.,0.,-1.));
#2728=DIRECTION('ref_axis',(-1.,-8.88178419700124E-16,0.));
#2729=DIRECTION('',(0.,0.,1.));
#2730=DIRECTION('center_axis',(0.,-1.,0.));
#2731=DIRECTION('ref_axis',(1.,0.,0.));
#2732=DIRECTION('',(-1.,0.,0.));
#2733=DIRECTION('',(0.,0.,1.));
#2734=DIRECTION('center_axis',(0.,0.,1.));
#2735=DIRECTION('ref_axis',(0.,-1.,0.));
#2736=DIRECTION('center_axis',(0.,0.,-1.));
#2737=DIRECTION('ref_axis',(0.,-1.,0.));
#2738=DIRECTION('',(0.,0.,1.));
#2739=DIRECTION('center_axis',(0.0995037190210007,-0.995037190209989,0.));
#2740=DIRECTION('ref_axis',(0.995037190209989,0.0995037190210007,0.));
#2741=DIRECTION('',(-0.995037190209989,-0.0995037190210007,0.));
#2742=DIRECTION('',(0.,0.,1.));
#2743=DIRECTION('center_axis',(0.,0.,1.));
#2744=DIRECTION('ref_axis',(0.0995037190210042,0.995037190209989,0.));
#2745=DIRECTION('center_axis',(0.,0.,1.));
#2746=DIRECTION('ref_axis',(0.0995037190210042,0.995037190209989,0.));
#2747=DIRECTION('center_axis',(1.,0.,0.));
#2748=DIRECTION('ref_axis',(0.,0.999950230748303,0.00997677434920829));
#2749=DIRECTION('',(-1.,0.,0.));
#2750=DIRECTION('center_axis',(1.,-1.76821234938711E-15,-8.25165763047318E-16));
#2751=DIRECTION('ref_axis',(1.77635683940025E-15,0.999950230748303,0.0099767743492063));
#2752=DIRECTION('',(-1.,0.,0.));
#2753=DIRECTION('center_axis',(7.01028990077902E-31,-5.20914680332273E-16,
-1.));
#2754=DIRECTION('ref_axis',(1.,1.07253748016159E-15,0.));
#2755=DIRECTION('center_axis',(3.50514495038951E-31,-2.60457340166137E-16,
-1.));
#2756=DIRECTION('ref_axis',(-0.707106781186547,-0.707106781186548,3.61949699979979E-16));
#2757=DIRECTION('center_axis',(0.,0.,1.));
#2758=DIRECTION('ref_axis',(-1.,-8.88178419700124E-16,0.));
#2759=DIRECTION('center_axis',(0.,-1.,0.));
#2760=DIRECTION('ref_axis',(0.999950230748303,0.,0.0099767743492073));
#2761=DIRECTION('center_axis',(-3.08897710235709E-16,-1.,1.51907208456711E-16));
#2762=DIRECTION('ref_axis',(0.999950230748303,-4.44089209850063E-16,0.00997677434920785));
#2763=DIRECTION('',(3.08897710235709E-16,1.,-1.51907208456711E-16));
#2764=DIRECTION('',(0.,1.,0.));
#2765=DIRECTION('center_axis',(-2.00393977273659E-15,-1.,5.45125472223131E-16));
#2766=DIRECTION('ref_axis',(0.999950230748303,-1.99840144432528E-15,0.00997677434920785));
#2767=DIRECTION('center_axis',(-6.76284635409006E-16,-1.80342569442403E-16,
-1.));
#2768=DIRECTION('ref_axis',(0.257662650560335,-0.966234939601246,0.));
#2769=DIRECTION('center_axis',(-3.38142317704503E-16,-9.01712847212016E-17,
-1.));
#2770=DIRECTION('ref_axis',(-0.792988855709946,0.609236140359246,4.34339639975972E-16));
#2771=DIRECTION('center_axis',(0.,0.,1.));
#2772=DIRECTION('ref_axis',(-0.257662650560336,0.966234939601245,0.));
#2773=DIRECTION('center_axis',(-0.966234939601247,-0.257662650560332,5.15728601904572E-16));
#2774=DIRECTION('ref_axis',(0.257649826883023,-0.966186850811339,0.00997677434920774));
#2775=DIRECTION('center_axis',(0.966234939601246,0.257662650560332,0.));
#2776=DIRECTION('ref_axis',(0.167467899186907,-0.628004621950903,0.759976774349208));
#2777=DIRECTION('',(0.966234939601246,0.257662650560332,0.));
#2778=DIRECTION('',(-0.966234939601246,-0.257662650560332,0.));
#2779=DIRECTION('center_axis',(0.,0.,-1.));
#2780=DIRECTION('ref_axis',(1.,0.,0.));
#2781=DIRECTION('',(1.02000067819834E-15,1.,0.));
#2782=DIRECTION('',(1.,0.,0.));
#2783=DIRECTION('center_axis',(0.,0.,1.));
#2784=DIRECTION('ref_axis',(-0.707106781186547,-0.707106781186548,0.));
#2785=DIRECTION('',(-3.08897710235709E-16,-1.,0.));
#2786=DIRECTION('center_axis',(0.,0.,1.));
#2787=DIRECTION('ref_axis',(-0.792988855709945,0.609236140359246,0.));
#2788=DIRECTION('',(-0.966234939601246,-0.257662650560332,0.));
#2789=DIRECTION('center_axis',(-0.966234939601244,-0.257662650560339,0.));
#2790=DIRECTION('ref_axis',(-0.227545769835942,0.853296636884757,-0.46915644737223));
#2791=DIRECTION('center_axis',(-2.90674424865238E-16,-1.,0.));
#2792=DIRECTION('ref_axis',(-0.88311507058201,2.5669896523125E-16,-0.46915644737223));
#2793=DIRECTION('center_axis',(3.08897710235709E-16,1.,-1.51907208456711E-16));
#2794=DIRECTION('ref_axis',(-0.515191009542951,0.,-0.857075389733082));
#2795=DIRECTION('center_axis',(2.90674424865238E-15,-1.,0.));
#2796=DIRECTION('ref_axis',(-0.88311507058201,-2.5669896523125E-15,-0.469156447372229));
#2797=DIRECTION('center_axis',(1.,0.,0.));
#2798=DIRECTION('ref_axis',(0.,-0.88311507058201,-0.46915644737223));
#2799=DIRECTION('center_axis',(1.02000067819834E-15,1.,0.));
#2800=DIRECTION('ref_axis',(-0.968245836551854,8.88178419700125E-16,0.25));
#2801=DIRECTION('',(-1.02000067819834E-15,-1.,0.));
#2802=DIRECTION('center_axis',(9.17306727455842E-16,1.,0.));
#2803=DIRECTION('ref_axis',(-0.968245836551854,8.88178419700125E-16,0.25));
#2804=DIRECTION('',(-1.02000067819834E-15,-1.,0.));
#2805=DIRECTION('center_axis',(2.2932668186396E-16,-1.,-8.88178419700125E-16));
#2806=DIRECTION('ref_axis',(0.,-8.88178419700125E-16,1.));
#2807=DIRECTION('center_axis',(0.,0.,-1.));
#2808=DIRECTION('ref_axis',(-1.,1.00755748812872E-15,0.));
#2809=DIRECTION('center_axis',(0.,0.,-1.));
#2810=DIRECTION('ref_axis',(-1.,9.07387302850448E-16,0.));
#2811=DIRECTION('center_axis',(-1.,0.,0.));
#2812=DIRECTION('ref_axis',(0.,-0.515191009542951,-0.857075389733082));
#2813=DIRECTION('center_axis',(0.707106781186548,0.707106781186547,0.));
#2814=DIRECTION('ref_axis',(0.707106781186547,-0.707106781186548,-4.53783947596467E-17));
#2815=DIRECTION('center_axis',(-1.02000067819834E-15,-1.,0.));
#2816=DIRECTION('ref_axis',(0.448410956666963,-5.74381439265262E-16,-0.893827507934847));
#2817=DIRECTION('center_axis',(0.792988855709943,-0.609236140359249,0.));
#2818=DIRECTION('ref_axis',(0.609236140359249,0.792988855709943,-3.90975717029249E-17));
#2819=DIRECTION('center_axis',(-7.87498734120504E-32,-2.92583942427877E-16,
1.));
#2820=DIRECTION('ref_axis',(-1.,5.36268740080793E-16,0.));
#2821=DIRECTION('center_axis',(3.93749367060252E-32,1.46291971213939E-16,
-1.));
#2822=DIRECTION('ref_axis',(0.707106781186547,-0.707106781186548,-2.17169819987987E-16));
#2823=DIRECTION('center_axis',(-4.47933439217216E-16,-1.,-3.83083341498716E-16));
#2824=DIRECTION('ref_axis',(-0.649950230748303,0.,0.759976774349208));
#2825=DIRECTION('center_axis',(0.,0.,1.));
#2826=DIRECTION('ref_axis',(8.88178419700124E-16,-1.,0.));
#2827=DIRECTION('center_axis',(-1.,-8.95866878434431E-16,7.66166682997431E-16));
#2828=DIRECTION('ref_axis',(0.,0.649950230748303,0.759976774349208));
#2829=DIRECTION('center_axis',(0.,-1.,0.));
#2830=DIRECTION('ref_axis',(-0.649950230748303,0.,0.759976774349208));
#2831=DIRECTION('',(0.,-1.,0.));
#2832=DIRECTION('center_axis',(1.98923889306049E-15,-1.,-9.28311483428231E-16));
#2833=DIRECTION('ref_axis',(-0.649950230748304,-1.99840144432528E-15,0.759976774349208));
#2834=DIRECTION('',(0.,1.,0.));
#2835=DIRECTION('center_axis',(-1.60172676807396E-16,4.2712713815306E-17,
1.));
#2836=DIRECTION('ref_axis',(-0.257662650560334,-0.966234939601246,0.));
#2837=DIRECTION('center_axis',(8.00863384036981E-17,-2.1356356907653E-17,
-1.));
#2838=DIRECTION('ref_axis',(0.792988855709944,0.609236140359248,7.23899399959953E-17));
#2839=DIRECTION('center_axis',(0.966234939601246,-0.257662650560334,-1.17880823292474E-15));
#2840=DIRECTION('ref_axis',(-0.167467899186907,-0.628004621950903,0.759976774349208));
#2841=DIRECTION('center_axis',(0.,0.,1.));
#2842=DIRECTION('ref_axis',(1.,1.99840144432527E-15,0.));
#2843=DIRECTION('center_axis',(0.966234939601246,-0.257662650560332,1.10513271836694E-16));
#2844=DIRECTION('ref_axis',(-0.167467899186907,-0.628004621950903,0.759976774349208));
#2845=DIRECTION('',(0.966234939601246,-0.257662650560332,0.));
#2846=DIRECTION('',(0.966234939601246,-0.257662650560332,1.10513271836694E-16));
#2847=DIRECTION('center_axis',(0.,0.,-1.));
#2848=DIRECTION('ref_axis',(1.,1.43936784018388E-15,0.));
#2849=DIRECTION('center_axis',(0.,0.,-1.));
#2850=DIRECTION('ref_axis',(1.,1.51231217141741E-15,0.));
#2851=DIRECTION('center_axis',(2.2932668186396E-16,-1.,-8.88178419700125E-16));
#2852=DIRECTION('ref_axis',(0.968245836551854,0.,0.25));
#2853=DIRECTION('center_axis',(0.,0.,-1.));
#2854=DIRECTION('ref_axis',(1.,0.,0.));
#2855=DIRECTION('',(1.02000067819834E-15,-1.,0.));
#2856=DIRECTION('',(-0.966234939601246,0.257662650560332,0.));
#2857=DIRECTION('center_axis',(0.,0.,1.));
#2858=DIRECTION('ref_axis',(0.792988855709944,0.609236140359248,0.));
#2859=DIRECTION('',(0.,1.,0.));
#2860=DIRECTION('center_axis',(0.,0.,1.));
#2861=DIRECTION('ref_axis',(0.707106781186547,-0.707106781186548,0.));
#2862=DIRECTION('',(1.,0.,0.));
#2863=DIRECTION('center_axis',(1.,0.,0.));
#2864=DIRECTION('ref_axis',(0.,-0.88311507058201,-0.46915644737223));
#2865=DIRECTION('center_axis',(0.,1.,0.));
#2866=DIRECTION('ref_axis',(0.88311507058201,0.,-0.46915644737223));
#2867=DIRECTION('center_axis',(0.,-1.,0.));
#2868=DIRECTION('ref_axis',(0.515191009542951,0.,-0.857075389733082));
#2869=DIRECTION('center_axis',(-2.32539539892191E-15,1.,0.));
#2870=DIRECTION('ref_axis',(0.88311507058201,2.05359172185E-15,-0.46915644737223));
#2871=DIRECTION('center_axis',(-0.966234939601246,0.257662650560333,0.));
#2872=DIRECTION('ref_axis',(0.227545769835936,0.853296636884759,-0.46915644737223));
#2873=DIRECTION('center_axis',(1.02000067819834E-15,-1.,0.));
#2874=DIRECTION('ref_axis',(0.968245836551854,8.88178419700125E-16,0.25));
#2875=DIRECTION('',(-1.02000067819834E-15,1.,0.));
#2876=DIRECTION('',(-1.02000067819834E-15,1.,0.));
#2877=DIRECTION('center_axis',(-9.17306727455842E-16,1.,0.));
#2878=DIRECTION('ref_axis',(0.,0.,1.));
#2879=DIRECTION('center_axis',(-1.02000067819834E-15,1.,0.));
#2880=DIRECTION('ref_axis',(-0.448410956666963,-5.74381439265262E-16,-0.893827507934847));
#2881=DIRECTION('center_axis',(-0.792988855709944,-0.609236140359249,0.));
#2882=DIRECTION('ref_axis',(-0.609236140359249,0.792988855709944,-3.90975717029249E-17));
#2883=DIRECTION('center_axis',(-0.707106781186548,0.707106781186547,0.));
#2884=DIRECTION('ref_axis',(-0.707106781186547,-0.707106781186548,-4.53783947596467E-17));
#2885=DIRECTION('center_axis',(0.966234939601246,-0.257662650560332,1.10513271836694E-16));
#2886=DIRECTION('ref_axis',(0.13274548106369,0.497795553988838,-0.857075389733082));
#2887=DIRECTION('center_axis',(0.,0.,-1.));
#2888=DIRECTION('ref_axis',(1.,-1.00755748812872E-15,0.));
#2889=DIRECTION('center_axis',(0.,0.,-1.));
#2890=DIRECTION('ref_axis',(1.,-9.07387302850447E-16,0.));
#2891=DIRECTION('center_axis',(0.,0.,1.));
#2892=DIRECTION('ref_axis',(1.,0.,0.));
#2893=DIRECTION('center_axis',(0.,0.,1.));
#2894=DIRECTION('ref_axis',(0.0764865770871642,-0.99707061110309,0.));
#2895=DIRECTION('center_axis',(0.,0.,-1.));
#2896=DIRECTION('ref_axis',(-1.,-6.04924868566965E-16,0.));
#2897=DIRECTION('',(-0.966234939601246,-0.257662650560332,0.));
#2898=DIRECTION('center_axis',(0.,0.,1.));
#2899=DIRECTION('ref_axis',(-0.129932791085919,0.991522803469806,0.));
#2900=DIRECTION('',(-1.,0.,0.));
#2901=DIRECTION('center_axis',(0.,0.,1.));
#2902=DIRECTION('ref_axis',(0.12993279108592,0.991522803469806,0.));
#2903=DIRECTION('',(-0.966234939601246,0.257662650560332,0.));
#2904=DIRECTION('center_axis',(0.,0.,1.));
#2905=DIRECTION('ref_axis',(-0.0764865770871631,-0.99707061110309,0.));
#2906=DIRECTION('',(0.995037190209989,-0.0995037190210037,0.));
#2907=DIRECTION('center_axis',(0.,0.,-1.));
#2908=DIRECTION('ref_axis',(1.11619362825291E-15,1.,0.));
#2909=DIRECTION('',(0.995037190209989,0.0995037190210007,0.));
#2910=DIRECTION('center_axis',(0.,0.,-1.));
#2911=DIRECTION('ref_axis',(-1.,-7.1968392009194E-16,0.));
#2912=DIRECTION('center_axis',(0.966234939601246,0.257662650560332,0.));
#2913=DIRECTION('ref_axis',(-0.13274548106369,0.497795553988838,-0.857075389733082));
#2914=DIRECTION('center_axis',(-0.966234939601246,0.257662650560333,0.));
#2915=DIRECTION('ref_axis',(0.257662650560333,0.966234939601246,0.));
#2916=DIRECTION('center_axis',(0.966234939601246,0.257662650560333,2.54278228656024E-16));
#2917=DIRECTION('ref_axis',(0.,9.86864910777917E-16,-1.));
#2918=DIRECTION('center_axis',(0.966234939601246,-0.257662650560332,0.));
#2919=DIRECTION('ref_axis',(0.182195007469711,0.683231278011415,-0.707106781186548));
#2920=DIRECTION('center_axis',(-0.966234939601245,0.257662650560338,0.));
#2921=DIRECTION('ref_axis',(0.257662650560338,0.966234939601245,0.));
#2922=DIRECTION('',(0.966234939601246,-0.257662650560332,0.));
#2923=DIRECTION('center_axis',(0.,0.,1.));
#2924=DIRECTION('ref_axis',(1.,0.,0.));
#2925=DIRECTION('center_axis',(-1.,0.,0.));
#2926=DIRECTION('ref_axis',(0.,1.,0.));
#2927=DIRECTION('center_axis',(0.,0.,-1.));
#2928=DIRECTION('ref_axis',(0.12993279108592,0.991522803469806,0.));
#2929=DIRECTION('center_axis',(1.,0.,0.));
#2930=DIRECTION('ref_axis',(0.,0.707106781186548,-0.707106781186547));
#2931=DIRECTION('center_axis',(-1.,2.96059473233375E-15,0.));
#2932=DIRECTION('ref_axis',(2.96059473233375E-15,1.,0.));
#2933=DIRECTION('',(1.,0.,0.));
#2934=DIRECTION('center_axis',(0.,0.,1.));
#2935=DIRECTION('ref_axis',(1.,0.,0.));
#2936=DIRECTION('center_axis',(-0.966234939601246,-0.257662650560333,0.));
#2937=DIRECTION('ref_axis',(-0.257662650560333,0.966234939601246,0.));
#2938=DIRECTION('center_axis',(0.,0.,-1.));
#2939=DIRECTION('ref_axis',(-0.129932791085919,0.991522803469806,0.));
#2940=DIRECTION('center_axis',(-0.966234939601246,-0.257662650560332,0.));
#2941=DIRECTION('ref_axis',(-0.182195007469711,0.683231278011416,-0.707106781186547));
#2942=DIRECTION('',(0.966234939601246,0.257662650560332,0.));
#2943=DIRECTION('center_axis',(-1.,0.,0.));
#2944=DIRECTION('ref_axis',(0.,-0.515191009542952,-0.857075389733082));
#2945=DIRECTION('',(-1.,0.,0.));
#2946=DIRECTION('center_axis',(-1.,0.,0.));
#2947=DIRECTION('ref_axis',(0.,0.649950230748304,0.759976774349208));
#2948=DIRECTION('',(1.,0.,0.));
#2949=DIRECTION('center_axis',(-0.905454350518665,3.91827204215664E-13,
0.424443658365658));
#2950=DIRECTION('ref_axis',(-0.424311572489586,-0.024945911271829,-0.90517257523758));
#2951=DIRECTION('center_axis',(0.90545435051867,3.93666685038439E-13,0.424443658365647));
#2952=DIRECTION('ref_axis',(-8.25019065410337E-13,-1.,2.68747986827596E-12));
#2953=DIRECTION('center_axis',(-0.997914390633745,0.0645512894222985,-1.04851009855311E-15));
#2954=DIRECTION('ref_axis',(9.86864910777917E-16,-9.86864910777917E-16,
-1.));
#2955=DIRECTION('center_axis',(0.,0.,1.));
#2956=DIRECTION('ref_axis',(1.,0.,0.));
#2957=DIRECTION('center_axis',(0.,0.,-1.));
#2958=DIRECTION('ref_axis',(-0.0764865770871631,-0.99707061110309,0.));
#2959=DIRECTION('center_axis',(-0.995037190209989,0.0995037190210051,0.));
#2960=DIRECTION('ref_axis',(0.,0.,-1.));
#2961=DIRECTION('center_axis',(0.995037190209989,-0.0995037190210037,0.));
#2962=DIRECTION('ref_axis',(-0.0703597544730322,-0.703597544730292,-0.707106781186547));
#2963=DIRECTION('',(-0.995037190209989,0.0995037190210037,0.));
#2964=DIRECTION('center_axis',(-0.995037190209989,0.099503719021004,0.));
#2965=DIRECTION('ref_axis',(0.,0.,-1.));
#2966=DIRECTION('center_axis',(0.,0.,1.));
#2967=DIRECTION('ref_axis',(1.,0.,0.));
#2968=DIRECTION('center_axis',(0.,0.,1.));
#2969=DIRECTION('ref_axis',(1.11619362825291E-15,1.,0.));
#2970=DIRECTION('center_axis',(-0.995037190209989,-0.0995037190210008,0.));
#2971=DIRECTION('ref_axis',(0.,0.,-1.));
#2972=DIRECTION('center_axis',(-0.995037190209989,-0.0995037190210007,0.));
#2973=DIRECTION('ref_axis',(0.0703597544730302,-0.703597544730292,-0.707106781186547));
#2974=DIRECTION('',(-0.995037190209989,-0.0995037190210007,0.));
#2975=DIRECTION('center_axis',(-0.995037190209989,-0.0995037190210015,0.));
#2976=DIRECTION('ref_axis',(0.,0.,-1.));
#2977=DIRECTION('center_axis',(0.,0.,1.));
#2978=DIRECTION('ref_axis',(1.,0.,0.));
#2979=DIRECTION('center_axis',(0.,0.,-1.));
#2980=DIRECTION('ref_axis',(0.0764865770871642,-0.99707061110309,0.));
#2981=DIRECTION('center_axis',(-0.997914390633745,-0.0645512894222981,2.03331679462988E-15));
#2982=DIRECTION('ref_axis',(-1.97372982155583E-15,-9.86864910777917E-16,
-1.));
#2983=DIRECTION('center_axis',(0.,1.,0.));
#2984=DIRECTION('ref_axis',(-1.,0.,0.));
#2985=DIRECTION('',(-1.,0.,0.));
#2986=DIRECTION('',(0.,0.,1.));
#2987=DIRECTION('',(0.,0.,1.));
#2988=DIRECTION('center_axis',(-0.0995037190210037,-0.995037190209989,0.));
#2989=DIRECTION('ref_axis',(0.995037190209989,-0.0995037190210037,0.));
#2990=DIRECTION('',(0.995037190209989,-0.0995037190210037,0.));
#2991=DIRECTION('',(0.,0.,1.));
#2992=DIRECTION('',(0.,0.,1.));
#2993=DIRECTION('center_axis',(0.,0.,1.));
#2994=DIRECTION('ref_axis',(-0.0995037190209994,-0.995037190209989,0.));
#2995=DIRECTION('center_axis',(0.,0.,1.));
#2996=DIRECTION('ref_axis',(-0.0995037190209994,-0.995037190209989,0.));
#2997=DIRECTION('',(0.,0.,1.));
#2998=DIRECTION('center_axis',(0.,-1.,0.));
#2999=DIRECTION('ref_axis',(1.,0.,0.));
#3000=DIRECTION('',(1.,0.,0.));
#3001=DIRECTION('',(0.,0.,1.));
#3002=DIRECTION('center_axis',(0.,0.,1.));
#3003=DIRECTION('ref_axis',(8.88178419700124E-16,-1.,0.));
#3004=DIRECTION('center_axis',(0.,0.,1.));
#3005=DIRECTION('ref_axis',(8.88178419700124E-16,-1.,0.));
#3006=DIRECTION('',(0.,0.,1.));
#3007=DIRECTION('center_axis',(1.,0.,0.));
#3008=DIRECTION('ref_axis',(0.,1.,0.));
#3009=DIRECTION('',(0.,1.,0.));
#3010=DIRECTION('',(0.,0.,1.));
#3011=DIRECTION('center_axis',(0.,0.,1.));
#3012=DIRECTION('ref_axis',(1.,1.99840144432527E-15,0.));
#3013=DIRECTION('center_axis',(0.,0.,1.));
#3014=DIRECTION('ref_axis',(1.,1.99840144432527E-15,0.));
#3015=DIRECTION('',(0.,0.,1.));
#3016=DIRECTION('center_axis',(0.257662650560332,0.966234939601246,0.));
#3017=DIRECTION('ref_axis',(-0.966234939601246,0.257662650560332,0.));
#3018=DIRECTION('',(-0.966234939601246,0.257662650560332,0.));
#3019=DIRECTION('',(0.,0.,1.));
#3020=DIRECTION('center_axis',(0.,0.,1.));
#3021=DIRECTION('ref_axis',(0.257662650560337,0.966234939601245,0.));
#3022=DIRECTION('center_axis',(0.,0.,1.));
#3023=DIRECTION('ref_axis',(0.257662650560337,0.966234939601245,0.));
#3024=DIRECTION('center_axis',(0.,0.,1.));
#3025=DIRECTION('ref_axis',(2.3536728122054E-15,1.,0.));
#3026=DIRECTION('center_axis',(0.,0.,1.));
#3027=DIRECTION('ref_axis',(2.3536728122054E-15,1.,0.));
#3028=DIRECTION('',(0.,0.,1.));
#3029=DIRECTION('center_axis',(-0.257662650560332,0.966234939601246,0.));
#3030=DIRECTION('ref_axis',(-0.966234939601246,-0.257662650560332,0.));
#3031=DIRECTION('',(-0.966234939601246,-0.257662650560332,0.));
#3032=DIRECTION('',(0.,0.,1.));
#3033=DIRECTION('center_axis',(0.,0.,1.));
#3034=DIRECTION('ref_axis',(-0.257662650560336,0.966234939601245,0.));
#3035=DIRECTION('center_axis',(0.,0.,1.));
#3036=DIRECTION('ref_axis',(-0.257662650560336,0.966234939601245,0.));
#3037=DIRECTION('',(0.,0.,1.));
#3038=DIRECTION('center_axis',(-1.,0.,0.));
#3039=DIRECTION('ref_axis',(0.,-1.,0.));
#3040=DIRECTION('',(0.,-1.,0.));
#3041=DIRECTION('',(0.,0.,1.));
#3042=DIRECTION('center_axis',(0.,0.,1.));
#3043=DIRECTION('ref_axis',(-1.,-8.88178419700124E-16,0.));
#3044=DIRECTION('center_axis',(0.,0.,1.));
#3045=DIRECTION('ref_axis',(-1.,-8.88178419700124E-16,0.));
#3046=DIRECTION('',(0.,0.,1.));
#3047=DIRECTION('center_axis',(0.,-1.,0.));
#3048=DIRECTION('ref_axis',(1.,0.,0.));
#3049=DIRECTION('',(1.,0.,0.));
#3050=DIRECTION('',(0.,0.,1.));
#3051=DIRECTION('center_axis',(0.,0.,1.));
#3052=DIRECTION('ref_axis',(0.,-1.,0.));
#3053=DIRECTION('center_axis',(0.,0.,1.));
#3054=DIRECTION('ref_axis',(0.,-1.,0.));
#3055=DIRECTION('',(0.,0.,1.));
#3056=DIRECTION('center_axis',(0.0995037190210007,-0.995037190209989,0.));
#3057=DIRECTION('ref_axis',(0.995037190209989,0.0995037190210007,0.));
#3058=DIRECTION('',(0.995037190209989,0.0995037190210007,0.));
#3059=DIRECTION('',(0.,0.,1.));
#3060=DIRECTION('center_axis',(0.,0.,1.));
#3061=DIRECTION('ref_axis',(0.0995037190210042,0.995037190209988,0.));
#3062=DIRECTION('center_axis',(0.,0.,-1.));
#3063=DIRECTION('ref_axis',(0.0995037190210042,0.995037190209988,0.));
#3064=DIRECTION('center_axis',(0.,0.,1.));
#3065=DIRECTION('ref_axis',(1.,0.,0.));
#3066=DIRECTION('',(1.04083408558608E-17,-8.32667268468867E-17,1.00000000000001));
#3067=DIRECTION('',(0.999999999999998,4.54987610087885E-14,4.16333634234432E-17));
#3068=CARTESIAN_POINT('',(0.,0.,0.));
#3069=CARTESIAN_POINT('',(0.,0.,0.));
#3070=CARTESIAN_POINT('Origin',(-90.,-77.9990046149661,-15.1995354869842));
#3071=CARTESIAN_POINT('',(-77.3407431520047,-62.,1.32413999186421));
#3072=CARTESIAN_POINT('',(-74.9359586250759,-57.6873579915799,-4.40893719742296));
#3073=CARTESIAN_POINT('Ctrl Pts',(-74.9359586250757,-57.6873579915798,-4.40893719742302));
#3074=CARTESIAN_POINT('Ctrl Pts',(-74.4362338388765,-58.0650865665541,-3.69792107685663));
#3075=CARTESIAN_POINT('Ctrl Pts',(-73.9961215271783,-58.4536638208275,-3.05649027843751));
#3076=CARTESIAN_POINT('Ctrl Pts',(-73.4092057446399,-59.1325889306129,-2.03331118039327));
#3077=CARTESIAN_POINT('Ctrl Pts',(-73.2032484866152,-59.4442457387708,-1.59870496952983));
#3078=CARTESIAN_POINT('Ctrl Pts',(-73.0384189301811,-59.9487728686919,-0.941569769492616));
#3079=CARTESIAN_POINT('Ctrl Pts',(-73.0117933353903,-60.1530470468683,-0.686613873745328));
#3080=CARTESIAN_POINT('Ctrl Pts',(-73.0835365226451,-60.5342372403884,-0.231021898827627));
#3081=CARTESIAN_POINT('Ctrl Pts',(-73.1624379305175,-60.7036953229752,-0.036080107795151));
#3082=CARTESIAN_POINT('Ctrl Pts',(-73.4401993624898,-61.0425083030096,0.342293352854019));
#3083=CARTESIAN_POINT('Ctrl Pts',(-73.6405938162664,-61.196934007089,0.508011360812504));
#3084=CARTESIAN_POINT('Ctrl Pts',(-74.2150428437185,-61.5174544360334,0.845199560227854));
#3085=CARTESIAN_POINT('Ctrl Pts',(-74.6211303548279,-61.6567792238182,0.985378064628359));
#3086=CARTESIAN_POINT('Ctrl Pts',(-75.6884260216661,-61.9140536342002,1.24199726759736));
#3087=CARTESIAN_POINT('Ctrl Pts',(-76.4757476569384,-62.,1.32413999186421));
#3088=CARTESIAN_POINT('Ctrl Pts',(-77.3407431520047,-62.,1.32413999186421));
#3089=CARTESIAN_POINT('',(-90.,-57.6873579915798,-4.40893719742287));
#3090=CARTESIAN_POINT('',(-90.,-57.6873579915798,-4.40893719742288));
#3091=CARTESIAN_POINT('',(-90.,-62.,1.3241399918642));
#3092=CARTESIAN_POINT('Origin',(-90.,-77.9990046149661,-15.1995354869841));
#3093=CARTESIAN_POINT('',(-90.,-62.,1.3241399918642));
#3094=CARTESIAN_POINT('Origin',(-90.,-45.,-15.1995354869841));
#3095=CARTESIAN_POINT('',(-102.68735799158,-45.,-4.40893719742287));
#3096=CARTESIAN_POINT('Origin',(-90.,-45.,-4.40893719742287));
#3097=CARTESIAN_POINT('',(-107.,-45.,1.32413999186421));
#3098=CARTESIAN_POINT('Origin',(-122.999004614966,-45.,-15.1995354869841));
#3099=CARTESIAN_POINT('Origin',(-90.,-45.,1.32413999186421));
#3100=CARTESIAN_POINT('Origin',(-122.999004614966,29.6344337383199,-15.1995354869842));
#3101=CARTESIAN_POINT('',(-102.68735799158,29.6344337383199,-4.40893719742289));
#3102=CARTESIAN_POINT('',(-102.68735799158,29.6344337383199,-4.40893719742288));
#3103=CARTESIAN_POINT('',(-107.,29.6344337383199,1.32413999186421));
#3104=CARTESIAN_POINT('Origin',(-122.999004614966,29.63443373832,-15.1995354869842));
#3105=CARTESIAN_POINT('',(-107.,29.6344337383199,1.32413999186421));
#3106=CARTESIAN_POINT('Origin',(-89.9999999999999,29.6344337383199,-15.1995354869842));
#3107=CARTESIAN_POINT('',(-93.2690582887183,41.8934023210135,-4.4089371974229));
#3108=CARTESIAN_POINT('Origin',(-89.9999999999999,29.6344337383199,-4.40893719742289));
#3109=CARTESIAN_POINT('',(-94.3802650595256,46.0604277115412,1.32413999186417));
#3110=CARTESIAN_POINT('Origin',(-98.5026109949448,61.519224969363,-15.1995354869842));
#3111=CARTESIAN_POINT('Origin',(-89.9999999999999,29.6344337383199,1.32413999186417));
#3112=CARTESIAN_POINT('Origin',(-51.0112556332709,74.1835863991427,-15.1995354869842));
#3113=CARTESIAN_POINT('',(-76.0357334938681,46.4889555996402,-4.40893719742297));
#3114=CARTESIAN_POINT('',(-79.4705270968428,50.0363578349307,1.32413999186506));
#3115=CARTESIAN_POINT('Ctrl Pts',(-79.4705270968066,50.0363578349329,1.32413999186418));
#3116=CARTESIAN_POINT('Ctrl Pts',(-78.891755310408,50.1906969779725,1.32413999186418));
#3117=CARTESIAN_POINT('Ctrl Pts',(-78.2884078940416,50.3089508743316,1.2847223365637));
#3118=CARTESIAN_POINT('Ctrl Pts',(-77.2400394404482,50.4071124827584,1.11211472715627));
#3119=CARTESIAN_POINT('Ctrl Pts',(-76.764772624924,50.412731562292,0.996378227534246));
#3120=CARTESIAN_POINT('Ctrl Pts',(-76.0505249403773,50.3148138708332,0.709406238262245));
#3121=CARTESIAN_POINT('Ctrl Pts',(-75.7827015599849,50.2478106306984,0.569539277368253));
#3122=CARTESIAN_POINT('Ctrl Pts',(-75.3473746561804,50.0513231037306,0.242167989985469));
#3123=CARTESIAN_POINT('Ctrl Pts',(-75.1807501982334,49.9336023695577,0.0681885957403521));
#3124=CARTESIAN_POINT('Ctrl Pts',(-74.9102796659942,49.6218517612269,-0.359384933536918));
#3125=CARTESIAN_POINT('Ctrl Pts',(-74.8339476551778,49.4307272596727,-0.60450157842307));
#3126=CARTESIAN_POINT('Ctrl Pts',(-74.7671064035616,48.9499610808438,-1.20832342406602));
#3127=CARTESIAN_POINT('Ctrl Pts',(-74.8227525998666,48.6419730034263,-1.58516197524064));
#3128=CARTESIAN_POINT('Ctrl Pts',(-75.133315995521,47.7670387151002,-2.67415054270692));
#3129=CARTESIAN_POINT('Ctrl Pts',(-75.5342447566553,47.1312032352286,-3.48405146015539));
#3130=CARTESIAN_POINT('Ctrl Pts',(-76.0357334938679,46.4889555996402,-4.40893719742302));
#3131=CARTESIAN_POINT('',(-46.8889096978517,58.7247891413209,1.32413999186419));
#3132=CARTESIAN_POINT('',(-45.7777029270444,54.5577637507932,-4.40893719742288));
#3133=CARTESIAN_POINT('Origin',(-90.,-5.92973330713232,-12.));
#3134=CARTESIAN_POINT('',(-87.534916044415,-45.0588124822571,-12.));
#3135=CARTESIAN_POINT('',(-87.534916044415,30.352657143068,-12.));
#3136=CARTESIAN_POINT('',(-87.5349160444149,40.7838835358266,-12.));
#3137=CARTESIAN_POINT('',(-90.0151537800643,29.6912604135615,-12.));
#3138=CARTESIAN_POINT('',(-42.5237984183905,42.3556218433412,-12.));
#3139=CARTESIAN_POINT('',(-90.0588124822571,29.6344337383199,-12.));
#3140=CARTESIAN_POINT('Origin',(-89.9999999999999,29.6344337383199,-12.));
#3141=CARTESIAN_POINT('',(-90.0588124822571,-45.,-12.));
#3142=CARTESIAN_POINT('',(-90.0588124822571,29.6344337383199,-12.));
#3143=CARTESIAN_POINT('',(-90.,-45.0588124822571,-12.));
#3144=CARTESIAN_POINT('Origin',(-90.,-45.,-12.));
#3145=CARTESIAN_POINT('',(-90.,-45.0588124822571,-12.));
#3146=CARTESIAN_POINT('Ctrl Pts',(-102.68735799158,29.6344337381537,-4.40893719742288));
#3147=CARTESIAN_POINT('Ctrl Pts',(-102.687357991707,39.3818557340897,-4.40893719742288));
#3148=CARTESIAN_POINT('Ctrl Pts',(-93.269058288062,41.8934023211885,-4.40893719742289));
#3149=CARTESIAN_POINT('Ctrl Pts',(-98.6545924156402,29.6344337382065,-12.));
#3150=CARTESIAN_POINT('Ctrl Pts',(-98.6545924157273,36.2835694001828,-12.));
#3151=CARTESIAN_POINT('Ctrl Pts',(-92.2299652208855,37.9968033184389,-12.));
#3152=CARTESIAN_POINT('Ctrl Pts',(-90.058812482257,29.6344337383191,-12.));
#3153=CARTESIAN_POINT('Ctrl Pts',(-90.0588124822576,29.679618092979,-12.));
#3154=CARTESIAN_POINT('Ctrl Pts',(-90.0151537800613,29.6912604135622,-12.));
#3155=CARTESIAN_POINT('Origin',(-90.0151537800643,29.6912604135615,2.3));
#3156=CARTESIAN_POINT('Origin',(-90.0588124822571,29.6344337383199,2.3));
#3157=CARTESIAN_POINT('Origin',(-90.0588124822571,29.6344337383199,2.3));
#3158=CARTESIAN_POINT('Origin',(-90.0588124822571,-45.,2.30000000000001));
#3159=CARTESIAN_POINT('Ctrl Pts',(-90.,-57.6873579915798,-4.40893719742285));
#3160=CARTESIAN_POINT('Ctrl Pts',(-102.687357991962,-57.6873579916199,-4.40893719742285));
#3161=CARTESIAN_POINT('Ctrl Pts',(-102.68735799158,-44.9999999996574,-4.40893719742286));
#3162=CARTESIAN_POINT('Ctrl Pts',(-90.,-53.6545924156403,-12.));
#3163=CARTESIAN_POINT('Ctrl Pts',(-98.6545924159013,-53.6545924156676,-12.));
#3164=CARTESIAN_POINT('Ctrl Pts',(-98.6545924156403,-44.9999999997663,-12.));
#3165=CARTESIAN_POINT('Ctrl Pts',(-90.,-45.0588124822571,-12.));
#3166=CARTESIAN_POINT('Ctrl Pts',(-90.0588124822588,-45.0588124822573,-12.));
#3167=CARTESIAN_POINT('Ctrl Pts',(-90.0588124822571,-44.9999999999984,-12.));
#3168=CARTESIAN_POINT('Origin',(-90.,-45.0588124822571,2.3));
#3169=CARTESIAN_POINT('Origin',(-57.6350832689628,40.7838835358266,-20.));
#3170=CARTESIAN_POINT('',(-76.0719774736652,40.7838835358266,-6.24932975871313));
#3171=CARTESIAN_POINT('',(-76.0719774736653,-55.,-6.24932975871313));
#3172=CARTESIAN_POINT('',(-76.0719774736652,40.7838835358266,-6.24932975871313));
#3173=CARTESIAN_POINT('',(-57.6350832689629,-55.,3.));
#3174=CARTESIAN_POINT('Origin',(-57.6350832689629,-55.,-20.));
#3175=CARTESIAN_POINT('',(-57.6350832689628,40.7838835358266,3.));
#3176=CARTESIAN_POINT('',(-57.6350832689628,40.7838835358266,3.));
#3177=CARTESIAN_POINT('Origin',(-57.6350832689628,40.7838835358266,-20.));
#3178=CARTESIAN_POINT('Origin',(-87.,-55.,-20.));
#3179=CARTESIAN_POINT('',(-75.9791849691868,-56.7412495429195,-5.94685784548642));
#3180=CARTESIAN_POINT('',(-67.444867288768,-56.149675467631,0.818969230464454));
#3181=CARTESIAN_POINT('Ctrl Pts',(-75.9791849691868,-56.7412495429195,-5.94685784548641));
#3182=CARTESIAN_POINT('Ctrl Pts',(-74.9898437683171,-56.5640892664776,-4.71658328762396));
#3183=CARTESIAN_POINT('Ctrl Pts',(-72.4488145356436,-56.3132285793247,-2.07422368456579));
#3184=CARTESIAN_POINT('Ctrl Pts',(-69.3243143294019,-56.1991055626899,-0.0606840779091022));
#3185=CARTESIAN_POINT('Ctrl Pts',(-67.444867288768,-56.149675467631,0.818969230464451));
#3186=CARTESIAN_POINT('',(-57.6412340395138,-55.6009957555086,3.));
#3187=CARTESIAN_POINT('Ctrl Pts',(-67.444867288768,-56.1496754676309,0.818969230464439));
#3188=CARTESIAN_POINT('Ctrl Pts',(-64.3852575597227,-56.0692066933141,2.25098394665393));
#3189=CARTESIAN_POINT('Ctrl Pts',(-61.009524051325,-55.8935393856331,2.99999999999998));
#3190=CARTESIAN_POINT('Ctrl Pts',(-57.6412340395138,-55.6009957555085,2.99999999999998));
#3191=CARTESIAN_POINT('Origin',(-87.,-55.,3.));
#3192=CARTESIAN_POINT('',(-76.5912563109094,-56.0024722157627,-6.90468965458627));
#3193=CARTESIAN_POINT('Ctrl Pts',(-76.5912563109093,-56.0024722157628,-6.90468965458617));
#3194=CARTESIAN_POINT('Ctrl Pts',(-76.4104519462106,-55.6781374884822,-6.68972733430739));
#3195=CARTESIAN_POINT('Ctrl Pts',(-76.2400059434274,-55.3486964345208,-6.47422395607179));
#3196=CARTESIAN_POINT('Ctrl Pts',(-76.076922098916,-55.0102779653628,-6.25595651301214));
#3197=CARTESIAN_POINT('Ctrl Pts',(-76.0744486640862,-55.0051395309624,-6.25264313002888));
#3198=CARTESIAN_POINT('Ctrl Pts',(-76.0719774736653,-55.,-6.24932975871314));
#3199=CARTESIAN_POINT('Ctrl Pts',(-75.9791849691868,-56.7412495429195,-5.94685784548643));
#3200=CARTESIAN_POINT('Ctrl Pts',(-76.1974486507406,-56.5112428783314,-6.27268356395132));
#3201=CARTESIAN_POINT('Ctrl Pts',(-76.4005753312128,-56.2633490830586,-6.59452735958633));
#3202=CARTESIAN_POINT('Ctrl Pts',(-76.5912563109094,-56.0024722157627,-6.90468965458628));
#3203=CARTESIAN_POINT('Origin',(-90.,-45.0588124822571,2.3));
#3204=CARTESIAN_POINT('Ctrl Pts',(-75.9791849691868,-56.7412495429195,-5.94685784548641));
#3205=CARTESIAN_POINT('Ctrl Pts',(-75.6430583096773,-57.0954604280406,-5.44508535841818));
#3206=CARTESIAN_POINT('Ctrl Pts',(-75.3027144503804,-57.4101370910326,-4.93076303297274));
#3207=CARTESIAN_POINT('Ctrl Pts',(-74.9359586250757,-57.6873579915798,-4.40893719742302));
#3208=CARTESIAN_POINT('Origin',(-87.534916044415,-45.0588124822571,2.3));
#3209=CARTESIAN_POINT('Origin',(-87.5349160444149,40.7838835358266,2.3));
#3210=CARTESIAN_POINT('',(-77.563713041381,43.3312911006085,-7.95012734907652));
#3211=CARTESIAN_POINT('Ctrl Pts',(-77.563713041381,43.3312911006085,-7.9501273490765));
#3212=CARTESIAN_POINT('Ctrl Pts',(-76.9941901104119,42.5291098282306,-7.39610215834688));
#3213=CARTESIAN_POINT('Ctrl Pts',(-76.5025359005459,41.6773610092923,-6.82558765269331));
#3214=CARTESIAN_POINT('Ctrl Pts',(-76.0769221001486,40.7941615037399,-6.25595651466203));
#3215=CARTESIAN_POINT('Ctrl Pts',(-76.0744486628585,40.7890230642359,-6.25264312838296));
#3216=CARTESIAN_POINT('Ctrl Pts',(-76.0719774736652,40.7838835358266,-6.24932975871314));
#3217=CARTESIAN_POINT('Origin',(-87.534916044415,30.352657143068,2.3));
#3218=CARTESIAN_POINT('Origin',(90.,-45.,-15.1995354869842));
#3219=CARTESIAN_POINT('',(102.68735799158,-45.,-4.40893719742288));
#3220=CARTESIAN_POINT('',(90.,-57.6873579915798,-4.40893719742289));
#3221=CARTESIAN_POINT('Origin',(90.,-45.,-4.40893719742289));
#3222=CARTESIAN_POINT('',(90.,-62.,1.32413999186417));
#3223=CARTESIAN_POINT('Origin',(90.,-77.9990046149661,-15.1995354869842));
#3224=CARTESIAN_POINT('',(107.,-45.,1.32413999186419));
#3225=CARTESIAN_POINT('Origin',(90.,-45.,1.32413999186417));
#3226=CARTESIAN_POINT('Origin',(122.999004614966,-45.,-15.1995354869842));
#3227=CARTESIAN_POINT('Origin',(122.999004614966,-45.,-15.1995354869842));
#3228=CARTESIAN_POINT('',(102.68735799158,29.6344337383199,-4.40893719742288));
#3229=CARTESIAN_POINT('',(102.68735799158,-45.,-4.40893719742288));
#3230=CARTESIAN_POINT('',(107.,29.6344337383199,1.32413999186418));
#3231=CARTESIAN_POINT('',(107.,-45.,1.32413999186419));
#3232=CARTESIAN_POINT('Origin',(122.999004614966,29.63443373832,-15.1995354869842));
#3233=CARTESIAN_POINT('Origin',(89.9999999999999,29.6344337383199,-15.1995354869842));
#3234=CARTESIAN_POINT('',(93.2690582887182,41.8934023210135,-4.40893719742288));
#3235=CARTESIAN_POINT('Origin',(89.9999999999999,29.6344337383199,-4.40893719742288));
#3236=CARTESIAN_POINT('',(94.3802650595256,46.0604277115412,1.3241399918642));
#3237=CARTESIAN_POINT('Origin',(89.9999999999999,29.6344337383199,1.32413999186418));
#3238=CARTESIAN_POINT('Origin',(98.5026109949448,61.519224969363,-15.1995354869842));
#3239=CARTESIAN_POINT('Origin',(51.0112556332709,74.1835863991427,-15.1995354869842));
#3240=CARTESIAN_POINT('',(79.4705270968428,50.0363578349307,1.32413999186506));
#3241=CARTESIAN_POINT('',(76.0357334938681,46.4889555996402,-4.40893719742297));
#3242=CARTESIAN_POINT('Ctrl Pts',(76.0357334938679,46.4889555996402,-4.40893719742303));
#3243=CARTESIAN_POINT('Ctrl Pts',(75.7009463623447,46.9177114772724,-3.7914959270813));
#3244=CARTESIAN_POINT('Ctrl Pts',(75.4114527226097,47.3428867142962,-3.22638913327772));
#3245=CARTESIAN_POINT('Ctrl Pts',(74.9865658166663,48.13823595062,-2.20718420921771));
#3246=CARTESIAN_POINT('Ctrl Pts',(74.8342076296316,48.5344587956459,-1.72017371725978));
#3247=CARTESIAN_POINT('Ctrl Pts',(74.7810811910446,49.1117235367955,-1.00538864350355));
#3248=CARTESIAN_POINT('Ctrl Pts',(74.8008313796696,49.3278676254201,-0.736571979327085));
#3249=CARTESIAN_POINT('Ctrl Pts',(74.9615130875854,49.6909735624485,-0.265783983421119));
#3250=CARTESIAN_POINT('Ctrl Pts',(75.0765363349604,49.8374517739514,-0.0680731193237705));
#3251=CARTESIAN_POINT('Ctrl Pts',(75.4212805891528,50.0981593908903,0.313731462544216));
#3252=CARTESIAN_POINT('Ctrl Pts',(75.6473359345785,50.1983614226284,0.480725804156075));
#3253=CARTESIAN_POINT('Ctrl Pts',(76.2734471327277,50.3683785448694,0.824303711715711));
#3254=CARTESIAN_POINT('Ctrl Pts',(76.6981546133777,50.4028637819605,0.968248729735331));
#3255=CARTESIAN_POINT('Ctrl Pts',(77.8066835907736,50.3859014904906,1.23726061859133));
#3256=CARTESIAN_POINT('Ctrl Pts',(78.6108104690811,50.2656156023264,1.3241399918642));
#3257=CARTESIAN_POINT('Ctrl Pts',(79.4705270968065,50.0363578349329,1.3241399918642));
#3258=CARTESIAN_POINT('',(45.7777029270444,54.5577637507932,-4.40893719742288));
#3259=CARTESIAN_POINT('',(46.8889096978518,58.7247891413209,1.32413999186419));
#3260=CARTESIAN_POINT('Origin',(87.,-55.,-20.));
#3261=CARTESIAN_POINT('',(57.6412340395138,-55.6009957555087,3.));
#3262=CARTESIAN_POINT('',(67.4448672887682,-56.149675467631,0.818969230464344));
#3263=CARTESIAN_POINT('Ctrl Pts',(57.6412340395138,-55.6009957555086,3.));
#3264=CARTESIAN_POINT('Ctrl Pts',(61.0095240513349,-55.893539385634,3.));
#3265=CARTESIAN_POINT('Ctrl Pts',(64.3852575597425,-56.0692066933147,2.25098394664472));
#3266=CARTESIAN_POINT('Ctrl Pts',(67.4448672887682,-56.149675467631,0.818969230464345));
#3267=CARTESIAN_POINT('',(75.9791849691868,-56.7412495429195,-5.9468578454864));
#3268=CARTESIAN_POINT('Ctrl Pts',(67.4448672887682,-56.149675467631,0.818969230464343));
#3269=CARTESIAN_POINT('Ctrl Pts',(69.3243143294018,-56.19910556269,-0.0606840779091024));
#3270=CARTESIAN_POINT('Ctrl Pts',(72.4488145356438,-56.3132285793247,-2.0742236845659));
#3271=CARTESIAN_POINT('Ctrl Pts',(74.9898437683171,-56.5640892664776,-4.71658328762398));
#3272=CARTESIAN_POINT('Ctrl Pts',(75.9791849691868,-56.7412495429195,-5.9468578454864));
#3273=CARTESIAN_POINT('',(76.5912563109094,-56.0024722157628,-6.90468965458624));
#3274=CARTESIAN_POINT('Ctrl Pts',(76.5912563109094,-56.0024722157627,-6.90468965458625));
#3275=CARTESIAN_POINT('Ctrl Pts',(76.3970861407959,-56.2681227582663,-6.58885183122939));
#3276=CARTESIAN_POINT('Ctrl Pts',(76.1951216957703,-56.5136950277112,-6.26920986750476));
#3277=CARTESIAN_POINT('Ctrl Pts',(75.9791849691868,-56.7412495429195,-5.94685784548639));
#3278=CARTESIAN_POINT('',(76.0719774736653,-55.,-6.24932975871313));
#3279=CARTESIAN_POINT('Ctrl Pts',(76.0719774736653,-55.,-6.24932975871314));
#3280=CARTESIAN_POINT('Ctrl Pts',(76.074448664091,-55.0051395309723,-6.25264313003531));
#3281=CARTESIAN_POINT('Ctrl Pts',(76.0769220989112,-55.0102779653529,-6.25595651300571));
#3282=CARTESIAN_POINT('Ctrl Pts',(76.239979845567,-55.348642278341,-6.47418902733139));
#3283=CARTESIAN_POINT('Ctrl Pts',(76.4104266487026,-55.6780921087129,-6.68969725753895));
#3284=CARTESIAN_POINT('Ctrl Pts',(76.5912563109094,-56.0024722157628,-6.9046896545862));
#3285=CARTESIAN_POINT('',(57.6350832689629,-55.,3.));
#3286=CARTESIAN_POINT('Origin',(57.6350832689629,-55.,-20.));
#3287=CARTESIAN_POINT('Origin',(87.,-55.,3.));
#3288=CARTESIAN_POINT('Origin',(90.,-5.92973330713232,-12.));
#3289=CARTESIAN_POINT('',(87.534916044415,30.352657143068,-12.));
#3290=CARTESIAN_POINT('',(87.534916044415,-45.0588124822571,-12.));
#3291=CARTESIAN_POINT('',(87.5349160444149,40.7838835358266,-12.));
#3292=CARTESIAN_POINT('',(90.,-45.0588124822571,-12.));
#3293=CARTESIAN_POINT('',(69.9907367237777,-45.0588124822571,-12.));
#3294=CARTESIAN_POINT('',(90.0588124822571,-45.,-12.));
#3295=CARTESIAN_POINT('Origin',(90.,-45.,-12.));
#3296=CARTESIAN_POINT('',(90.0588124822571,29.6344337383199,-12.));
#3297=CARTESIAN_POINT('',(90.0588124822571,-45.,-12.));
#3298=CARTESIAN_POINT('',(90.0151537800643,29.6912604135615,-12.));
#3299=CARTESIAN_POINT('Origin',(89.9999999999999,29.6344337383199,-12.));
#3300=CARTESIAN_POINT('',(42.5237984183905,42.3556218433412,-12.));
#3301=CARTESIAN_POINT('Ctrl Pts',(102.68735799158,-45.,-4.40893719742288));
#3302=CARTESIAN_POINT('Ctrl Pts',(102.687357991625,-57.6873579916249,-4.40893719742289));
#3303=CARTESIAN_POINT('Ctrl Pts',(90.,-57.6873579915799,-4.40893719742289));
#3304=CARTESIAN_POINT('Ctrl Pts',(98.6545924156403,-45.,-12.));
#3305=CARTESIAN_POINT('Ctrl Pts',(98.654592415671,-53.654592415671,-12.));
#3306=CARTESIAN_POINT('Ctrl Pts',(90.,-53.6545924156403,-12.));
#3307=CARTESIAN_POINT('Ctrl Pts',(90.0588124822571,-45.,-12.));
#3308=CARTESIAN_POINT('Ctrl Pts',(90.0588124822573,-45.0588124822573,-12.));
#3309=CARTESIAN_POINT('Ctrl Pts',(90.,-45.0588124822571,-12.));
#3310=CARTESIAN_POINT('Origin',(90.,-45.0588124822571,2.3));
#3311=CARTESIAN_POINT('Origin',(90.0588124822571,-45.,2.3));
#3312=CARTESIAN_POINT('Origin',(90.0588124822571,-45.,2.3));
#3313=CARTESIAN_POINT('Origin',(90.0588124822571,29.6344337383199,2.3));
#3314=CARTESIAN_POINT('Ctrl Pts',(93.2690582885686,41.8934023210534,-4.40893719742287));
#3315=CARTESIAN_POINT('Ctrl Pts',(102.687357991584,39.3818557337102,-4.40893719742287));
#3316=CARTESIAN_POINT('Ctrl Pts',(102.68735799158,29.6344337383199,-4.40893719742287));
#3317=CARTESIAN_POINT('Ctrl Pts',(92.2299652212311,37.9968033183468,-12.));
#3318=CARTESIAN_POINT('Ctrl Pts',(98.6545924156433,36.2835693999239,-12.));
#3319=CARTESIAN_POINT('Ctrl Pts',(98.6545924156403,29.6344337383199,-12.));
#3320=CARTESIAN_POINT('Ctrl Pts',(90.0151537800636,29.6912604135617,-12.));
#3321=CARTESIAN_POINT('Ctrl Pts',(90.0588124822571,29.6796180929773,-12.));
#3322=CARTESIAN_POINT('Ctrl Pts',(90.0588124822571,29.6344337383199,-12.));
#3323=CARTESIAN_POINT('Origin',(90.0151537800643,29.6912604135615,2.30000000000001));
#3324=CARTESIAN_POINT('Origin',(57.6350832689628,40.7838835358266,-20.));
#3325=CARTESIAN_POINT('',(76.0719774736652,40.7838835358266,-6.24932975871313));
#3326=CARTESIAN_POINT('',(76.0719774736652,40.7838835358266,-6.24932975871313));
#3327=CARTESIAN_POINT('',(57.6350832689628,40.7838835358266,3.));
#3328=CARTESIAN_POINT('Origin',(57.6350832689628,40.7838835358266,-20.));
#3329=CARTESIAN_POINT('',(57.6350832689628,40.7838835358266,3.));
#3330=CARTESIAN_POINT('Origin',(87.5349160444149,40.7838835358266,2.3));
#3331=CARTESIAN_POINT('',(77.563713041381,43.3312911006085,-7.95012734907651));
#3332=CARTESIAN_POINT('Origin',(87.534916044415,30.352657143068,2.3));
#3333=CARTESIAN_POINT('Ctrl Pts',(76.0719774736652,40.7838835358266,-6.24932975871314));
#3334=CARTESIAN_POINT('Ctrl Pts',(76.0744486642135,40.7890230670539,-6.25264313019968));
#3335=CARTESIAN_POINT('Ctrl Pts',(76.0769220987879,40.7941615009248,-6.25595651284092));
#3336=CARTESIAN_POINT('Ctrl Pts',(76.5026774608443,41.6776547634789,-6.82577711354709));
#3337=CARTESIAN_POINT('Ctrl Pts',(76.9942946493553,42.5292570728419,-7.39620385259815));
#3338=CARTESIAN_POINT('Ctrl Pts',(77.563713041381,43.3312911006085,-7.95012734907651));
#3339=CARTESIAN_POINT('Origin',(87.534916044415,-45.0588124822571,2.3));
#3340=CARTESIAN_POINT('Origin',(42.5237984183905,42.3556218433412,2.3));
#3341=CARTESIAN_POINT('',(76.7999584268614,45.3059920949347,-5.9468578454865));
#3342=CARTESIAN_POINT('Ctrl Pts',(76.7999584268613,45.3059920949347,-5.94685784548643));
#3343=CARTESIAN_POINT('Ctrl Pts',(76.5651153881221,45.737297785616,-5.44222176901947));
#3344=CARTESIAN_POINT('Ctrl Pts',(76.3169987454174,46.1287442342067,-4.92766912546796));
#3345=CARTESIAN_POINT('Ctrl Pts',(76.0357334938679,46.4889555996402,-4.40893719742302));
#3346=CARTESIAN_POINT('Ctrl Pts',(77.563713041381,43.3312911006085,-7.95012734907653));
#3347=CARTESIAN_POINT('Ctrl Pts',(77.3616020961603,44.0439820113589,-7.33089861016309));
#3348=CARTESIAN_POINT('Ctrl Pts',(77.1288104652542,44.7020322913462,-6.653502603976));
#3349=CARTESIAN_POINT('Ctrl Pts',(76.7999584268613,45.3059920949346,-5.94685784548651));
#3350=CARTESIAN_POINT('Origin',(87.,40.7838835358266,-20.));
#3351=CARTESIAN_POINT('',(58.9007110787366,49.3119722279142,3.));
#3352=CARTESIAN_POINT('Ctrl Pts',(76.7999584268614,45.3059920949347,-5.94685784548652));
#3353=CARTESIAN_POINT('Ctrl Pts',(75.5123901101636,45.413639794788,-4.36529989370374));
#3354=CARTESIAN_POINT('Ctrl Pts',(73.3915621715522,45.7981040160219,-2.24768947064328));
#3355=CARTESIAN_POINT('Ctrl Pts',(69.2626077732532,46.7129886240788,0.550492733183052));
#3356=CARTESIAN_POINT('Ctrl Pts',(64.7524397420001,47.8172004314776,2.46564723644667));
#3357=CARTESIAN_POINT('Ctrl Pts',(60.831207935556,48.8154830604465,3.));
#3358=CARTESIAN_POINT('Ctrl Pts',(58.9007110787366,49.3119722279142,3.));
#3359=CARTESIAN_POINT('Origin',(87.,40.7838835358266,3.));
#3360=CARTESIAN_POINT('Origin',(0.,-8.88178419700125E-15,3.));
#3361=CARTESIAN_POINT('',(-50.9543788734326,-55.0505498283345,3.));
#3362=CARTESIAN_POINT('Origin',(-69.9907367237777,135.313028675113,3.));
#3363=CARTESIAN_POINT('',(-45.2347503053734,-54.4785869715285,3.));
#3364=CARTESIAN_POINT('',(-23.0041640931028,-52.2555283503014,3.));
#3365=CARTESIAN_POINT('',(45.2347503053744,-54.4785869715286,3.));
#3366=CARTESIAN_POINT('Origin',(0.,-506.826090025248,3.));
#3367=CARTESIAN_POINT('',(50.9543788734329,-55.0505498283345,3.));
#3368=CARTESIAN_POINT('',(20.1443498090737,-51.9695469218984,3.));
#3369=CARTESIAN_POINT('Origin',(69.9907367237777,135.313028675113,3.));
#3370=CARTESIAN_POINT('',(45.3429337944897,52.9273795037134,3.));
#3371=CARTESIAN_POINT('',(54.5107746837553,50.4826219332426,3.));
#3372=CARTESIAN_POINT('',(21.8956325934996,56.,3.));
#3373=CARTESIAN_POINT('Origin',(21.8956325934998,-34.9999999999971,3.));
#3374=CARTESIAN_POINT('',(-21.8956325934996,56.,3.));
#3375=CARTESIAN_POINT('',(10.9478162967498,56.,3.));
#3376=CARTESIAN_POINT('',(-45.3429337944898,52.9273795037134,3.));
#3377=CARTESIAN_POINT('Origin',(-21.8956325934998,-34.9999999999971,3.));
#3378=CARTESIAN_POINT('',(-58.9007110787366,49.3119722279142,3.));
#3379=CARTESIAN_POINT('',(-30.7650970029184,56.8148026481324,3.));
#3380=CARTESIAN_POINT('Origin',(-87.,40.7838835358266,3.));
#3381=CARTESIAN_POINT('Origin',(-87.,40.7838835358266,-20.));
#3382=CARTESIAN_POINT('',(-76.7999584268614,45.3059920949347,-5.94685784548649));
#3383=CARTESIAN_POINT('Ctrl Pts',(-58.9007110787366,49.3119722279142,3.));
#3384=CARTESIAN_POINT('Ctrl Pts',(-60.831207935556,48.8154830604465,3.));
#3385=CARTESIAN_POINT('Ctrl Pts',(-64.747657966834,47.8170111337207,2.46731897506619));
#3386=CARTESIAN_POINT('Ctrl Pts',(-70.1739384200744,46.4937891673001,0.163888408283418));
#3387=CARTESIAN_POINT('Ctrl Pts',(-74.1475261534113,45.6391091030021,-2.91794030014197));
#3388=CARTESIAN_POINT('Ctrl Pts',(-76.1561742685125,45.3598159448614,-5.15607886959514));
#3389=CARTESIAN_POINT('Ctrl Pts',(-76.7999584268613,45.3059920949347,-5.94685784548652));
#3390=CARTESIAN_POINT('Ctrl Pts',(-77.563713041381,43.3312911006085,-7.95012734907652));
#3391=CARTESIAN_POINT('Ctrl Pts',(-77.3628198483397,44.0396879296661,-7.33462956667074));
#3392=CARTESIAN_POINT('Ctrl Pts',(-77.1236216677769,44.7115618813727,-6.64235279764323));
#3393=CARTESIAN_POINT('Ctrl Pts',(-76.7999584268613,45.3059920949346,-5.94685784548649));
#3394=CARTESIAN_POINT('Origin',(-42.5237984183905,42.3556218433412,2.3));
#3395=CARTESIAN_POINT('Ctrl Pts',(-76.0357334938679,46.4889555996402,-4.40893719742302));
#3396=CARTESIAN_POINT('Ctrl Pts',(-76.3157924319622,46.1302891382234,-4.92544434547453));
#3397=CARTESIAN_POINT('Ctrl Pts',(-76.5641718425089,45.7390306732271,-5.44019425669132));
#3398=CARTESIAN_POINT('Ctrl Pts',(-76.7999584268613,45.3059920949347,-5.9468578454864));
#3399=CARTESIAN_POINT('Ctrl Pts',(76.7999584268614,45.3059920949347,-5.94685784548652));
#3400=CARTESIAN_POINT('Ctrl Pts',(75.5123901101636,45.413639794788,-4.36529989370374));
#3401=CARTESIAN_POINT('Ctrl Pts',(73.3915621715522,45.7981040160219,-2.24768947064328));
#3402=CARTESIAN_POINT('Ctrl Pts',(69.2626077732532,46.7129886240788,0.550492733183052));
#3403=CARTESIAN_POINT('Ctrl Pts',(64.7524397420001,47.8172004314776,2.46564723644667));
#3404=CARTESIAN_POINT('Ctrl Pts',(60.831207935556,48.8154830604465,3.));
#3405=CARTESIAN_POINT('Ctrl Pts',(58.9007110787366,49.3119722279142,3.));
#3406=CARTESIAN_POINT('Ctrl Pts',(77.0891377799941,46.0780374641715,-5.8839636564038));
#3407=CARTESIAN_POINT('Ctrl Pts',(75.7811930368856,46.2176568968706,-4.31339080812986));
#3408=CARTESIAN_POINT('Ctrl Pts',(73.6432680327703,46.6252384241259,-2.20886140894216));
#3409=CARTESIAN_POINT('Ctrl Pts',(69.4992753118478,47.563067469221,0.572212733846638));
#3410=CARTESIAN_POINT('Ctrl Pts',(64.9835554427255,48.6782336244243,2.47497606864603));
#3411=CARTESIAN_POINT('Ctrl Pts',(61.0619613098631,49.681166084822,3.00265483112666));
#3412=CARTESIAN_POINT('Ctrl Pts',(59.1319885330523,50.1792626815979,3.));
#3413=CARTESIAN_POINT('Ctrl Pts',(77.9182568728749,47.5080179650882,-5.54586941314435));
#3414=CARTESIAN_POINT('Ctrl Pts',(76.5704358632904,47.7222879466839,-3.96172759700273));
#3415=CARTESIAN_POINT('Ctrl Pts',(74.3784145015893,48.191890865931,-1.8376069844832));
#3416=CARTESIAN_POINT('Ctrl Pts',(70.147272999621,49.2018689971425,0.969877022891696));
#3417=CARTESIAN_POINT('Ctrl Pts',(65.5468810504365,50.3649903242578,2.88944269582671));
#3418=CARTESIAN_POINT('Ctrl Pts',(61.5567009788932,51.3984016426091,3.41720579726235));
#3419=CARTESIAN_POINT('Ctrl Pts',(59.5935364489853,51.9100673663469,3.41083381253028));
#3420=CARTESIAN_POINT('Ctrl Pts',(80.0032261786426,49.2076986341407,-4.31387598339352));
#3421=CARTESIAN_POINT('Ctrl Pts',(78.5876711047899,49.5476898024501,-2.59228897959604));
#3422=CARTESIAN_POINT('Ctrl Pts',(76.2394630840803,50.1436425050737,-0.284601513799246));
#3423=CARTESIAN_POINT('Ctrl Pts',(71.6774672655449,51.3289066417659,2.76546484295862));
#3424=CARTESIAN_POINT('Ctrl Pts',(66.6979350329808,52.6398162373921,4.85077448855632));
#3425=CARTESIAN_POINT('Ctrl Pts',(62.3729095679043,53.7849928768233,5.42437399650524));
#3426=CARTESIAN_POINT('Ctrl Pts',(60.244055891658,54.3495152763692,5.41770704021136));
#3427=CARTESIAN_POINT('Ctrl Pts',(81.7438297132024,49.430143803894,-3.04446062785803));
#3428=CARTESIAN_POINT('Ctrl Pts',(80.2754453352031,49.8221867494869,-1.15297138786675));
#3429=CARTESIAN_POINT('Ctrl Pts',(77.7728703722283,50.4890921521008,1.38095921326927));
#3430=CARTESIAN_POINT('Ctrl Pts',(72.8588708147922,51.7998032865676,4.72910622757402));
#3431=CARTESIAN_POINT('Ctrl Pts',(67.461701821413,53.238825423587,7.02000037635746));
#3432=CARTESIAN_POINT('Ctrl Pts',(62.7615861963987,54.4920289214145,7.65614571014953));
#3433=CARTESIAN_POINT('Ctrl Pts',(60.4466869820986,55.1093818655217,7.65360314846151));
#3434=CARTESIAN_POINT('Ctrl Pts',(82.6880897579698,49.1783411252894,-2.2808207617004));
#3435=CARTESIAN_POINT('Ctrl Pts',(81.1824616046956,49.5798419661625,-0.286682474669945));
#3436=CARTESIAN_POINT('Ctrl Pts',(78.582967520311,50.2730403886651,2.38334805875413));
#3437=CARTESIAN_POINT('Ctrl Pts',(73.4523730133763,51.6411989238477,5.91149083749167));
#3438=CARTESIAN_POINT('Ctrl Pts',(67.8012449127761,53.1481664173411,8.3262508633458));
#3439=CARTESIAN_POINT('Ctrl Pts',(62.8743096103125,54.4620158313313,9.));
#3440=CARTESIAN_POINT('Ctrl Pts',(60.4466869820986,55.1093818655217,9.));
#3441=CARTESIAN_POINT('',(60.4466869820986,55.1093818655217,9.));
#3442=CARTESIAN_POINT('Ctrl Pts',(60.4466869820986,55.1093818655217,9.));
#3443=CARTESIAN_POINT('Ctrl Pts',(62.8743096103125,54.4620158313313,9.));
#3444=CARTESIAN_POINT('Ctrl Pts',(67.8012449127761,53.1481664173411,8.3262508633458));
#3445=CARTESIAN_POINT('Ctrl Pts',(73.4523730133763,51.6411989238477,5.91149083749167));
#3446=CARTESIAN_POINT('Ctrl Pts',(77.2498867575241,50.6285285920749,3.3000642912187));
#3447=CARTESIAN_POINT('Ctrl Pts',(78.8412405008204,50.2041675938625,1.9220959008702));
#3448=CARTESIAN_POINT('Ctrl Pts',(79.4702119157919,50.0364418832035,1.32546748734617));
#3449=CARTESIAN_POINT('Origin',(58.9007110787366,49.3119722279142,9.));
#3450=CARTESIAN_POINT('Ctrl Pts',(-82.6880897579699,49.1783411252894,-2.28082076170039));
#3451=CARTESIAN_POINT('Ctrl Pts',(-81.9352756813328,49.3790915457259,-1.28375161818516));
#3452=CARTESIAN_POINT('Ctrl Pts',(-79.5200956882602,50.0231395438786,1.53824918677757));
#3453=CARTESIAN_POINT('Ctrl Pts',(-74.5913743361943,51.3374652377628,5.42403321044428));
#3454=CARTESIAN_POINT('Ctrl Pts',(-67.7962181450508,53.1495068887344,8.32835870769219));
#3455=CARTESIAN_POINT('Ctrl Pts',(-62.8743096103125,54.4620158313313,9.));
#3456=CARTESIAN_POINT('Ctrl Pts',(-60.4466869820986,55.1093818655217,9.));
#3457=CARTESIAN_POINT('Ctrl Pts',(-82.0585830614582,49.3462095776925,-2.78991400580548));
#3458=CARTESIAN_POINT('Ctrl Pts',(-81.3181604437382,49.5436906439025,-1.82704816625619));
#3459=CARTESIAN_POINT('Ctrl Pts',(-78.9545451134265,50.17399100208,0.898567378387177));
#3460=CARTESIAN_POINT('Ctrl Pts',(-74.1619177127842,51.4520218563649,4.65250748731945));
#3461=CARTESIAN_POINT('Ctrl Pts',(-67.5698654276405,53.2098915099358,7.45745436752732));
#3462=CARTESIAN_POINT('Ctrl Pts',(-62.7991880192587,54.4820423136758,8.10409343114039));
#3463=CARTESIAN_POINT('Ctrl Pts',(-60.4466869820986,55.1093818655217,8.10240209897434));
#3464=CARTESIAN_POINT('Ctrl Pts',(-80.7120073989721,49.3453372320056,-3.80643928572715));
#3465=CARTESIAN_POINT('Ctrl Pts',(-79.9940067549078,49.5271830638136,-2.91176582053352));
#3466=CARTESIAN_POINT('Ctrl Pts',(-77.728246956336,50.1099718689782,-0.378388216309018));
#3467=CARTESIAN_POINT('Ctrl Pts',(-73.2030345506635,51.2990073668328,3.1126150294));
#3468=CARTESIAN_POINT('Ctrl Pts',(-67.0136712114902,52.9386880583219,5.71938215983702));
#3469=CARTESIAN_POINT('Ctrl Pts',(-62.5438657800135,54.1265606048413,6.31615258120829));
#3470=CARTESIAN_POINT('Ctrl Pts',(-60.3408304530223,54.7124198814853,6.31111447956443));
#3471=CARTESIAN_POINT('Ctrl Pts',(-78.4349054240915,48.1762873065628,-5.29033552923955));
#3472=CARTESIAN_POINT('Ctrl Pts',(-77.751421224314,48.3040324346216,-4.48743634279694));
#3473=CARTESIAN_POINT('Ctrl Pts',(-75.6308494759056,48.7489336674047,-2.21346416171855));
#3474=CARTESIAN_POINT('Ctrl Pts',(-71.4874922289788,49.754912864952,0.922101514367324));
#3475=CARTESIAN_POINT('Ctrl Pts',(-65.8652319366171,51.1938664497461,3.26205028162984));
#3476=CARTESIAN_POINT('Ctrl Pts',(-61.8176613923874,52.250605467802,3.7939191494952));
#3477=CARTESIAN_POINT('Ctrl Pts',(-59.8237341778394,52.7733088495496,3.7864201117236));
#3478=CARTESIAN_POINT('Ctrl Pts',(-77.2337274565605,46.4640601487899,-5.85251656186244));
#3479=CARTESIAN_POINT('Ctrl Pts',(-76.5745927764963,46.5418647844914,-5.07019225638447));
#3480=CARTESIAN_POINT('Ctrl Pts',(-74.5307457146207,46.8720256374545,-2.85403288755381));
#3481=CARTESIAN_POINT('Ctrl Pts',(-70.5304897018077,47.7647760280214,0.200044436649366));
#3482=CARTESIAN_POINT('Ctrl Pts',(-65.094223252683,49.1088681761573,2.480952160558));
#3483=CARTESIAN_POINT('Ctrl Pts',(-61.1769679409521,50.114114097775,3.0040196689877));
#3484=CARTESIAN_POINT('Ctrl Pts',(-59.2476272602101,50.6129079084398,3.));
#3485=CARTESIAN_POINT('Ctrl Pts',(-76.7999584268613,45.3059920949347,-5.94685784548652));
#3486=CARTESIAN_POINT('Ctrl Pts',(-76.1561742685125,45.3598159448614,-5.15607886959514));
#3487=CARTESIAN_POINT('Ctrl Pts',(-74.1475261534113,45.6391091030021,-2.91794030014197));
#3488=CARTESIAN_POINT('Ctrl Pts',(-70.1739384200744,46.4937891673001,0.163888408283418));
#3489=CARTESIAN_POINT('Ctrl Pts',(-64.747657966834,47.8170111337207,2.46731897506619));
#3490=CARTESIAN_POINT('Ctrl Pts',(-60.831207935556,48.8154830604465,3.));
#3491=CARTESIAN_POINT('Ctrl Pts',(-58.9007110787366,49.3119722279142,3.));
#3492=CARTESIAN_POINT('',(-60.4466869820986,55.1093818655217,9.));
#3493=CARTESIAN_POINT('Origin',(-58.9007110787366,49.3119722279142,9.));
#3494=CARTESIAN_POINT('Ctrl Pts',(-79.4725244640991,50.0358252036549,1.32347843450316));
#3495=CARTESIAN_POINT('Ctrl Pts',(-77.9412998431562,50.4441517692397,2.77381905098233));
#3496=CARTESIAN_POINT('Ctrl Pts',(-74.2525809484563,51.4278101411596,5.56883728067137));
#3497=CARTESIAN_POINT('Ctrl Pts',(-67.7962181450508,53.1495068887344,8.32835870769219));
#3498=CARTESIAN_POINT('Ctrl Pts',(-62.8743096103125,54.4620158313313,9.));
#3499=CARTESIAN_POINT('Ctrl Pts',(-60.4466869820986,55.1093818655217,9.));
#3500=CARTESIAN_POINT('Origin',(54.5107746837553,50.4826219332426,9.));
#3501=CARTESIAN_POINT('',(46.8889096978517,58.7247891413208,9.));
#3502=CARTESIAN_POINT('',(56.0567505871173,56.28003157085,9.));
#3503=CARTESIAN_POINT('Origin',(45.3429337944897,52.9273795037134,9.));
#3504=CARTESIAN_POINT('Origin',(21.8956325934998,-34.9999999999971,9.));
#3505=CARTESIAN_POINT('',(21.8956325934996,62.,9.));
#3506=CARTESIAN_POINT('Origin',(21.8956325934998,-34.9999999999971,9.));
#3507=CARTESIAN_POINT('Origin',(21.8956325934996,56.,9.));
#3508=CARTESIAN_POINT('Origin',(10.9478162967498,56.,9.));
#3509=CARTESIAN_POINT('',(-21.8956325934995,62.,9.));
#3510=CARTESIAN_POINT('',(10.9478162967498,62.,9.));
#3511=CARTESIAN_POINT('Origin',(-21.8956325934996,56.,9.));
#3512=CARTESIAN_POINT('Origin',(-21.8956325934998,-34.9999999999971,9.));
#3513=CARTESIAN_POINT('',(-46.8889096978517,58.7247891413209,9.));
#3514=CARTESIAN_POINT('Origin',(-21.8956325934998,-34.9999999999971,9.));
#3515=CARTESIAN_POINT('Origin',(-45.3429337944898,52.9273795037134,9.));
#3516=CARTESIAN_POINT('Origin',(-30.7650970029184,56.8148026481324,9.));
#3517=CARTESIAN_POINT('',(-32.3110729062804,62.6122122857399,9.));
#3518=CARTESIAN_POINT('Origin',(69.9907367237777,-45.0588124822571,2.3));
#3519=CARTESIAN_POINT('',(74.9359586250759,-57.6873579915799,-4.40893719742297));
#3520=CARTESIAN_POINT('Ctrl Pts',(74.9359586250757,-57.6873579915798,-4.40893719742302));
#3521=CARTESIAN_POINT('Ctrl Pts',(75.3000915254374,-57.4121196897116,-4.92703109497597));
#3522=CARTESIAN_POINT('Ctrl Pts',(75.6407484021374,-57.0978946128072,-5.44163711050806));
#3523=CARTESIAN_POINT('Ctrl Pts',(75.9791849691868,-56.7412495429195,-5.9468578454864));
#3524=CARTESIAN_POINT('',(69.9907367237777,-57.6873579915798,-4.40893719742288));
#3525=CARTESIAN_POINT('Origin',(69.9907367237777,-77.9990046149661,-15.1995354869842));
#3526=CARTESIAN_POINT('',(77.3407431520047,-62.,1.32413999186421));
#3527=CARTESIAN_POINT('Ctrl Pts',(77.3407431520047,-62.,1.3241399918642));
#3528=CARTESIAN_POINT('Ctrl Pts',(76.6034658449425,-62.,1.3241399918642));
#3529=CARTESIAN_POINT('Ctrl Pts',(75.9236423120052,-61.9377588490892,1.26445674839388));
#3530=CARTESIAN_POINT('Ctrl Pts',(74.9130307042585,-61.7389713933377,1.06775887298518));
#3531=CARTESIAN_POINT('Ctrl Pts',(74.4936757200095,-61.619978369288,0.949266982203767));
#3532=CARTESIAN_POINT('Ctrl Pts',(73.8810293161055,-61.3432039440594,0.662691745446592));
#3533=CARTESIAN_POINT('Ctrl Pts',(73.6562828925779,-61.2091441143579,0.521640101464538));
#3534=CARTESIAN_POINT('Ctrl Pts',(73.3058121712937,-60.9017250395682,0.186553602005819));
#3535=CARTESIAN_POINT('Ctrl Pts',(73.1836090919039,-60.738517097904,0.00401979079267378));
#3536=CARTESIAN_POINT('Ctrl Pts',(73.0251942804803,-60.3542917644922,-0.442624403931455));
#3537=CARTESIAN_POINT('Ctrl Pts',(73.015586909058,-60.1435114708568,-0.698170617990923));
#3538=CARTESIAN_POINT('Ctrl Pts',(73.1324618832633,-59.5220768531226,-1.48610614277165));
#3539=CARTESIAN_POINT('Ctrl Pts',(73.4230944872583,-59.0776064184814,-2.09645458907655));
#3540=CARTESIAN_POINT('Ctrl Pts',(74.1604289197375,-58.3106164075142,-3.29555812842617));
#3541=CARTESIAN_POINT('Ctrl Pts',(74.5284036865573,-57.9954178485286,-3.82906175536818));
#3542=CARTESIAN_POINT('Ctrl Pts',(74.9359586250757,-57.6873579915798,-4.40893719742303));
#3543=CARTESIAN_POINT('',(69.9907367237777,-62.,1.3241399918642));
#3544=CARTESIAN_POINT('Ctrl Pts',(80.6707434752087,-62.,-2.28082076170025));
#3545=CARTESIAN_POINT('Ctrl Pts',(79.458605878357,-62.,-0.729605014830237));
#3546=CARTESIAN_POINT('Ctrl Pts',(76.2873882585724,-62.,2.60206578902564));
#3547=CARTESIAN_POINT('Ctrl Pts',(72.3568101225489,-62.,5.14087659741882));
#3548=CARTESIAN_POINT('Ctrl Pts',(69.9907367237057,-62.,6.25000468188982));
#3549=CARTESIAN_POINT('Ctrl Pts',(80.0192386799346,-62.,-2.78991400580534));
#3550=CARTESIAN_POINT('Ctrl Pts',(78.8270390478433,-62.0000526659027,-1.2919109213189));
#3551=CARTESIAN_POINT('Ctrl Pts',(75.7301492706146,-62.0000503704809,1.92619224848567));
#3552=CARTESIAN_POINT('Ctrl Pts',(71.9120830498142,-61.9999842043851,4.37898970346672));
#3553=CARTESIAN_POINT('Ctrl Pts',(69.6158079767459,-62.,5.45017917294828));
#3554=CARTESIAN_POINT('Ctrl Pts',(78.7183649960236,-61.652185595705,-3.80643147231838));
#3555=CARTESIAN_POINT('Ctrl Pts',(77.5661386978054,-61.6377228690133,-2.41452041324956));
#3556=CARTESIAN_POINT('Ctrl Pts',(74.6178713986589,-61.6165196068814,0.577085319701064));
#3557=CARTESIAN_POINT('Ctrl Pts',(71.0244754110497,-61.6065773182323,2.85828127034238));
#3558=CARTESIAN_POINT('Ctrl Pts',(68.8675017994385,-61.602284059075,3.85383753747205));
#3559=CARTESIAN_POINT('Ctrl Pts',(76.8193810937951,-59.9358806465371,-5.2903190542694));
#3560=CARTESIAN_POINT('Ctrl Pts',(75.7407285472737,-59.8539277691944,-4.0411881697573));
#3561=CARTESIAN_POINT('Ctrl Pts',(73.027917945107,-59.7348410806677,-1.35536289074969));
#3562=CARTESIAN_POINT('Ctrl Pts',(69.7618421709409,-59.6794819165485,0.693405501713483));
#3563=CARTESIAN_POINT('Ctrl Pts',(67.8049988136302,-59.6554728390477,1.58722821965679));
#3564=CARTESIAN_POINT('Ctrl Pts',(76.0999168771135,-57.9719814369137,-5.85251656186232));
#3565=CARTESIAN_POINT('Ctrl Pts',(75.0778870232031,-57.8247166577755,-4.63539557310308));
#3566=CARTESIAN_POINT('Ctrl Pts',(72.4889255967243,-57.6134877026993,-2.01832695539404));
#3567=CARTESIAN_POINT('Ctrl Pts',(69.3451848738554,-57.516375561263,-0.0219553557221572));
#3568=CARTESIAN_POINT('Ctrl Pts',(67.4588966976506,-57.4742755504261,0.848897794732842));
#3569=CARTESIAN_POINT('Ctrl Pts',(75.9791849691868,-56.7412495429195,-5.9468578454864));
#3570=CARTESIAN_POINT('Ctrl Pts',(74.9898437683171,-56.5640892664776,-4.71658328762398));
#3571=CARTESIAN_POINT('Ctrl Pts',(72.4488145356438,-56.3132285793247,-2.0742236845659));
#3572=CARTESIAN_POINT('Ctrl Pts',(69.3243143294018,-56.19910556269,-0.0606840779091024));
#3573=CARTESIAN_POINT('Ctrl Pts',(67.4448672887682,-56.149675467631,0.818969230464343));
#3574=CARTESIAN_POINT('',(69.9907367237142,-62.,6.25000468191401));
#3575=CARTESIAN_POINT('Ctrl Pts',(67.4448672887682,-56.149675467631,0.818969230464343));
#3576=CARTESIAN_POINT('Ctrl Pts',(67.4588966976506,-57.4742755504261,0.848897794732842));
#3577=CARTESIAN_POINT('Ctrl Pts',(67.8049988136302,-59.6554728390477,1.58722821965679));
#3578=CARTESIAN_POINT('Ctrl Pts',(68.8675017994385,-61.602284059075,3.85383753747205));
#3579=CARTESIAN_POINT('Ctrl Pts',(69.6158079767459,-62.,5.45017917294828));
#3580=CARTESIAN_POINT('Ctrl Pts',(69.9907367237057,-62.,6.25000468188982));
#3581=CARTESIAN_POINT('Ctrl Pts',(77.3389582620379,-62.,1.32698263936209));
#3582=CARTESIAN_POINT('Ctrl Pts',(77.0968553775713,-62.,1.54879758840515));
#3583=CARTESIAN_POINT('Ctrl Pts',(74.8837600162386,-62.,3.50868726537879));
#3584=CARTESIAN_POINT('Ctrl Pts',(72.3568101225489,-62.,5.14087659741882));
#3585=CARTESIAN_POINT('Ctrl Pts',(69.9907367237057,-62.,6.25000468188982));
#3586=CARTESIAN_POINT('Ctrl Pts',(-75.9791849691868,-56.7412495429195,-5.94685784548641));
#3587=CARTESIAN_POINT('Ctrl Pts',(-74.9898437683171,-56.5640892664776,-4.71658328762396));
#3588=CARTESIAN_POINT('Ctrl Pts',(-72.4488145356436,-56.3132285793247,-2.07422368456579));
#3589=CARTESIAN_POINT('Ctrl Pts',(-69.3243143294019,-56.1991055626899,-0.0606840779091022));
#3590=CARTESIAN_POINT('Ctrl Pts',(-67.444867288768,-56.149675467631,0.818969230464451));
#3591=CARTESIAN_POINT('Ctrl Pts',(-76.0596729078046,-57.561737472249,-5.8839636564037));
#3592=CARTESIAN_POINT('Ctrl Pts',(-75.0486081517923,-57.4045237634221,-4.66223427600197));
#3593=CARTESIAN_POINT('Ctrl Pts',(-72.4756848067048,-57.1800867665453,-2.0367431939034));
#3594=CARTESIAN_POINT('Ctrl Pts',(-69.338424106765,-57.0772737635635,-0.0350299661414791));
#3595=CARTESIAN_POINT('Ctrl Pts',(-67.4542202280229,-57.0327421894944,0.83892160664345));
#3596=CARTESIAN_POINT('Ctrl Pts',(-76.4923501829016,-59.1570538818092,-5.54586472109657));
#3597=CARTESIAN_POINT('Ctrl Pts',(-75.4363511297339,-59.0479566874707,-4.31358020679966));
#3598=CARTESIAN_POINT('Ctrl Pts',(-72.7761653601489,-58.8901168992663,-1.66405559999015));
#3599=CARTESIAN_POINT('Ctrl Pts',(-69.5659297172127,-58.8169453022871,0.35694934171601));
#3600=CARTESIAN_POINT('Ctrl Pts',(-67.6416428838242,-58.7853004428606,1.23874536590163));
#3601=CARTESIAN_POINT('Ctrl Pts',(-78.0689778550241,-61.3365490024458,-4.31386995732979));
#3602=CARTESIAN_POINT('Ctrl Pts',(-76.9368697402577,-61.3083705426844,-2.97466851514983));
#3603=CARTESIAN_POINT('Ctrl Pts',(-74.0629956857932,-61.2670228610731,-0.0959300908961677));
#3604=CARTESIAN_POINT('Ctrl Pts',(-70.5818022788652,-61.2476509912975,2.09949078935214));
#3605=CARTESIAN_POINT('Ctrl Pts',(-68.4942025191444,-61.2392403688504,3.0574881263653));
#3606=CARTESIAN_POINT('Ctrl Pts',(-79.6934862822975,-62.,-3.04446062785789));
#3607=CARTESIAN_POINT('Ctrl Pts',(-78.5112376090969,-62.0003561022164,-1.57309431731028));
#3608=CARTESIAN_POINT('Ctrl Pts',(-75.4515024747296,-62.0003468006388,1.58822615442488));
#3609=CARTESIAN_POINT('Ctrl Pts',(-71.6896983380767,-61.9998802205768,3.9980716789705));
#3610=CARTESIAN_POINT('Ctrl Pts',(-69.4283436032657,-62.,5.05026641847765));
#3611=CARTESIAN_POINT('Ctrl Pts',(-80.6707434752087,-62.,-2.28082076170026));
#3612=CARTESIAN_POINT('Ctrl Pts',(-79.458605878357,-62.,-0.729605014830204));
#3613=CARTESIAN_POINT('Ctrl Pts',(-76.2873882585723,-62.,2.60206578902575));
#3614=CARTESIAN_POINT('Ctrl Pts',(-72.3568101225487,-62.,5.14087659741896));
#3615=CARTESIAN_POINT('Ctrl Pts',(-69.9907367237055,-62.,6.25000468188996));
#3616=CARTESIAN_POINT('',(-69.9907367237129,-62.,6.25000468191415));
#3617=CARTESIAN_POINT('Ctrl Pts',(-69.9907367237055,-62.,6.25000468188996));
#3618=CARTESIAN_POINT('Ctrl Pts',(-72.3568101225487,-62.,5.14087659741896));
#3619=CARTESIAN_POINT('Ctrl Pts',(-74.8837600162385,-62.,3.50868726537888));
#3620=CARTESIAN_POINT('Ctrl Pts',(-77.0968553775713,-62.,1.54879758840518));
#3621=CARTESIAN_POINT('Ctrl Pts',(-77.338958262038,-62.,1.32698263936209));
#3622=CARTESIAN_POINT('Ctrl Pts',(-69.9907367237055,-62.,6.25000468188996));
#3623=CARTESIAN_POINT('Ctrl Pts',(-69.4283436032657,-62.,5.05026641847765));
#3624=CARTESIAN_POINT('Ctrl Pts',(-68.4942025191444,-61.2392403688504,3.0574881263653));
#3625=CARTESIAN_POINT('Ctrl Pts',(-67.6416428838242,-58.7853004428606,1.23874536590163));
#3626=CARTESIAN_POINT('Ctrl Pts',(-67.4542202280229,-57.0327421894944,0.83892160664345));
#3627=CARTESIAN_POINT('Ctrl Pts',(-67.444867288768,-56.149675467631,0.818969230464451));
#3628=CARTESIAN_POINT('Ctrl Pts',(57.6412340395138,-55.6009957555086,3.));
#3629=CARTESIAN_POINT('Ctrl Pts',(61.0095240513349,-55.893539385634,3.));
#3630=CARTESIAN_POINT('Ctrl Pts',(64.3852575597425,-56.0692066933147,2.25098394664472));
#3631=CARTESIAN_POINT('Ctrl Pts',(67.4448672887682,-56.149675467631,0.818969230464345));
#3632=CARTESIAN_POINT('Ctrl Pts',(57.5832929376199,-56.4967216179447,3.));
#3633=CARTESIAN_POINT('Ctrl Pts',(60.9718219566996,-56.78345002762,3.01118040162849));
#3634=CARTESIAN_POINT('Ctrl Pts',(64.3722237970879,-56.955348050555,2.26840140348407));
#3635=CARTESIAN_POINT('Ctrl Pts',(67.4542202280229,-57.0327421894943,0.838921606643471));
#3636=CARTESIAN_POINT('Ctrl Pts',(57.4676638109098,-58.2842609615131,3.41084132842867));
#3637=CARTESIAN_POINT('Ctrl Pts',(60.956933594481,-58.5582675845794,3.43767593487866));
#3638=CARTESIAN_POINT('Ctrl Pts',(64.4632664153376,-58.7193023962024,2.69038256311006));
#3639=CARTESIAN_POINT('Ctrl Pts',(67.6416414709151,-58.7853060373328,1.2387423517818));
#3640=CARTESIAN_POINT('Ctrl Pts',(57.3046924205841,-60.8036760982672,5.41771687115314));
#3641=CARTESIAN_POINT('Ctrl Pts',(61.143947154778,-61.0649568521033,5.44579370370815));
#3642=CARTESIAN_POINT('Ctrl Pts',(64.9999042080956,-61.2041483182838,4.63386356717517));
#3643=CARTESIAN_POINT('Ctrl Pts',(68.4942006786056,-61.2392520546879,3.05748419999649));
#3644=CARTESIAN_POINT('Ctrl Pts',(57.25392630298,-61.5884820993111,7.65360314846151));
#3645=CARTESIAN_POINT('Ctrl Pts',(61.4363541981887,-61.8588379072521,7.66431074509611));
#3646=CARTESIAN_POINT('Ctrl Pts',(65.629772012075,-61.9887351864339,6.76958005660012));
#3647=CARTESIAN_POINT('Ctrl Pts',(69.4283436032637,-61.9999999999998,5.05026641847764));
#3648=CARTESIAN_POINT('Ctrl Pts',(57.25392630298,-61.5884820993111,9.));
#3649=CARTESIAN_POINT('Ctrl Pts',(61.6321050184307,-61.8716898414342,9.));
#3650=CARTESIAN_POINT('Ctrl Pts',(66.0181318657874,-61.9999999999985,8.05558845446509));
#3651=CARTESIAN_POINT('Ctrl Pts',(69.9907367237035,-62.,6.25000468188982));
#3652=CARTESIAN_POINT('',(57.25392630298,-61.5884820993111,9.));
#3653=CARTESIAN_POINT('Origin',(57.6412340395138,-55.6009957555086,9.));
#3654=CARTESIAN_POINT('Ctrl Pts',(69.9907367237035,-62.,6.25000468188982));
#3655=CARTESIAN_POINT('Ctrl Pts',(66.0181318657874,-61.9999999999985,8.05558845446509));
#3656=CARTESIAN_POINT('Ctrl Pts',(61.6321050184307,-61.8716898414342,9.));
#3657=CARTESIAN_POINT('Ctrl Pts',(57.25392630298,-61.5884820993111,9.));
#3658=CARTESIAN_POINT('Origin',(69.9907367237777,135.313028675113,9.));
#3659=CARTESIAN_POINT('',(50.3573565593069,-61.0207729695945,9.));
#3660=CARTESIAN_POINT('Origin',(50.9543788734329,-55.0505498283345,9.));
#3661=CARTESIAN_POINT('Origin',(69.9907367237777,135.313028675113,9.));
#3662=CARTESIAN_POINT('Origin',(20.1443498090737,-51.9695469218984,9.));
#3663=CARTESIAN_POINT('',(44.6377279912484,-60.4488101127885,9.));
#3664=CARTESIAN_POINT('Origin',(45.2347503053744,-54.4785869715286,9.));
#3665=CARTESIAN_POINT('',(19.5473274949476,-57.9397700631584,9.));
#3666=CARTESIAN_POINT('Origin',(0.,-506.826090025248,9.));
#3667=CARTESIAN_POINT('',(-44.6377279912474,-60.4488101127884,9.));
#3668=CARTESIAN_POINT('Origin',(-45.2347503053734,-54.4785869715285,9.));
#3669=CARTESIAN_POINT('Origin',(0.,-506.826090025248,9.));
#3670=CARTESIAN_POINT('Origin',(-23.0041640931028,-52.2555283503014,9.));
#3671=CARTESIAN_POINT('',(-50.3573565593066,-61.0207729695944,9.));
#3672=CARTESIAN_POINT('Origin',(-50.9543788734326,-55.0505498283345,9.));
#3673=CARTESIAN_POINT('',(-22.4071417789768,-58.2257514915614,9.));
#3674=CARTESIAN_POINT('Origin',(-69.9907367237777,135.313028675113,9.));
#3675=CARTESIAN_POINT('',(-57.25392630298,-61.588482099311,9.));
#3676=CARTESIAN_POINT('Origin',(-57.6412340395138,-55.6009957555086,9.));
#3677=CARTESIAN_POINT('Origin',(-69.9907367237777,135.313028675113,9.));
#3678=CARTESIAN_POINT('Ctrl Pts',(-57.25392630298,-61.588482099311,9.));
#3679=CARTESIAN_POINT('Ctrl Pts',(-61.6321050184181,-61.8716898414334,9.));
#3680=CARTESIAN_POINT('Ctrl Pts',(-66.0181318657617,-61.9999999999985,8.05558845447669));
#3681=CARTESIAN_POINT('Ctrl Pts',(-69.9907367237032,-62.,6.25000468188997));
#3682=CARTESIAN_POINT('Ctrl Pts',(-57.25392630298,-61.588482099311,8.10240209897434));
#3683=CARTESIAN_POINT('Ctrl Pts',(-61.5015687776235,-61.8632217189725,8.10952487703492));
#3684=CARTESIAN_POINT('Ctrl Pts',(-65.7592538100506,-61.9924541717364,7.19826837346488));
#3685=CARTESIAN_POINT('Ctrl Pts',(-69.6158079767433,-61.9999999999999,5.4501791729485));
#3686=CARTESIAN_POINT('Ctrl Pts',(-57.280446640478,-61.178497625405,6.31112685497961));
#3687=CARTESIAN_POINT('Ctrl Pts',(-61.2580639951897,-61.4423873631185,6.33234402365662));
#3688=CARTESIAN_POINT('Ctrl Pts',(-65.2505735234091,-61.5771202021223,5.48724084186375));
#3689=CARTESIAN_POINT('Ctrl Pts',(-68.8674994608831,-61.6022875264461,3.85383254869939));
#3690=CARTESIAN_POINT('Ctrl Pts',(-57.409993044471,-59.1758076411093,3.78644622064769));
#3691=CARTESIAN_POINT('Ctrl Pts',(-60.9744889886703,-59.4431231750979,3.81802723281505));
#3692=CARTESIAN_POINT('Ctrl Pts',(-64.5572598153563,-59.5972810655904,3.06126093146584));
#3693=CARTESIAN_POINT('Ctrl Pts',(-67.8049939011064,-59.655477465564,1.58721773990418));
#3694=CARTESIAN_POINT('Ctrl Pts',(-57.5543223866729,-56.9445845491628,2.99999999999998));
#3695=CARTESIAN_POINT('Ctrl Pts',(-60.9523307065759,-57.2283958200763,3.01692820053392));
#3696=CARTESIAN_POINT('Ctrl Pts',(-64.3662223330395,-57.3983728884152,2.27679957665542));
#3697=CARTESIAN_POINT('Ctrl Pts',(-67.4588966976499,-57.4742755504259,0.84889779473313));
#3698=CARTESIAN_POINT('Ctrl Pts',(-57.6412340395138,-55.6009957555085,2.99999999999998));
#3699=CARTESIAN_POINT('Ctrl Pts',(-61.009524051325,-55.8935393856331,2.99999999999998));
#3700=CARTESIAN_POINT('Ctrl Pts',(-64.3852575597227,-56.0692066933141,2.25098394665393));
#3701=CARTESIAN_POINT('Ctrl Pts',(-67.444867288768,-56.1496754676309,0.818969230464439));
#3702=CARTESIAN_POINT('Ctrl Pts',(-57.25392630298,-61.588482099311,9.));
#3703=CARTESIAN_POINT('Ctrl Pts',(-61.6321050184181,-61.8716898414334,9.));
#3704=CARTESIAN_POINT('Ctrl Pts',(-66.0181318657617,-61.9999999999985,8.05558845447669));
#3705=CARTESIAN_POINT('Ctrl Pts',(-69.9907367237032,-62.,6.25000468188997));
#3706=CARTESIAN_POINT('Origin',(21.8956325934995,62.,0.));
#3707=CARTESIAN_POINT('',(-21.8956325934995,62.,11.));
#3708=CARTESIAN_POINT('',(21.8956325934996,62.,11.));
#3709=CARTESIAN_POINT('',(10.9478162967498,62.,11.));
#3710=CARTESIAN_POINT('',(-21.8956325934995,62.,0.));
#3711=CARTESIAN_POINT('',(21.8956325934996,62.,0.));
#3712=CARTESIAN_POINT('Origin',(44.6377279912484,-60.4488101127886,0.));
#3713=CARTESIAN_POINT('',(50.3573565593069,-61.0207729695945,11.));
#3714=CARTESIAN_POINT('',(44.6377279912484,-60.4488101127885,11.));
#3715=CARTESIAN_POINT('',(19.5475741047001,-57.9397947241336,11.));
#3716=CARTESIAN_POINT('',(50.3573565593069,-61.0207729695945,0.));
#3717=CARTESIAN_POINT('',(44.6377279912484,-60.4488101127885,0.));
#3718=CARTESIAN_POINT('Origin',(69.9907367237777,135.313028675113,0.));
#3719=CARTESIAN_POINT('',(69.990736723778,-62.,11.));
#3720=CARTESIAN_POINT('Origin',(69.9907367237777,135.313028675113,11.));
#3721=CARTESIAN_POINT('',(69.990736723778,-62.,0.));
#3722=CARTESIAN_POINT('Origin',(69.990736723778,-62.,0.));
#3723=CARTESIAN_POINT('',(90.,-62.,11.));
#3724=CARTESIAN_POINT('',(34.995368361889,-62.,11.));
#3725=CARTESIAN_POINT('',(90.,-62.,0.));
#3726=CARTESIAN_POINT('Origin',(90.,-45.,0.));
#3727=CARTESIAN_POINT('',(107.,-45.,11.));
#3728=CARTESIAN_POINT('Origin',(90.,-45.,11.));
#3729=CARTESIAN_POINT('',(107.,-45.,0.));
#3730=CARTESIAN_POINT('Origin',(107.,-45.,0.));
#3731=CARTESIAN_POINT('',(107.,29.6344337383199,11.));
#3732=CARTESIAN_POINT('',(107.,-22.5024907584995,11.));
#3733=CARTESIAN_POINT('',(107.,29.6344337383199,0.));
#3734=CARTESIAN_POINT('Origin',(89.9999999999999,29.6344337383199,0.));
#3735=CARTESIAN_POINT('',(94.3802650595256,46.0604277115412,11.));
#3736=CARTESIAN_POINT('Origin',(89.9999999999999,29.6344337383199,11.));
#3737=CARTESIAN_POINT('',(94.3802650595256,46.0604277115412,0.));
#3738=CARTESIAN_POINT('Origin',(94.3802650595256,46.0604277115412,0.));
#3739=CARTESIAN_POINT('',(46.8889096978517,58.7247891413208,11.));
#3740=CARTESIAN_POINT('',(56.0573706929679,56.2798662092899,11.));
#3741=CARTESIAN_POINT('',(46.8889096978517,58.7247891413208,0.));
#3742=CARTESIAN_POINT('Origin',(21.8956325934998,-34.9999999999971,0.));
#3743=CARTESIAN_POINT('Origin',(21.8956325934998,-34.9999999999971,11.));
#3744=CARTESIAN_POINT('Origin',(-21.8956325934998,-34.9999999999971,0.));
#3745=CARTESIAN_POINT('',(-46.8889096978517,58.7247891413209,11.));
#3746=CARTESIAN_POINT('Origin',(-21.8956325934998,-34.9999999999971,11.));
#3747=CARTESIAN_POINT('',(-46.8889096978517,58.7247891413209,0.));
#3748=CARTESIAN_POINT('Origin',(-46.8889096978517,58.7247891413209,0.));
#3749=CARTESIAN_POINT('',(-94.3802650595256,46.0604277115412,11.));
#3750=CARTESIAN_POINT('',(-32.3116930121309,62.6120469241798,11.));
#3751=CARTESIAN_POINT('',(-94.3802650595256,46.0604277115412,0.));
#3752=CARTESIAN_POINT('Origin',(-89.9999999999999,29.6344337383199,0.));
#3753=CARTESIAN_POINT('',(-107.,29.6344337383199,11.));
#3754=CARTESIAN_POINT('Origin',(-89.9999999999999,29.6344337383199,11.));
#3755=CARTESIAN_POINT('',(-107.,29.6344337383199,0.));
#3756=CARTESIAN_POINT('Origin',(-107.,29.6344337383199,0.));
#3757=CARTESIAN_POINT('',(-107.,-45.,11.));
#3758=CARTESIAN_POINT('',(-107.,14.8147261106605,11.));
#3759=CARTESIAN_POINT('',(-107.,-45.,0.));
#3760=CARTESIAN_POINT('Origin',(-90.,-45.,0.));
#3761=CARTESIAN_POINT('',(-90.,-62.,11.));
#3762=CARTESIAN_POINT('Origin',(-90.,-45.,11.));
#3763=CARTESIAN_POINT('',(-90.,-62.,0.));
#3764=CARTESIAN_POINT('Origin',(-90.,-62.,0.));
#3765=CARTESIAN_POINT('',(-69.9907367237777,-62.,11.));
#3766=CARTESIAN_POINT('',(-45.,-62.,11.));
#3767=CARTESIAN_POINT('',(-69.9907367237777,-62.,0.));
#3768=CARTESIAN_POINT('Origin',(-69.9907367237777,135.313028675113,0.));
#3769=CARTESIAN_POINT('',(-50.3573565593066,-61.0207729695944,11.));
#3770=CARTESIAN_POINT('Origin',(-69.9907367237777,135.313028675113,11.));
#3771=CARTESIAN_POINT('',(-50.3573565593066,-61.0207729695944,0.));
#3772=CARTESIAN_POINT('Origin',(-50.3573565593066,-61.0207729695944,0.));
#3773=CARTESIAN_POINT('',(-44.6377279912474,-60.4488101127884,11.));
#3774=CARTESIAN_POINT('',(-22.4073883887292,-58.2257761525366,11.));
#3775=CARTESIAN_POINT('',(-44.6377279912474,-60.4488101127884,0.));
#3776=CARTESIAN_POINT('Origin',(0.,-506.826090025248,0.));
#3777=CARTESIAN_POINT('Origin',(0.,-506.826090025248,11.));
#3778=CARTESIAN_POINT('Origin',(-90.,-77.9990046149661,-15.1995354869842));
#3779=CARTESIAN_POINT('',(-78.69507182952,-65.,-1.10275968399231E-11));
#3780=CARTESIAN_POINT('',(-73.3388527952993,-60.3367032033259,-5.81640653953957));
#3781=CARTESIAN_POINT('Ctrl Pts',(-78.6950718294988,-65.,4.00721122950642E-15));
#3782=CARTESIAN_POINT('Ctrl Pts',(-77.3739813772774,-65.,4.97890331696192E-15));
#3783=CARTESIAN_POINT('Ctrl Pts',(-76.1655540424578,-64.8471064520146,-0.127899609175362));
#3784=CARTESIAN_POINT('Ctrl Pts',(-74.578200075039,-64.4249714063426,-0.50970457021182));
#3785=CARTESIAN_POINT('Ctrl Pts',(-73.9907363930737,-64.2079779403315,-0.709279136999352));
#3786=CARTESIAN_POINT('Ctrl Pts',(-73.1677586580744,-63.7280743772356,-1.1846687828042));
#3787=CARTESIAN_POINT('Ctrl Pts',(-72.8808589186162,-63.5010895489512,-1.41706994361746));
#3788=CARTESIAN_POINT('Ctrl Pts',(-72.4884047491068,-63.0137152281435,-1.94975337431066));
#3789=CARTESIAN_POINT('Ctrl Pts',(-72.3784615479831,-62.7751968431448,-2.22326032792089));
#3790=CARTESIAN_POINT('Ctrl Pts',(-72.2820491793627,-62.2506839884441,-2.86315350256641));
#3791=CARTESIAN_POINT('Ctrl Pts',(-72.3193258159186,-61.9775136752617,-3.22027331048665));
#3792=CARTESIAN_POINT('Ctrl Pts',(-72.5646329376558,-61.2418009552265,-4.25041162573931));
#3793=CARTESIAN_POINT('Ctrl Pts',(-72.9162750335864,-60.7679393478055,-5.00467062436093));
#3794=CARTESIAN_POINT('Ctrl Pts',(-73.3388527952993,-60.3367032033259,-5.81640653953957));
#3795=CARTESIAN_POINT('',(-90.,-65.,0.));
#3796=CARTESIAN_POINT('',(-69.9907367237777,-65.,0.));
#3797=CARTESIAN_POINT('',(-90.,-60.3367032033259,-5.81640653953956));
#3798=CARTESIAN_POINT('Origin',(-90.,-77.9990046149661,-15.1995354869841));
#3799=CARTESIAN_POINT('',(-90.,-60.3367032033259,-5.81640653953957));
#3800=CARTESIAN_POINT('Origin',(-90.,-45.,-15.1995354869841));
#3801=CARTESIAN_POINT('',(-105.336703203326,-45.,-5.81640653953956));
#3802=CARTESIAN_POINT('Origin',(-90.,-45.,-5.81640653953956));
#3803=CARTESIAN_POINT('',(-110.,-45.,0.));
#3804=CARTESIAN_POINT('Origin',(-90.,-45.,0.));
#3805=CARTESIAN_POINT('Origin',(-122.999004614966,-45.,-15.1995354869841));
#3806=CARTESIAN_POINT('Origin',(-122.999004614966,29.6344337383199,-15.1995354869842));
#3807=CARTESIAN_POINT('',(-105.336703203326,29.6344337383199,-5.81640653953957));
#3808=CARTESIAN_POINT('',(-105.336703203326,29.6344337383199,-5.81640653953957));
#3809=CARTESIAN_POINT('',(-110.,29.6344337383199,0.));
#3810=CARTESIAN_POINT('',(-110.,-45.,0.));
#3811=CARTESIAN_POINT('Origin',(-122.999004614966,29.63443373832,-15.1995354869842));
#3812=CARTESIAN_POINT('Origin',(-89.9999999999999,29.6344337383199,-15.1995354869842));
#3813=CARTESIAN_POINT('',(-93.9516955982261,44.4532922316678,-5.81640653953958));
#3814=CARTESIAN_POINT('Origin',(-89.9999999999999,29.6344337383199,-5.81640653953958));
#3815=CARTESIAN_POINT('',(-95.1532530112066,48.9591325303449,0.));
#3816=CARTESIAN_POINT('Origin',(-89.9999999999999,29.6344337383199,0.));
#3817=CARTESIAN_POINT('Origin',(-98.5026109949448,61.519224969363,-15.1995354869842));
#3818=CARTESIAN_POINT('Origin',(-51.0112556332709,74.1835863991427,-15.1995354869842));
#3819=CARTESIAN_POINT('',(-75.175191348405,49.4603600316201,-5.81640653953957));
#3820=CARTESIAN_POINT('',(-81.5521147365739,52.5861027369136,-1.01140748643466E-10));
#3821=CARTESIAN_POINT('Ctrl Pts',(-75.175191348405,49.4603600316201,-5.81640653953957));
#3822=CARTESIAN_POINT('Ctrl Pts',(-74.8201875435803,50.0881447203283,-4.84677913263308));
#3823=CARTESIAN_POINT('Ctrl Pts',(-74.575878795008,50.7525952590046,-3.95495987802421));
#3824=CARTESIAN_POINT('Ctrl Pts',(-74.6610690963239,51.6159193850536,-2.81653465265343));
#3825=CARTESIAN_POINT('Ctrl Pts',(-74.7551896305774,51.8852763772175,-2.46437189326883));
#3826=CARTESIAN_POINT('Ctrl Pts',(-75.1155417838691,52.3332503303766,-1.85519223950736));
#3827=CARTESIAN_POINT('Ctrl Pts',(-75.3407452722832,52.5057591231309,-1.61005561894228));
#3828=CARTESIAN_POINT('Ctrl Pts',(-75.935882200165,52.8030385501771,-1.14833200323518));
#3829=CARTESIAN_POINT('Ctrl Pts',(-76.305066844443,52.9117390377819,-0.950466247098503));
#3830=CARTESIAN_POINT('Ctrl Pts',(-77.2954914836912,53.0900865229428,-0.539056237574349));
#3831=CARTESIAN_POINT('Ctrl Pts',(-77.9612917494659,53.1101936618978,-0.36735539802342));
#3832=CARTESIAN_POINT('Ctrl Pts',(-79.5011691964554,53.0261476778628,-0.0869564545794449));
#3833=CARTESIAN_POINT('Ctrl Pts',(-80.4975355929342,52.8673238418842,1.98957411690752E-15));
#3834=CARTESIAN_POINT('Ctrl Pts',(-81.5521147363864,52.5861027369636,2.15105711021124E-15));
#3835=CARTESIAN_POINT('',(-46.4603402365522,57.1176536614475,-5.81640653953957));
#3836=CARTESIAN_POINT('',(-47.6618976495327,61.6234939601246,0.));
#3837=CARTESIAN_POINT('Origin',(-90.,-5.92973330713232,-15.));
#3838=CARTESIAN_POINT('',(-87.534916044415,-45.0588124822571,-15.));
#3839=CARTESIAN_POINT('',(-87.534916044415,30.352657143068,-15.));
#3840=CARTESIAN_POINT('',(-87.5349160444149,40.7838835358266,-15.));
#3841=CARTESIAN_POINT('',(-90.,-45.0588124822571,-15.));
#3842=CARTESIAN_POINT('',(-90.,-45.0588124822571,-15.));
#3843=CARTESIAN_POINT('',(-90.0588124822571,-45.,-15.));
#3844=CARTESIAN_POINT('Origin',(-90.,-45.,-15.));
#3845=CARTESIAN_POINT('',(-90.0588124822571,29.6344337383199,-15.));
#3846=CARTESIAN_POINT('',(-90.0588124822571,29.6344337383199,-15.));
#3847=CARTESIAN_POINT('',(-90.0151537800643,29.6912604135615,-15.));
#3848=CARTESIAN_POINT('Origin',(-89.9999999999999,29.6344337383199,-15.));
#3849=CARTESIAN_POINT('',(-42.5237984183905,42.3556218433412,-15.));
#3850=CARTESIAN_POINT('Ctrl Pts',(-105.336703203326,29.6344337380731,-5.81640653953957));
#3851=CARTESIAN_POINT('Ctrl Pts',(-105.336703203515,41.4172902046862,-5.81640653953957));
#3852=CARTESIAN_POINT('Ctrl Pts',(-93.9516955968946,44.4532922320228,-5.81640653953957));
#3853=CARTESIAN_POINT('Ctrl Pts',(-100.457902891175,29.6344337381516,-15.));
#3854=CARTESIAN_POINT('Ctrl Pts',(-100.457902891304,37.669013730661,-15.));
#3855=CARTESIAN_POINT('Ctrl Pts',(-92.6946109773348,39.7392249069724,-15.));
#3856=CARTESIAN_POINT('Ctrl Pts',(-90.0588124822571,29.6344337383189,-15.));
#3857=CARTESIAN_POINT('Ctrl Pts',(-90.0588124822578,29.6796180929807,-15.));
#3858=CARTESIAN_POINT('Ctrl Pts',(-90.0151537800592,29.6912604135628,-15.));
#3859=CARTESIAN_POINT('Origin',(-90.0151537800643,29.6912604135615,2.3));
#3860=CARTESIAN_POINT('Origin',(-90.0588124822571,29.6344337383199,2.3));
#3861=CARTESIAN_POINT('Origin',(-90.0588124822571,29.6344337383199,2.3));
#3862=CARTESIAN_POINT('Origin',(-90.0588124822571,-45.,2.30000000000001));
#3863=CARTESIAN_POINT('Ctrl Pts',(-90.,-60.3367032033259,-5.81640653953954));
#3864=CARTESIAN_POINT('Ctrl Pts',(-105.33670320412,-60.336703203385,-5.81640653953954));
#3865=CARTESIAN_POINT('Ctrl Pts',(-105.336703203326,-44.9999999992648,-5.81640653953954));
#3866=CARTESIAN_POINT('Ctrl Pts',(-90.,-55.4579028911752,-15.));
#3867=CARTESIAN_POINT('Ctrl Pts',(-100.457902891717,-55.4579028912155,-15.));
#3868=CARTESIAN_POINT('Ctrl Pts',(-100.457902891175,-44.9999999994987,-15.));
#3869=CARTESIAN_POINT('Ctrl Pts',(-90.,-45.0588124822571,-15.));
#3870=CARTESIAN_POINT('Ctrl Pts',(-90.0588124822601,-45.0588124822573,-15.));
#3871=CARTESIAN_POINT('Ctrl Pts',(-90.0588124822571,-44.9999999999972,-15.));
#3872=CARTESIAN_POINT('Origin',(-90.,-45.0588124822571,2.3));
#3873=CARTESIAN_POINT('Origin',(-57.6350832689628,40.7838835358266,-20.));
#3874=CARTESIAN_POINT('',(-73.6671651860953,40.7838835358266,-8.04289544235925));
#3875=CARTESIAN_POINT('',(-73.6671651860954,-55.,-8.04289544235925));
#3876=CARTESIAN_POINT('',(-73.6671651860953,40.7838835358266,-8.04289544235925));
#3877=CARTESIAN_POINT('',(-57.6350832689628,40.7838835358266,0.));
#3878=CARTESIAN_POINT('Origin',(-57.6350832689628,40.7838835358266,-20.));
#3879=CARTESIAN_POINT('',(-57.6350832689629,-55.,0.));
#3880=CARTESIAN_POINT('',(-57.6350832689628,40.7838835358266,0.));
#3881=CARTESIAN_POINT('Origin',(-57.6350832689629,-55.,-20.));
#3882=CARTESIAN_POINT('Origin',(-87.,-55.,-20.));
#3883=CARTESIAN_POINT('',(-74.9820863899696,-57.6568847371273,-9.55658363362187));
#3884=CARTESIAN_POINT('',(-66.1719325712993,-56.2245132014464,-1.8965484952483));
#3885=CARTESIAN_POINT('Ctrl Pts',(-74.9820863899696,-57.6568847371273,-9.55658363362188));
#3886=CARTESIAN_POINT('Ctrl Pts',(-73.9751529566288,-57.1225112733853,-8.13917356237043));
#3887=CARTESIAN_POINT('Ctrl Pts',(-71.474935952211,-56.5334470113701,-5.10270495837481));
#3888=CARTESIAN_POINT('Ctrl Pts',(-68.1809897086967,-56.3155582139746,-2.83581136693117));
#3889=CARTESIAN_POINT('Ctrl Pts',(-66.1719325712993,-56.2245132014464,-1.8965484952483));
#3890=CARTESIAN_POINT('',(-75.0175768712876,-57.5761516480313,-9.64178463001102));
#3891=CARTESIAN_POINT('Ctrl Pts',(-75.0175768686803,-57.5761516480313,-9.64178463249839));
#3892=CARTESIAN_POINT('Ctrl Pts',(-75.0058418579831,-57.6031832013776,-9.61345024766182));
#3893=CARTESIAN_POINT('Ctrl Pts',(-74.9940133772249,-57.6300942014161,-9.58504959945697));
#3894=CARTESIAN_POINT('Ctrl Pts',(-74.9820863899696,-57.6568847371273,-9.55658363362187));
#3895=CARTESIAN_POINT('Ctrl Pts',(-73.6671651860954,-55.,-8.04289544235925));
#3896=CARTESIAN_POINT('Ctrl Pts',(-73.6697542485856,-55.0057988804247,-8.04636685650735));
#3897=CARTESIAN_POINT('Ctrl Pts',(-73.6723454987924,-55.011596647569,-8.04983848411674));
#3898=CARTESIAN_POINT('Ctrl Pts',(-74.0680914866384,-55.8961367094006,-8.57962365953721));
#3899=CARTESIAN_POINT('Ctrl Pts',(-74.5135615793179,-56.7535693510735,-9.11347746070416));
#3900=CARTESIAN_POINT('Ctrl Pts',(-75.0175768606722,-57.5761516650347,-9.64178461366377));
#3901=CARTESIAN_POINT('',(-57.6412340395138,-55.6009957555086,-1.31838984174237E-15));
#3902=CARTESIAN_POINT('Origin',(-87.,-55.,0.));
#3903=CARTESIAN_POINT('Ctrl Pts',(-66.1719325712993,-56.2245132014464,-1.89654849524831));
#3904=CARTESIAN_POINT('Ctrl Pts',(-63.5084198611635,-56.1038100399719,-0.651318307257427));
#3905=CARTESIAN_POINT('Ctrl Pts',(-60.5711466983281,-55.9025132958041,7.18843948112175E-15));
#3906=CARTESIAN_POINT('Ctrl Pts',(-57.6412340395138,-55.6009957555086,5.55111512312578E-15));
#3907=CARTESIAN_POINT('Origin',(-90.,-45.0588124822571,2.3));
#3908=CARTESIAN_POINT('Ctrl Pts',(-73.3388527952993,-60.3367032033259,-5.81640653953956));
#3909=CARTESIAN_POINT('Ctrl Pts',(-74.0153721453122,-59.6463223489646,-7.11594263318725));
#3910=CARTESIAN_POINT('Ctrl Pts',(-74.4915967648406,-58.7586281645907,-8.38593922757616));
#3911=CARTESIAN_POINT('Ctrl Pts',(-74.9820863899696,-57.6568847371273,-9.55658363362187));
#3912=CARTESIAN_POINT('Origin',(-87.534916044415,-45.0588124822571,2.3));
#3913=CARTESIAN_POINT('Origin',(-87.5349160444149,40.7838835358266,2.3));
#3914=CARTESIAN_POINT('',(-76.2108658471967,45.0921727651556,-10.7788335534669));
#3915=CARTESIAN_POINT('Origin',(-87.534916044415,30.352657143068,2.3));
#3916=CARTESIAN_POINT('Ctrl Pts',(-76.2108658476606,45.0921727642299,-10.7788335543116));
#3917=CARTESIAN_POINT('Ctrl Pts',(-75.2441341838882,43.8439436204745,-9.94180800139134));
#3918=CARTESIAN_POINT('Ctrl Pts',(-74.3953556326525,42.4115940098333,-9.01777695619204));
#3919=CARTESIAN_POINT('Ctrl Pts',(-73.6721920457574,40.7951368361567,-8.04963289302244));
#3920=CARTESIAN_POINT('Ctrl Pts',(-73.6696775867548,40.7895107120953,-8.04626406834952));
#3921=CARTESIAN_POINT('Ctrl Pts',(-73.6671651860953,40.7838835358266,-8.04289544235925));
#3922=CARTESIAN_POINT('Origin',(90.,-45.,-15.1995354869842));
#3923=CARTESIAN_POINT('',(105.336703203326,-45.,-5.81640653953957));
#3924=CARTESIAN_POINT('',(90.,-60.3367032033259,-5.81640653953958));
#3925=CARTESIAN_POINT('Origin',(90.,-45.,-5.81640653953958));
#3926=CARTESIAN_POINT('',(110.,-45.,0.));
#3927=CARTESIAN_POINT('Origin',(122.999004614966,-45.,-15.1995354869842));
#3928=CARTESIAN_POINT('',(90.,-65.,0.));
#3929=CARTESIAN_POINT('Origin',(90.,-45.,0.));
#3930=CARTESIAN_POINT('Origin',(90.,-77.9990046149661,-15.1995354869842));
#3931=CARTESIAN_POINT('Origin',(122.999004614966,-45.,-15.1995354869842));
#3932=CARTESIAN_POINT('',(105.336703203326,29.6344337383199,-5.81640653953957));
#3933=CARTESIAN_POINT('',(105.336703203326,-45.,-5.81640653953957));
#3934=CARTESIAN_POINT('',(110.,29.6344337383199,0.));
#3935=CARTESIAN_POINT('Origin',(122.999004614966,29.63443373832,-15.1995354869842));
#3936=CARTESIAN_POINT('',(110.,-45.,0.));
#3937=CARTESIAN_POINT('Origin',(89.9999999999999,29.6344337383199,-15.1995354869842));
#3938=CARTESIAN_POINT('',(93.951695598226,44.4532922316678,-5.81640653953957));
#3939=CARTESIAN_POINT('Origin',(89.9999999999999,29.6344337383199,-5.81640653953957));
#3940=CARTESIAN_POINT('',(95.1532530112066,48.9591325303449,0.));
#3941=CARTESIAN_POINT('Origin',(98.5026109949448,61.519224969363,-15.1995354869842));
#3942=CARTESIAN_POINT('Origin',(89.9999999999999,29.6344337383199,0.));
#3943=CARTESIAN_POINT('Origin',(51.0112556332709,74.1835863991427,-15.1995354869842));
#3944=CARTESIAN_POINT('',(81.5521147365739,52.5861027369136,-1.01140413450567E-10));
#3945=CARTESIAN_POINT('',(75.175191348405,49.4603600316201,-5.81640653953957));
#3946=CARTESIAN_POINT('Ctrl Pts',(81.5521147363863,52.5861027369636,6.93889390390723E-15));
#3947=CARTESIAN_POINT('Ctrl Pts',(80.2590786640489,52.9309123562536,5.59245654787587E-15));
#3948=CARTESIAN_POINT('Ctrl Pts',(79.0369778106324,53.0944034936792,-0.131197484924261));
#3949=CARTESIAN_POINT('Ctrl Pts',(77.3841828966424,53.0886178764827,-0.521988818639447));
#3950=CARTESIAN_POINT('Ctrl Pts',(76.7600057217226,53.026737858255,-0.725258087738781));
#3951=CARTESIAN_POINT('Ctrl Pts',(75.8485191983242,52.7676122867184,-1.20737547955318));
#3952=CARTESIAN_POINT('Ctrl Pts',(75.5193903914204,52.6202907476379,-1.44074890721558));
#3953=CARTESIAN_POINT('Ctrl Pts',(75.0236221366843,52.2464817055375,-1.97686412312659));
#3954=CARTESIAN_POINT('Ctrl Pts',(74.8599610186455,52.0415184700871,-2.2534137660952));
#3955=CARTESIAN_POINT('Ctrl Pts',(74.6365788989465,51.5457863700606,-2.91080576395522));
#3956=CARTESIAN_POINT('Ctrl Pts',(74.6090221119359,51.2598289076879,-3.28410511460917));
#3957=CARTESIAN_POINT('Ctrl Pts',(74.6755469041619,50.5111275456113,-4.28315295651426));
#3958=CARTESIAN_POINT('Ctrl Pts',(74.8731710417016,50.007426482244,-4.97835965042596));
#3959=CARTESIAN_POINT('Ctrl Pts',(75.1516522930176,49.5022476633297,-5.75185308107276));
#3960=CARTESIAN_POINT('Ctrl Pts',(75.163344233517,49.4813103347744,-5.78404833060771));
#3961=CARTESIAN_POINT('Ctrl Pts',(75.175191348405,49.4603600316201,-5.81640653953957));
#3962=CARTESIAN_POINT('',(47.6618976495327,61.6234939601246,0.));
#3963=CARTESIAN_POINT('',(46.4603402365522,57.1176536614475,-5.81640653953957));
#3964=CARTESIAN_POINT('Origin',(87.,-55.,-20.));
#3965=CARTESIAN_POINT('',(57.6412340395138,-55.6009957555087,0.));
#3966=CARTESIAN_POINT('',(66.1719325712995,-56.2245132014465,-1.8965484952484));
#3967=CARTESIAN_POINT('Ctrl Pts',(57.6412340395138,-55.6009957555086,-2.22044604925031E-15));
#3968=CARTESIAN_POINT('Ctrl Pts',(60.571146698337,-55.902513295805,-1.15781688299445E-15));
#3969=CARTESIAN_POINT('Ctrl Pts',(63.5084198611808,-56.1038100399727,-0.651318307265454));
#3970=CARTESIAN_POINT('Ctrl Pts',(66.1719325712995,-56.2245132014465,-1.8965484952484));
#3971=CARTESIAN_POINT('',(57.6350832689629,-55.,0.));
#3972=CARTESIAN_POINT('Origin',(87.,-55.,0.));
#3973=CARTESIAN_POINT('',(73.6671651860954,-55.,-8.04289544235925));
#3974=CARTESIAN_POINT('Origin',(57.6350832689629,-55.,-20.));
#3975=CARTESIAN_POINT('',(75.0175768747653,-57.5761516420583,-9.64178463542783));
#3976=CARTESIAN_POINT('Ctrl Pts',(75.0175768605478,-57.5761516648316,-9.64178461353335));
#3977=CARTESIAN_POINT('Ctrl Pts',(74.5135621995267,-56.7535703632688,-9.1134781107939));
#3978=CARTESIAN_POINT('Ctrl Pts',(74.0680923261513,-55.8961385351449,-8.57962476026648));
#3979=CARTESIAN_POINT('Ctrl Pts',(73.6723456460685,-55.0115969770745,-8.04983868142779));
#3980=CARTESIAN_POINT('Ctrl Pts',(73.6697543191889,-55.0057990385592,-8.04636695117224));
#3981=CARTESIAN_POINT('Ctrl Pts',(73.6671651860954,-55.,-8.04289544235925));
#3982=CARTESIAN_POINT('',(74.9820863899696,-57.6568847371273,-9.55658363362186));
#3983=CARTESIAN_POINT('Ctrl Pts',(74.9820863899696,-57.6568847371273,-9.55658363362187));
#3984=CARTESIAN_POINT('Ctrl Pts',(74.9940184418584,-57.6300828251782,-9.58506168714365));
#3985=CARTESIAN_POINT('Ctrl Pts',(75.0058468455127,-57.6031717126713,-9.61346229011411));
#3986=CARTESIAN_POINT('Ctrl Pts',(75.0175768712733,-57.5761516420583,-9.64178463875926));
#3987=CARTESIAN_POINT('Ctrl Pts',(66.1719325712995,-56.2245132014464,-1.8965484952484));
#3988=CARTESIAN_POINT('Ctrl Pts',(68.1809897086966,-56.3155582139746,-2.83581136693116));
#3989=CARTESIAN_POINT('Ctrl Pts',(71.4749359522111,-56.5334470113701,-5.10270495837486));
#3990=CARTESIAN_POINT('Ctrl Pts',(73.9751529566288,-57.1225112733853,-8.13917356237046));
#3991=CARTESIAN_POINT('Ctrl Pts',(74.9820863899696,-57.6568847371273,-9.55658363362186));
#3992=CARTESIAN_POINT('Origin',(90.,-5.92973330713232,-15.));
#3993=CARTESIAN_POINT('',(87.534916044415,30.352657143068,-15.));
#3994=CARTESIAN_POINT('',(87.534916044415,-45.0588124822571,-15.));
#3995=CARTESIAN_POINT('',(87.5349160444149,40.7838835358266,-15.));
#3996=CARTESIAN_POINT('',(90.0151537800643,29.6912604135615,-15.));
#3997=CARTESIAN_POINT('',(42.5237984183905,42.3556218433412,-15.));
#3998=CARTESIAN_POINT('',(90.0588124822571,29.6344337383199,-15.));
#3999=CARTESIAN_POINT('Origin',(89.9999999999999,29.6344337383199,-15.));
#4000=CARTESIAN_POINT('',(90.0588124822571,-45.,-15.));
#4001=CARTESIAN_POINT('',(90.0588124822571,-45.,-15.));
#4002=CARTESIAN_POINT('',(90.,-45.0588124822571,-15.));
#4003=CARTESIAN_POINT('Origin',(90.,-45.,-15.));
#4004=CARTESIAN_POINT('',(69.9907367237777,-45.0588124822571,-15.));
#4005=CARTESIAN_POINT('Ctrl Pts',(105.336703203326,-45.,-5.81640653953958));
#4006=CARTESIAN_POINT('Ctrl Pts',(105.336703203394,-60.3367032033938,-5.81640653953958));
#4007=CARTESIAN_POINT('Ctrl Pts',(90.,-60.3367032033259,-5.81640653953958));
#4008=CARTESIAN_POINT('Ctrl Pts',(100.457902891175,-45.,-15.));
#4009=CARTESIAN_POINT('Ctrl Pts',(100.457902891221,-55.4579028912215,-15.));
#4010=CARTESIAN_POINT('Ctrl Pts',(90.,-55.4579028911752,-15.));
#4011=CARTESIAN_POINT('Ctrl Pts',(90.0588124822571,-45.,-15.));
#4012=CARTESIAN_POINT('Ctrl Pts',(90.0588124822574,-45.0588124822574,-15.));
#4013=CARTESIAN_POINT('Ctrl Pts',(90.,-45.0588124822571,-15.));
#4014=CARTESIAN_POINT('Origin',(90.,-45.0588124822571,2.3));
#4015=CARTESIAN_POINT('Origin',(90.0588124822571,-45.,2.3));
#4016=CARTESIAN_POINT('Origin',(90.0588124822571,-45.,2.3));
#4017=CARTESIAN_POINT('Origin',(90.0588124822571,29.6344337383199,2.3));
#4018=CARTESIAN_POINT('Ctrl Pts',(93.9516955980071,44.4532922317262,-5.81640653953956));
#4019=CARTESIAN_POINT('Ctrl Pts',(105.336703203334,41.4172902038273,-5.81640653953956));
#4020=CARTESIAN_POINT('Ctrl Pts',(105.336703203326,29.6344337383199,-5.81640653953956));
#4021=CARTESIAN_POINT('Ctrl Pts',(92.6946109780934,39.7392249067702,-15.));
#4022=CARTESIAN_POINT('Ctrl Pts',(100.457902891181,37.6690137300753,-15.));
#4023=CARTESIAN_POINT('Ctrl Pts',(100.457902891175,29.6344337383199,-15.));
#4024=CARTESIAN_POINT('Ctrl Pts',(90.0151537800635,29.6912604135617,-15.));
#4025=CARTESIAN_POINT('Ctrl Pts',(90.0588124822571,29.6796180929774,-15.));
#4026=CARTESIAN_POINT('Ctrl Pts',(90.0588124822571,29.6344337383199,-15.));
#4027=CARTESIAN_POINT('Origin',(90.0151537800643,29.6912604135615,2.30000000000001));
#4028=CARTESIAN_POINT('Origin',(57.6350832689628,40.7838835358266,-20.));
#4029=CARTESIAN_POINT('',(73.6671651860953,40.7838835358266,-8.04289544235925));
#4030=CARTESIAN_POINT('',(73.6671651860953,40.7838835358266,-8.04289544235925));
#4031=CARTESIAN_POINT('',(57.6350832689628,40.7838835358266,0.));
#4032=CARTESIAN_POINT('',(57.6350832689628,40.7838835358266,0.));
#4033=CARTESIAN_POINT('Origin',(57.6350832689628,40.7838835358266,-20.));
#4034=CARTESIAN_POINT('Origin',(87.5349160444149,40.7838835358266,2.3));
#4035=CARTESIAN_POINT('',(76.2108658474812,45.0921727640252,-10.7788335541485));
#4036=CARTESIAN_POINT('Origin',(87.534916044415,30.352657143068,2.3));
#4037=CARTESIAN_POINT('Origin',(87.534916044415,-45.0588124822571,2.3));
#4038=CARTESIAN_POINT('Ctrl Pts',(73.6671651860953,40.7838835358266,-8.04289544235925));
#4039=CARTESIAN_POINT('Ctrl Pts',(73.6696775271624,40.7895105786227,-8.04626398844808));
#4040=CARTESIAN_POINT('Ctrl Pts',(73.6721919327542,40.7951365832949,-8.04963274162079));
#4041=CARTESIAN_POINT('Ctrl Pts',(74.3953564823115,42.4115959840395,-9.01777812726732));
#4042=CARTESIAN_POINT('Ctrl Pts',(75.2441360069369,43.8439459743273,-9.94180957981998));
#4043=CARTESIAN_POINT('Ctrl Pts',(76.2108658474894,45.0921727640088,-10.7788335541634));
#4044=CARTESIAN_POINT('Origin',(42.5237984183905,42.3556218433412,2.3));
#4045=CARTESIAN_POINT('',(76.0724519324807,46.4476258742979,-9.55658363362183));
#4046=CARTESIAN_POINT('Ctrl Pts',(75.175191348405,49.4603600316201,-5.81640653953957));
#4047=CARTESIAN_POINT('Ctrl Pts',(75.6468918814533,48.6262101766642,-7.10476953306295));
#4048=CARTESIAN_POINT('Ctrl Pts',(75.8808844225997,47.6480584903943,-8.37659238084908));
#4049=CARTESIAN_POINT('Ctrl Pts',(76.0724519324807,46.4476258742979,-9.55658363362183));
#4050=CARTESIAN_POINT('Ctrl Pts',(76.210865847485,45.0921727640251,-10.778833554144));
#4051=CARTESIAN_POINT('Ctrl Pts',(76.1820161389648,45.5642907232881,-10.3902979489973));
#4052=CARTESIAN_POINT('Ctrl Pts',(76.14151528561,46.0148494513809,-9.98199059657905));
#4053=CARTESIAN_POINT('Ctrl Pts',(76.0724519324807,46.4476258742979,-9.55658363362183));
#4054=CARTESIAN_POINT('Origin',(87.,40.7838835358266,-20.));
#4055=CARTESIAN_POINT('',(58.9007110787366,49.3119722279142,0.));
#4056=CARTESIAN_POINT('Ctrl Pts',(76.0724519324807,46.4476258742979,-9.55658363362183));
#4057=CARTESIAN_POINT('Ctrl Pts',(75.4238660460089,46.297611331294,-8.72883856884455));
#4058=CARTESIAN_POINT('Ctrl Pts',(73.5133718758473,46.1718251286722,-6.35856364119646));
#4059=CARTESIAN_POINT('Ctrl Pts',(69.8246391670907,46.7405743201152,-3.08179782784918));
#4060=CARTESIAN_POINT('Ctrl Pts',(64.5901426287552,47.9019091247326,-0.573939584386673));
#4061=CARTESIAN_POINT('Ctrl Pts',(60.7816700376403,48.8410981246092,3.1194573073529E-16));
#4062=CARTESIAN_POINT('Ctrl Pts',(58.9007110787366,49.3119722279142,0.));
#4063=CARTESIAN_POINT('Origin',(87.,40.7838835358266,0.));
#4064=CARTESIAN_POINT('Origin',(0.,-8.88178419700125E-15,0.));
#4065=CARTESIAN_POINT('',(-50.9543788734326,-55.0505498283345,0.));
#4066=CARTESIAN_POINT('Origin',(-69.9907367237777,135.313028675113,0.));
#4067=CARTESIAN_POINT('',(-58.9007110787366,49.3119722279142,0.));
#4068=CARTESIAN_POINT('Origin',(-87.,40.7838835358266,0.));
#4069=CARTESIAN_POINT('',(-45.3429337944898,52.9273795037134,0.));
#4070=CARTESIAN_POINT('',(-30.7650970029184,56.8148026481324,0.));
#4071=CARTESIAN_POINT('',(-21.8956325934996,56.,0.));
#4072=CARTESIAN_POINT('Origin',(-21.8956325934998,-34.9999999999971,0.));
#4073=CARTESIAN_POINT('',(21.8956325934996,56.,0.));
#4074=CARTESIAN_POINT('',(10.9478162967498,56.,0.));
#4075=CARTESIAN_POINT('',(45.3429337944897,52.9273795037134,0.));
#4076=CARTESIAN_POINT('Origin',(21.8956325934998,-34.9999999999971,0.));
#4077=CARTESIAN_POINT('',(54.5107746837553,50.4826219332426,0.));
#4078=CARTESIAN_POINT('',(50.9543788734329,-55.0505498283345,0.));
#4079=CARTESIAN_POINT('Origin',(69.9907367237777,135.313028675113,0.));
#4080=CARTESIAN_POINT('',(45.2347503053744,-54.4785869715286,0.));
#4081=CARTESIAN_POINT('',(20.1443498090737,-51.9695469218984,0.));
#4082=CARTESIAN_POINT('',(-45.2347503053734,-54.4785869715285,0.));
#4083=CARTESIAN_POINT('Origin',(0.,-506.826090025248,0.));
#4084=CARTESIAN_POINT('',(-23.0041640931028,-52.2555283503014,0.));
#4085=CARTESIAN_POINT('Origin',(-87.,40.7838835358266,-20.));
#4086=CARTESIAN_POINT('',(-76.0724519324807,46.4476258742979,-9.55658363362182));
#4087=CARTESIAN_POINT('Ctrl Pts',(-58.9007110787366,49.3119722279142,-7.7715611723761E-15));
#4088=CARTESIAN_POINT('Ctrl Pts',(-60.7816700376402,48.8410981246092,-6.76117664332819E-15));
#4089=CARTESIAN_POINT('Ctrl Pts',(-64.5901426287552,47.9019091247326,-0.573939584386664));
#4090=CARTESIAN_POINT('Ctrl Pts',(-69.8246391670906,46.7405743201152,-3.08179782784918));
#4091=CARTESIAN_POINT('Ctrl Pts',(-73.5133718758473,46.1718251286722,-6.3585636411965));
#4092=CARTESIAN_POINT('Ctrl Pts',(-75.4238660460089,46.297611331294,-8.72883856884455));
#4093=CARTESIAN_POINT('Ctrl Pts',(-76.0724519324807,46.4476258742979,-9.55658363362183));
#4094=CARTESIAN_POINT('Ctrl Pts',(-76.0724519324807,46.4476258742979,-9.55658363362183));
#4095=CARTESIAN_POINT('Ctrl Pts',(-76.1116127667159,46.202229654873,-9.79780116512021));
#4096=CARTESIAN_POINT('Ctrl Pts',(-76.141776147397,45.9498241873083,-10.0348026129405));
#4097=CARTESIAN_POINT('Ctrl Pts',(-76.1839625084379,45.4934736224779,-10.4416893567442));
#4098=CARTESIAN_POINT('Ctrl Pts',(-76.1985051089794,45.2944530272719,-10.6123643848189));
#4099=CARTESIAN_POINT('Ctrl Pts',(-76.210865847416,45.0921727651556,-10.7788335532137));
#4100=CARTESIAN_POINT('Origin',(-42.5237984183905,42.3556218433412,2.3));
#4101=CARTESIAN_POINT('Ctrl Pts',(-76.0724519324807,46.4476258742979,-9.55658363362181));
#4102=CARTESIAN_POINT('Ctrl Pts',(-75.8808879854615,47.648036164189,-8.37661432687636));
#4103=CARTESIAN_POINT('Ctrl Pts',(-75.6469014981122,48.6261931706739,-7.10479579919293));
#4104=CARTESIAN_POINT('Ctrl Pts',(-75.175191348405,49.4603600316201,-5.81640653953957));
#4105=CARTESIAN_POINT('Ctrl Pts',(76.0724519324807,46.4476258742979,-9.55658363362183));
#4106=CARTESIAN_POINT('Ctrl Pts',(75.4238660460089,46.297611331294,-8.72883856884455));
#4107=CARTESIAN_POINT('Ctrl Pts',(73.5133718758473,46.1718251286722,-6.35856364119646));
#4108=CARTESIAN_POINT('Ctrl Pts',(69.8246391670907,46.7405743201152,-3.08179782784918));
#4109=CARTESIAN_POINT('Ctrl Pts',(64.5901426287552,47.9019091247326,-0.573939584386673));
#4110=CARTESIAN_POINT('Ctrl Pts',(60.7816700376403,48.8410981246092,3.1194573073529E-16));
#4111=CARTESIAN_POINT('Ctrl Pts',(58.9007110787366,49.3119722279142,0.));
#4112=CARTESIAN_POINT('Ctrl Pts',(76.552236013535,47.5278708004972,-9.44042438030663));
#4113=CARTESIAN_POINT('Ctrl Pts',(75.8789819110735,47.4232316495031,-8.62324721127665));
#4114=CARTESIAN_POINT('Ctrl Pts',(73.9124811894236,47.3835189455107,-6.28161145918254));
#4115=CARTESIAN_POINT('Ctrl Pts',(70.1857268471631,48.0043857223539,-3.03906460273754));
#4116=CARTESIAN_POINT('Ctrl Pts',(64.9367227486514,49.1928353220927,-0.558137319738155));
#4117=CARTESIAN_POINT('Ctrl Pts',(61.1277155927974,50.1393361519263,0.00445257429678904));
#4118=CARTESIAN_POINT('Ctrl Pts',(59.2476272602101,50.6129079084398,0.));
#4119=CARTESIAN_POINT('Ctrl Pts',(77.8722537452343,49.49714896672,-8.95882152542506));
#4120=CARTESIAN_POINT('Ctrl Pts',(77.1642170703751,49.4914446447826,-8.12995706506261));
#4121=CARTESIAN_POINT('Ctrl Pts',(75.0948096175302,49.6511016823374,-5.75390339497516));
#4122=CARTESIAN_POINT('Ctrl Pts',(71.2199070479985,50.4200814743506,-2.45767691533555));
#4123=CARTESIAN_POINT('Ctrl Pts',(65.7993202930302,51.7152168549436,0.0629817219973075));
#4124=CARTESIAN_POINT('Ctrl Pts',(61.8754211529225,52.7117595714714,0.627173489920975));
#4125=CARTESIAN_POINT('Ctrl Pts',(59.9396759194646,53.208090380644,0.616483073359654));
#4126=CARTESIAN_POINT('Ctrl Pts',(81.0878488834297,51.7680958080004,-7.3774597362134));
#4127=CARTESIAN_POINT('Ctrl Pts',(80.3609420181565,51.9125035630645,-6.42417400897711));
#4128=CARTESIAN_POINT('Ctrl Pts',(78.1389181376214,52.4038146296409,-3.69298449737589));
#4129=CARTESIAN_POINT('Ctrl Pts',(73.7817481740879,53.495949326002,0.0932621328417409));
#4130=CARTESIAN_POINT('Ctrl Pts',(67.6138571440211,55.1008848078027,2.98853928418936));
#4131=CARTESIAN_POINT('Ctrl Pts',(63.1294962568817,56.2834405531906,3.63766119686697));
#4132=CARTESIAN_POINT('Ctrl Pts',(60.9157701068042,56.8684435831675,3.62647995775843));
#4133=CARTESIAN_POINT('Ctrl Pts',(83.7476632899528,52.0006231226793,-5.80349105432794));
#4134=CARTESIAN_POINT('Ctrl Pts',(83.0250335634419,52.1939118323091,-4.696260552652));
#4135=CARTESIAN_POINT('Ctrl Pts',(80.695207396269,52.8152272625862,-1.52471209315898));
#4136=CARTESIAN_POINT('Ctrl Pts',(75.844571570182,54.1086513177546,2.86355451925315));
#4137=CARTESIAN_POINT('Ctrl Pts',(68.8578452998744,55.9715771165588,6.22114509749838));
#4138=CARTESIAN_POINT('Ctrl Pts',(63.7454569958739,57.334465490788,6.98467096837073));
#4139=CARTESIAN_POINT('Ctrl Pts',(61.2196749337796,58.0080866843254,6.98040472269227));
#4140=CARTESIAN_POINT('Ctrl Pts',(85.2060462283134,51.6117210057831,-4.85704626875165));
#4141=CARTESIAN_POINT('Ctrl Pts',(84.4788463696524,51.8056409680927,-3.65681592482459));
#4142=CARTESIAN_POINT('Ctrl Pts',(82.069938052322,52.4480165193808,-0.21991727973487));
#4143=CARTESIAN_POINT('Ctrl Pts',(76.9124382010269,53.8233498130595,4.53139314961868));
#4144=CARTESIAN_POINT('Ctrl Pts',(69.4265735488859,55.8195803869638,8.16778760263933));
#4145=CARTESIAN_POINT('Ctrl Pts',(63.9345606604348,57.2841171572174,9.));
#4146=CARTESIAN_POINT('Ctrl Pts',(61.2196749337796,58.0080866843254,9.));
#4147=CARTESIAN_POINT('',(61.2196749337796,58.0080866843254,9.));
#4148=CARTESIAN_POINT('Origin',(58.9007110787366,49.3119722279142,9.));
#4149=CARTESIAN_POINT('Ctrl Pts',(61.2196749337796,58.0080866843254,9.));
#4150=CARTESIAN_POINT('Ctrl Pts',(63.9345606604348,57.2841171572174,9.));
#4151=CARTESIAN_POINT('Ctrl Pts',(69.4265735488859,55.8195803869638,8.16778760263933));
#4152=CARTESIAN_POINT('Ctrl Pts',(76.3457082094566,53.9744778108115,4.80669251628799));
#4153=CARTESIAN_POINT('Ctrl Pts',(80.0901912962811,52.9759489876584,1.57588424801594));
#4154=CARTESIAN_POINT('Ctrl Pts',(81.5525840875121,52.5859775766635,0.000465917226193435));
#4155=CARTESIAN_POINT('Ctrl Pts',(-85.2060462283134,51.6117210057831,-4.85704626875164));
#4156=CARTESIAN_POINT('Ctrl Pts',(-84.4788463696524,51.8056409680927,-3.65681592482458));
#4157=CARTESIAN_POINT('Ctrl Pts',(-82.069938052322,52.4480165193808,-0.219917279734862));
#4158=CARTESIAN_POINT('Ctrl Pts',(-76.9124382010269,53.8233498130595,4.53139314961869));
#4159=CARTESIAN_POINT('Ctrl Pts',(-69.4265735488859,55.8195803869638,8.16778760263933));
#4160=CARTESIAN_POINT('Ctrl Pts',(-63.9345606604348,57.2841171572174,9.));
#4161=CARTESIAN_POINT('Ctrl Pts',(-61.2196749337796,58.0080866843254,9.));
#4162=CARTESIAN_POINT('Ctrl Pts',(-84.233790936073,51.8709890837139,-5.48800945913584));
#4163=CARTESIAN_POINT('Ctrl Pts',(-83.5095913799693,52.0641951723112,-4.34974612082744));
#4164=CARTESIAN_POINT('Ctrl Pts',(-81.1534333099998,52.6925084509924,-1.08976308383894));
#4165=CARTESIAN_POINT('Ctrl Pts',(-76.2005353305075,54.0132650998606,3.41953786756662));
#4166=CARTESIAN_POINT('Ctrl Pts',(-69.0473860869472,55.9207411013774,6.87007634853364));
#4167=CARTESIAN_POINT('Ctrl Pts',(-63.808557491006,57.3177084900824,7.65643902287947));
#4168=CARTESIAN_POINT('Ctrl Pts',(-61.2196749337796,58.0080866843254,7.65360314846152));
#4169=CARTESIAN_POINT('Ctrl Pts',(-82.1692952408604,51.9266778409636,-6.74785107797415));
#4170=CARTESIAN_POINT('Ctrl Pts',(-81.4449415930825,52.0944049597628,-5.73317827883824));
#4171=CARTESIAN_POINT('Ctrl Pts',(-79.1817076585179,52.6458616891505,-2.82584397324376));
#4172=CARTESIAN_POINT('Ctrl Pts',(-74.6285775465794,53.8242861818276,1.20101087221414));
#4173=CARTESIAN_POINT('Ctrl Pts',(-68.1344204038069,55.5356563838404,4.28107059890757));
#4174=CARTESIAN_POINT('Ctrl Pts',(-63.3989506959001,56.7916318844646,4.97618560394875));
#4175=CARTESIAN_POINT('Ctrl Pts',(-61.0608302710722,57.4124191991726,4.9677320773168));
#4176=CARTESIAN_POINT('Ctrl Pts',(-78.6780160872199,50.4055866568902,-8.61739868051754));
#4177=CARTESIAN_POINT('Ctrl Pts',(-77.9590253128432,50.4520126804859,-7.76897434135699));
#4178=CARTESIAN_POINT('Ctrl Pts',(-75.8433058574318,50.7218592868212,-5.33740779855901));
#4179=CARTESIAN_POINT('Ctrl Pts',(-71.8657187586365,51.5826382330767,-1.963076130642));
#4180=CARTESIAN_POINT('Ctrl Pts',(-66.3008360862939,52.9527717197475,0.616810972760484));
#4181=CARTESIAN_POINT('Ctrl Pts',(-62.2726668872098,53.9891980566029,1.1920437211291));
#4182=CARTESIAN_POINT('Ctrl Pts',(-60.2852664956597,54.5040550413756,1.17946790625086));
#4183=CARTESIAN_POINT('Ctrl Pts',(-76.7921280540622,48.0679932635969,-9.38234475364904));
#4184=CARTESIAN_POINT('Ctrl Pts',(-76.1062547691997,47.9861245546252,-8.5708495113041));
#4185=CARTESIAN_POINT('Ctrl Pts',(-74.1113792610226,47.9895500739307,-6.24338282073763));
#4186=CARTESIAN_POINT('Ctrl Pts',(-70.3654633928651,48.6364895223399,-3.0181433841443));
#4187=CARTESIAN_POINT('Ctrl Pts',(-65.1099833089716,49.8382812666653,-0.550787844213442));
#4188=CARTESIAN_POINT('Ctrl Pts',(-61.300088709637,50.788639350007,0.00674462414902869));
#4189=CARTESIAN_POINT('Ctrl Pts',(-59.4210853509469,51.2633757487026,-7.84720339909447E-15));
#4190=CARTESIAN_POINT('Ctrl Pts',(-76.0724519324807,46.4476258742979,-9.55658363362183));
#4191=CARTESIAN_POINT('Ctrl Pts',(-75.4238660460089,46.297611331294,-8.72883856884455));
#4192=CARTESIAN_POINT('Ctrl Pts',(-73.5133718758473,46.1718251286722,-6.3585636411965));
#4193=CARTESIAN_POINT('Ctrl Pts',(-69.8246391670906,46.7405743201152,-3.08179782784918));
#4194=CARTESIAN_POINT('Ctrl Pts',(-64.5901426287552,47.9019091247326,-0.573939584386664));
#4195=CARTESIAN_POINT('Ctrl Pts',(-60.7816700376402,48.8410981246092,-6.76117664332819E-15));
#4196=CARTESIAN_POINT('Ctrl Pts',(-58.9007110787366,49.3119722279142,-7.7715611723761E-15));
#4197=CARTESIAN_POINT('',(-61.2196749337796,58.0080866843254,9.));
#4198=CARTESIAN_POINT('Ctrl Pts',(-81.5525840789239,52.5859775789536,0.000465926478193046));
#4199=CARTESIAN_POINT('Ctrl Pts',(-80.0901912898901,52.9759489893626,1.57588425353027));
#4200=CARTESIAN_POINT('Ctrl Pts',(-76.3457082056813,53.9744778118183,4.80669251812191));
#4201=CARTESIAN_POINT('Ctrl Pts',(-69.4265735488859,55.8195803869638,8.16778760263933));
#4202=CARTESIAN_POINT('Ctrl Pts',(-63.9345606604348,57.2841171572174,9.));
#4203=CARTESIAN_POINT('Ctrl Pts',(-61.2196749337796,58.0080866843254,9.));
#4204=CARTESIAN_POINT('Origin',(-58.9007110787366,49.3119722279142,9.));
#4205=CARTESIAN_POINT('Origin',(54.5107746837553,50.4826219332426,9.));
#4206=CARTESIAN_POINT('',(47.6618976495327,61.6234939601246,9.));
#4207=CARTESIAN_POINT('Origin',(45.3429337944897,52.9273795037134,9.));
#4208=CARTESIAN_POINT('',(56.8297385387983,59.1787363896538,9.));
#4209=CARTESIAN_POINT('Origin',(21.8956325934998,-34.9999999999971,9.));
#4210=CARTESIAN_POINT('',(21.8956325934996,65.,9.));
#4211=CARTESIAN_POINT('Origin',(21.8956325934996,56.,9.));
#4212=CARTESIAN_POINT('Origin',(21.8956325934998,-34.9999999999971,9.));
#4213=CARTESIAN_POINT('Origin',(10.9478162967498,56.,9.));
#4214=CARTESIAN_POINT('',(-21.8956325934995,65.,9.));
#4215=CARTESIAN_POINT('Origin',(-21.8956325934996,56.,9.));
#4216=CARTESIAN_POINT('',(10.9478162967498,65.,9.));
#4217=CARTESIAN_POINT('Origin',(-21.8956325934998,-34.9999999999971,9.));
#4218=CARTESIAN_POINT('',(-47.6618976495327,61.6234939601246,9.));
#4219=CARTESIAN_POINT('Origin',(-45.3429337944898,52.9273795037134,9.));
#4220=CARTESIAN_POINT('Origin',(-21.8956325934998,-34.9999999999971,9.));
#4221=CARTESIAN_POINT('Origin',(-30.7650970029184,56.8148026481324,9.));
#4222=CARTESIAN_POINT('',(-33.0840608579614,65.5109171045436,9.));
#4223=CARTESIAN_POINT('Origin',(69.9907367237777,-45.0588124822571,2.3));
#4224=CARTESIAN_POINT('',(73.3388527952993,-60.3367032033259,-5.81640653953957));
#4225=CARTESIAN_POINT('Ctrl Pts',(74.9820863899696,-57.6568847371273,-9.55658363362187));
#4226=CARTESIAN_POINT('Ctrl Pts',(74.4916052680874,-58.7586090645002,-8.38595952215065));
#4227=CARTESIAN_POINT('Ctrl Pts',(74.0153847426282,-59.6463094935366,-7.11596683155913));
#4228=CARTESIAN_POINT('Ctrl Pts',(73.3388527952993,-60.3367032033259,-5.81640653953957));
#4229=CARTESIAN_POINT('',(69.9907367237777,-60.3367032033259,-5.81640653953957));
#4230=CARTESIAN_POINT('Origin',(69.9907367237777,-77.9990046149661,-15.1995354869842));
#4231=CARTESIAN_POINT('',(78.69507182952,-65.,-1.10221632733232E-11));
#4232=CARTESIAN_POINT('Ctrl Pts',(73.3388527952993,-60.3367032033259,-5.81640653953957));
#4233=CARTESIAN_POINT('Ctrl Pts',(72.8237849677054,-60.8623244835767,-4.82700507951908));
#4234=CARTESIAN_POINT('Ctrl Pts',(72.3939098561073,-61.4707588306057,-3.89225918060955));
#4235=CARTESIAN_POINT('Ctrl Pts',(72.2893470302859,-62.3550181248221,-2.73117113086144));
#4236=CARTESIAN_POINT('Ctrl Pts',(72.3238263456729,-62.6313884937751,-2.39274986012739));
#4237=CARTESIAN_POINT('Ctrl Pts',(72.5742147629243,-63.146445597845,-1.80051418588161));
#4238=CARTESIAN_POINT('Ctrl Pts',(72.7570246965968,-63.3687256941972,-1.55982294228293));
#4239=CARTESIAN_POINT('Ctrl Pts',(73.2751161873015,-63.8054373703006,-1.10501662488378));
#4240=CARTESIAN_POINT('Ctrl Pts',(73.6161074099541,-64.0041183588135,-0.90982071134533));
#4241=CARTESIAN_POINT('Ctrl Pts',(74.5571771526414,-64.4274490689975,-0.504646089555761));
#4242=CARTESIAN_POINT('Ctrl Pts',(75.2146282831948,-64.6147049758539,-0.337170264724556));
#4243=CARTESIAN_POINT('Ctrl Pts',(76.77889398599,-64.921396491097,-0.0657026541532646));
#4244=CARTESIAN_POINT('Ctrl Pts',(77.7480015846707,-65.,-1.31611957074922E-15));
#4245=CARTESIAN_POINT('Ctrl Pts',(78.6950718294989,-65.,-1.12757025938492E-15));
#4246=CARTESIAN_POINT('',(69.9907367237777,-65.,0.));
#4247=CARTESIAN_POINT('Ctrl Pts',(82.4766898834216,-65.,-4.8570462687517));
#4248=CARTESIAN_POINT('Ctrl Pts',(81.1879360733417,-65.,-2.80180166543715));
#4249=CARTESIAN_POINT('Ctrl Pts',(77.6508104396793,-65.,1.60107781035642));
#4250=CARTESIAN_POINT('Ctrl Pts',(72.8961081980845,-65.,4.88807351794967));
#4251=CARTESIAN_POINT('Ctrl Pts',(69.9907367237058,-65.,6.25000468188982));
#4252=CARTESIAN_POINT('Ctrl Pts',(81.4704591496814,-65.,-5.48800945913589));
#4253=CARTESIAN_POINT('Ctrl Pts',(80.1869844821437,-65.0001426343184,-3.53887561574815));
#4254=CARTESIAN_POINT('Ctrl Pts',(76.7568441105502,-65.0001140990543,0.638022647698199));
#4255=CARTESIAN_POINT('Ctrl Pts',(72.2051651069778,-64.9999722698517,3.75820467118394));
#4256=CARTESIAN_POINT('Ctrl Pts',(69.4283436032659,-65.,5.05026641847752));
#4257=CARTESIAN_POINT('Ctrl Pts',(79.4613427795047,-64.5218476878715,-6.74783827599953));
#4258=CARTESIAN_POINT('Ctrl Pts',(78.1888548652061,-64.4797659346786,-5.01033779944026));
#4259=CARTESIAN_POINT('Ctrl Pts',(74.9729183364301,-64.4300665047384,-1.28388873092844));
#4260=CARTESIAN_POINT('Ctrl Pts',(70.8265233900959,-64.4110878180853,1.50393232725975));
#4261=CARTESIAN_POINT('Ctrl Pts',(68.3063095159281,-64.403182271645,2.6566609874947));
#4262=CARTESIAN_POINT('Ctrl Pts',(76.4798975395845,-62.152534552288,-8.61737191024188));
#4263=CARTESIAN_POINT('Ctrl Pts',(75.2698026803042,-61.9121194413324,-7.1645511636216));
#4264=CARTESIAN_POINT('Ctrl Pts',(72.4182298152298,-61.6330279588624,-4.04602962915826));
#4265=CARTESIAN_POINT('Ctrl Pts',(68.8637224879771,-61.5275047162749,-1.70965999905622));
#4266=CARTESIAN_POINT('Ctrl Pts',(66.7120776239315,-61.4832786393236,-0.744271442270418));
#4267=CARTESIAN_POINT('Ctrl Pts',(75.25995444743,-59.4079739806901,-9.38234475364908));
#4268=CARTESIAN_POINT('Ctrl Pts',(74.161259927468,-58.9698998986888,-7.9927604743616));
#4269=CARTESIAN_POINT('Ctrl Pts',(71.545304229714,-58.4742645592723,-5.00882661132325));
#4270=CARTESIAN_POINT('Ctrl Pts',(68.2146206632417,-58.2889554118869,-2.77469781233699));
#4271=CARTESIAN_POINT('Ctrl Pts',(66.192976684623,-58.2114133256391,-1.85165564884565));
#4272=CARTESIAN_POINT('Ctrl Pts',(74.9820863899696,-57.6568847371273,-9.55658363362186));
#4273=CARTESIAN_POINT('Ctrl Pts',(73.9751529566288,-57.1225112733853,-8.13917356237046));
#4274=CARTESIAN_POINT('Ctrl Pts',(71.4749359522111,-56.5334470113701,-5.10270495837486));
#4275=CARTESIAN_POINT('Ctrl Pts',(68.1809897086966,-56.3155582139746,-2.83581136693116));
#4276=CARTESIAN_POINT('Ctrl Pts',(66.1719325712995,-56.2245132014464,-1.8965484952484));
#4277=CARTESIAN_POINT('',(69.9907367237132,-65.,6.25000468191401));
#4278=CARTESIAN_POINT('Ctrl Pts',(78.6959906877281,-65.,0.000880793088864296));
#4279=CARTESIAN_POINT('Ctrl Pts',(78.446470250249,-65.,0.260778863081251));
#4280=CARTESIAN_POINT('Ctrl Pts',(75.9170444571106,-65.,2.79965577656842));
#4281=CARTESIAN_POINT('Ctrl Pts',(72.8961081980845,-65.,4.88807351794967));
#4282=CARTESIAN_POINT('Ctrl Pts',(69.9907367237058,-65.,6.25000468188982));
#4283=CARTESIAN_POINT('Origin',(69.9907367237057,-56.,6.25000468188982));
#4284=CARTESIAN_POINT('Ctrl Pts',(-74.9820863899696,-57.6568847371273,-9.55658363362188));
#4285=CARTESIAN_POINT('Ctrl Pts',(-73.9751529566288,-57.1225112733853,-8.13917356237043));
#4286=CARTESIAN_POINT('Ctrl Pts',(-71.474935952211,-56.5334470113701,-5.10270495837481));
#4287=CARTESIAN_POINT('Ctrl Pts',(-68.1809897086967,-56.3155582139746,-2.83581136693117));
#4288=CARTESIAN_POINT('Ctrl Pts',(-66.1719325712993,-56.2245132014464,-1.8965484952483));
#4289=CARTESIAN_POINT('Ctrl Pts',(-75.1673317616099,-58.8242775661691,-9.44042438030669));
#4290=CARTESIAN_POINT('Ctrl Pts',(-74.0995630575613,-58.3540962710282,-8.0411105110159));
#4291=CARTESIAN_POINT('Ctrl Pts',(-71.5222358939761,-57.827340560266,-5.03970409302544));
#4292=CARTESIAN_POINT('Ctrl Pts',(-68.2037877536803,-57.6311388092149,-2.79538696758815));
#4293=CARTESIAN_POINT('Ctrl Pts',(-66.1859619801816,-57.5491132842416,-1.8666199309798));
#4294=CARTESIAN_POINT('Ctrl Pts',(-75.9353802091497,-61.0671553915133,-8.95881486215173));
#4295=CARTESIAN_POINT('Ctrl Pts',(-74.7664102250313,-60.7453207829051,-7.53948796572833));
#4296=CARTESIAN_POINT('Ctrl Pts',(-72.0115348721963,-60.3750164578817,-4.49236003103168));
#4297=CARTESIAN_POINT('Ctrl Pts',(-68.5588248145934,-60.2352248214569,-2.20988593002866));
#4298=CARTESIAN_POINT('Ctrl Pts',(-66.4671887923354,-60.1769432498684,-1.26668626362885));
#4299=CARTESIAN_POINT('Ctrl Pts',(-78.4572661581243,-64.0899348193639,-7.37745071693683));
#4300=CARTESIAN_POINT('Ctrl Pts',(-77.1908426565446,-64.0081433387385,-5.74506793622095));
#4301=CARTESIAN_POINT('Ctrl Pts',(-74.082268726435,-63.9113423131203,-2.2434914427304));
#4302=CARTESIAN_POINT('Ctrl Pts',(-70.138379812324,-63.8744857369214,0.37758789141698));
#4303=CARTESIAN_POINT('Ctrl Pts',(-67.7459072539505,-63.8589854936785,1.46116976941026));
#4304=CARTESIAN_POINT('Ctrl Pts',(-80.9673437828113,-65.,-5.80349105432801));
#4305=CARTESIAN_POINT('Ctrl Pts',(-79.68643003368,-65.0009719680485,-3.90749706891591));
#4306=CARTESIAN_POINT('Ctrl Pts',(-76.3097660951611,-65.0008179892706,0.15641585066268));
#4307=CARTESIAN_POINT('Ctrl Pts',(-71.8596290970295,-64.9997755836014,3.19333894232406));
#4308=CARTESIAN_POINT('Ctrl Pts',(-69.1471470430457,-65.,4.45039728677149));
#4309=CARTESIAN_POINT('Ctrl Pts',(-82.4766898834216,-65.,-4.85704626875172));
#4310=CARTESIAN_POINT('Ctrl Pts',(-81.1879360733417,-65.,-2.80180166543713));
#4311=CARTESIAN_POINT('Ctrl Pts',(-77.6508104396791,-65.,1.60107781035652));
#4312=CARTESIAN_POINT('Ctrl Pts',(-72.8961081980843,-65.,4.88807351794981));
#4313=CARTESIAN_POINT('Ctrl Pts',(-69.9907367237055,-65.,6.25000468188996));
#4314=CARTESIAN_POINT('',(-69.9907367237129,-65.,6.25000468191415));
#4315=CARTESIAN_POINT('Origin',(-69.9907367237054,-56.,6.25000468188996));
#4316=CARTESIAN_POINT('Ctrl Pts',(-69.9907367237055,-65.,6.25000468188996));
#4317=CARTESIAN_POINT('Ctrl Pts',(-72.8961081980843,-65.,4.88807351794981));
#4318=CARTESIAN_POINT('Ctrl Pts',(-75.917044459261,-65.,2.79965577508181));
#4319=CARTESIAN_POINT('Ctrl Pts',(-78.4464702538503,-65.,0.260778859466518));
#4320=CARTESIAN_POINT('Ctrl Pts',(-78.6959906930242,-65.,0.000880787572509256));
#4321=CARTESIAN_POINT('Ctrl Pts',(57.6412340395138,-55.6009957555086,-2.22044604925031E-15));
#4322=CARTESIAN_POINT('Ctrl Pts',(60.571146698337,-55.902513295805,-1.15781688299445E-15));
#4323=CARTESIAN_POINT('Ctrl Pts',(63.5084198611808,-56.1038100399727,-0.651318307265454));
#4324=CARTESIAN_POINT('Ctrl Pts',(66.1719325712995,-56.2245132014465,-1.8965484952484));
#4325=CARTESIAN_POINT('Ctrl Pts',(57.5543223866729,-56.9445845491628,-3.46061662369566E-15));
#4326=CARTESIAN_POINT('Ctrl Pts',(60.5146030556067,-57.2373837924446,0.016767229222169));
#4327=CARTESIAN_POINT('Ctrl Pts',(63.4888615469811,-57.4330212956779,-0.625185919061029));
#4328=CARTESIAN_POINT('Ctrl Pts',(66.1859619801814,-57.5491132842415,-1.86661993097971));
#4329=CARTESIAN_POINT('Ctrl Pts',(57.3809468672195,-59.6248396981235,0.616490696501788));
#4330=CARTESIAN_POINT('Ctrl Pts',(60.4923139752194,-59.8985444693489,0.656748006771367));
#4331=CARTESIAN_POINT('Ctrl Pts',(63.6255345205356,-60.0779653724371,0.00795975206180355));
#4332=CARTESIAN_POINT('Ctrl Pts',(66.4671829403076,-60.1769695850875,-1.26669874760149));
#4333=CARTESIAN_POINT('Ctrl Pts',(57.1364105353696,-63.4051874924076,3.6264905041735));
#4334=CARTESIAN_POINT('Ctrl Pts',(60.7727973946289,-63.6598236602462,3.66859612367006));
#4335=CARTESIAN_POINT('Ctrl Pts',(64.4303344500089,-63.8063823500433,2.92294739170448));
#4336=CARTESIAN_POINT('Ctrl Pts',(67.7458991680773,-63.8590401817126,1.46115252003775));
#4337=CARTESIAN_POINT('Ctrl Pts',(57.0602724347132,-64.5822252712123,6.98040472269227));
#4338=CARTESIAN_POINT('Ctrl Pts',(61.211380177101,-64.8504554744,6.99647028711427));
#4339=CARTESIAN_POINT('Ctrl Pts',(65.3752010204543,-64.9831037439627,6.12656819051545));
#4340=CARTESIAN_POINT('Ctrl Pts',(69.1471470430428,-64.9999999999997,4.45039728677155));
#4341=CARTESIAN_POINT('Ctrl Pts',(57.0602724347132,-64.5822252712123,9.));
#4342=CARTESIAN_POINT('Ctrl Pts',(61.5050181489806,-64.8697389795055,9.));
#4343=CARTESIAN_POINT('Ctrl Pts',(65.9577313202482,-64.9999999999985,8.05558845446509));
#4344=CARTESIAN_POINT('Ctrl Pts',(69.9907367237024,-65.,6.25000468188983));
#4345=CARTESIAN_POINT('',(57.0602724347131,-64.5822252712123,9.));
#4346=CARTESIAN_POINT('Ctrl Pts',(69.9907367237024,-65.,6.25000468188983));
#4347=CARTESIAN_POINT('Ctrl Pts',(65.9577313202482,-64.9999999999985,8.05558845446509));
#4348=CARTESIAN_POINT('Ctrl Pts',(61.5050181489806,-64.8697389795055,9.));
#4349=CARTESIAN_POINT('Ctrl Pts',(57.0602724347132,-64.5822252712123,9.));
#4350=CARTESIAN_POINT('Origin',(57.6412340395138,-55.6009957555086,9.));
#4351=CARTESIAN_POINT('Origin',(69.9907367237777,135.313028675113,9.));
#4352=CARTESIAN_POINT('',(50.0588454022439,-64.0058845402244,9.));
#4353=CARTESIAN_POINT('Origin',(69.9907367237777,135.313028675113,9.));
#4354=CARTESIAN_POINT('Origin',(50.9543788734329,-55.0505498283345,9.));
#4355=CARTESIAN_POINT('Origin',(20.1443498090737,-51.9695469218984,9.));
#4356=CARTESIAN_POINT('',(44.3392168341854,-63.4339216834185,9.));
#4357=CARTESIAN_POINT('',(19.2488163378846,-60.9248816337883,9.));
#4358=CARTESIAN_POINT('Origin',(45.2347503053744,-54.4785869715286,9.));
#4359=CARTESIAN_POINT('Origin',(0.,-506.826090025248,9.));
#4360=CARTESIAN_POINT('',(-44.3392168341844,-63.4339216834184,9.));
#4361=CARTESIAN_POINT('Origin',(0.,-506.826090025248,9.));
#4362=CARTESIAN_POINT('Origin',(-45.2347503053734,-54.4785869715285,9.));
#4363=CARTESIAN_POINT('Origin',(-23.0041640931028,-52.2555283503014,9.));
#4364=CARTESIAN_POINT('',(-50.0588454022436,-64.0058845402244,9.));
#4365=CARTESIAN_POINT('',(-22.1086306219138,-61.2108630621914,9.));
#4366=CARTESIAN_POINT('Origin',(-50.9543788734326,-55.0505498283345,9.));
#4367=CARTESIAN_POINT('Origin',(-69.9907367237777,135.313028675113,9.));
#4368=CARTESIAN_POINT('',(-57.0602724347131,-64.5822252712123,9.));
#4369=CARTESIAN_POINT('Origin',(-69.9907367237777,135.313028675113,9.));
#4370=CARTESIAN_POINT('Origin',(-57.6412340395138,-55.6009957555086,9.));
#4371=CARTESIAN_POINT('Ctrl Pts',(-57.0602724347131,-64.5822252712123,9.));
#4372=CARTESIAN_POINT('Ctrl Pts',(-61.5050181489678,-64.8697389795046,9.));
#4373=CARTESIAN_POINT('Ctrl Pts',(-65.9577313202222,-64.9999999999985,8.05558845447668));
#4374=CARTESIAN_POINT('Ctrl Pts',(-69.990736723702,-65.,6.25000468188996));
#4375=CARTESIAN_POINT('Ctrl Pts',(-57.0602724347131,-64.5822252712123,7.65360314846152));
#4376=CARTESIAN_POINT('Ctrl Pts',(-61.3092318141977,-64.8570396218473,7.66428230915409));
#4377=CARTESIAN_POINT('Ctrl Pts',(-65.5693996977048,-64.9886816990255,6.76961800293253));
#4378=CARTESIAN_POINT('Ctrl Pts',(-69.4283436032623,-64.9999999999998,5.05026641847777));
#4379=CARTESIAN_POINT('Ctrl Pts',(-57.1000677040892,-63.9670203334813,4.96774635140856));
#4380=CARTESIAN_POINT('Ctrl Pts',(-60.943942516587,-64.2255525106225,4.99958011976935));
#4381=CARTESIAN_POINT('Ctrl Pts',(-64.8068347052312,-64.3654450666018,4.20394245430528));
#4382=CARTESIAN_POINT('Ctrl Pts',(-68.3062984508549,-64.4031967598092,2.65663738267602));
#4383=CARTESIAN_POINT('Ctrl Pts',(-57.2943670728352,-60.9632982096009,1.17949775036037));
#4384=CARTESIAN_POINT('Ctrl Pts',(-60.5186400892066,-61.2269816730071,1.22685497713827));
#4385=CARTESIAN_POINT('Ctrl Pts',(-63.7663137957376,-61.396005776178,0.563979828195503));
#4386=CARTESIAN_POINT('Ctrl Pts',(-66.7120545444245,-61.4832991160416,-0.744320677162983));
#4387=CARTESIAN_POINT('Ctrl Pts',(-57.5108665602524,-57.6163789459899,7.46854060955519E-15));
#4388=CARTESIAN_POINT('Ctrl Pts',(-60.4853343996413,-57.9047944543489,0.0253984889607669));
#4389=CARTESIAN_POINT('Ctrl Pts',(-63.4798849920123,-58.0975587870062,-0.612606814828398));
#4390=CARTESIAN_POINT('Ctrl Pts',(-66.1929766846222,-58.2114133256389,-1.85165564884528));
#4391=CARTESIAN_POINT('Ctrl Pts',(-57.6412340395138,-55.6009957555086,5.55111512312578E-15));
#4392=CARTESIAN_POINT('Ctrl Pts',(-60.5711466983281,-55.9025132958041,7.18843948112175E-15));
#4393=CARTESIAN_POINT('Ctrl Pts',(-63.5084198611635,-56.1038100399719,-0.651318307257427));
#4394=CARTESIAN_POINT('Ctrl Pts',(-66.1719325712993,-56.2245132014464,-1.89654849524831));
#4395=CARTESIAN_POINT('Ctrl Pts',(-57.0602724347131,-64.5822252712123,9.));
#4396=CARTESIAN_POINT('Ctrl Pts',(-61.5050181489678,-64.8697389795046,9.));
#4397=CARTESIAN_POINT('Ctrl Pts',(-65.9577313202222,-64.9999999999985,8.05558845447668));
#4398=CARTESIAN_POINT('Ctrl Pts',(-69.990736723702,-65.,6.25000468188996));
#4399=CARTESIAN_POINT('Origin',(21.8956325934995,65.,0.));
#4400=CARTESIAN_POINT('',(21.8956325934996,65.,11.));
#4401=CARTESIAN_POINT('',(-21.8956325934995,65.,11.));
#4402=CARTESIAN_POINT('',(10.9478162967498,65.,11.));
#4403=CARTESIAN_POINT('',(21.8956325934996,65.,0.));
#4404=CARTESIAN_POINT('',(-21.8956325934995,65.,0.));
#4405=CARTESIAN_POINT('Origin',(44.3392168341854,-63.4339216834185,0.));
#4406=CARTESIAN_POINT('',(44.3392168341854,-63.4339216834185,11.));
#4407=CARTESIAN_POINT('',(50.0588454022439,-64.0058845402244,11.));
#4408=CARTESIAN_POINT('',(19.2490629476371,-60.9249062947636,11.));
#4409=CARTESIAN_POINT('',(44.3392168341854,-63.4339216834185,0.));
#4410=CARTESIAN_POINT('',(50.0588454022439,-64.0058845402244,0.));
#4411=CARTESIAN_POINT('Origin',(69.9907367237777,135.313028675113,0.));
#4412=CARTESIAN_POINT('',(69.990736723778,-65.,11.));
#4413=CARTESIAN_POINT('Origin',(69.9907367237777,135.313028675113,11.));
#4414=CARTESIAN_POINT('',(69.990736723778,-65.,0.));
#4415=CARTESIAN_POINT('Origin',(69.990736723778,-65.,0.));
#4416=CARTESIAN_POINT('',(90.,-65.,11.));
#4417=CARTESIAN_POINT('',(34.995368361889,-65.,11.));
#4418=CARTESIAN_POINT('',(90.,-65.,0.));
#4419=CARTESIAN_POINT('Origin',(90.,-45.,0.));
#4420=CARTESIAN_POINT('',(110.,-45.,11.));
#4421=CARTESIAN_POINT('Origin',(90.,-45.,11.));
#4422=CARTESIAN_POINT('',(110.,-45.,0.));
#4423=CARTESIAN_POINT('Origin',(110.,-45.,0.));
#4424=CARTESIAN_POINT('',(110.,29.6344337383199,11.));
#4425=CARTESIAN_POINT('',(110.,-22.5024907584995,11.));
#4426=CARTESIAN_POINT('',(110.,29.6344337383199,0.));
#4427=CARTESIAN_POINT('Origin',(89.9999999999999,29.6344337383199,0.));
#4428=CARTESIAN_POINT('',(95.1532530112066,48.9591325303449,11.));
#4429=CARTESIAN_POINT('Origin',(89.9999999999999,29.6344337383199,11.));
#4430=CARTESIAN_POINT('',(95.1532530112066,48.9591325303449,0.));
#4431=CARTESIAN_POINT('Origin',(95.1532530112066,48.9591325303449,0.));
#4432=CARTESIAN_POINT('',(47.6618976495327,61.6234939601246,11.));
#4433=CARTESIAN_POINT('',(56.8303586446488,59.1785710280936,11.));
#4434=CARTESIAN_POINT('',(47.6618976495327,61.6234939601246,0.));
#4435=CARTESIAN_POINT('Origin',(21.8956325934998,-34.9999999999971,0.));
#4436=CARTESIAN_POINT('Origin',(21.8956325934998,-34.9999999999971,11.));
#4437=CARTESIAN_POINT('Origin',(-21.8956325934998,-34.9999999999971,0.));
#4438=CARTESIAN_POINT('',(-47.6618976495327,61.6234939601246,11.));
#4439=CARTESIAN_POINT('Origin',(-21.8956325934998,-34.9999999999971,11.));
#4440=CARTESIAN_POINT('',(-47.6618976495327,61.6234939601246,0.));
#4441=CARTESIAN_POINT('Origin',(-47.6618976495327,61.6234939601246,0.));
#4442=CARTESIAN_POINT('',(-95.1532530112066,48.9591325303449,11.));
#4443=CARTESIAN_POINT('',(-33.0846809638119,65.5107517429835,11.));
#4444=CARTESIAN_POINT('',(-95.1532530112066,48.9591325303449,0.));
#4445=CARTESIAN_POINT('Origin',(-89.9999999999999,29.6344337383199,0.));
#4446=CARTESIAN_POINT('',(-110.,29.6344337383199,11.));
#4447=CARTESIAN_POINT('Origin',(-89.9999999999999,29.6344337383199,11.));
#4448=CARTESIAN_POINT('',(-110.,29.6344337383199,0.));
#4449=CARTESIAN_POINT('Origin',(-110.,29.6344337383199,0.));
#4450=CARTESIAN_POINT('',(-110.,-45.,11.));
#4451=CARTESIAN_POINT('',(-110.,14.8147261106605,11.));
#4452=CARTESIAN_POINT('',(-110.,-45.,0.));
#4453=CARTESIAN_POINT('Origin',(-90.,-45.,0.));
#4454=CARTESIAN_POINT('',(-90.,-65.,11.));
#4455=CARTESIAN_POINT('Origin',(-90.,-45.,11.));
#4456=CARTESIAN_POINT('',(-90.,-65.,0.));
#4457=CARTESIAN_POINT('Origin',(-90.,-65.,0.));
#4458=CARTESIAN_POINT('',(-69.9907367237777,-65.,11.));
#4459=CARTESIAN_POINT('',(-45.,-65.,11.));
#4460=CARTESIAN_POINT('',(-69.9907367237777,-65.,0.));
#4461=CARTESIAN_POINT('Origin',(-69.9907367237777,135.313028675113,0.));
#4462=CARTESIAN_POINT('',(-50.0588454022436,-64.0058845402244,11.));
#4463=CARTESIAN_POINT('Origin',(-69.9907367237777,135.313028675113,11.));
#4464=CARTESIAN_POINT('',(-50.0588454022436,-64.0058845402244,0.));
#4465=CARTESIAN_POINT('Origin',(-50.0588454022436,-64.0058845402244,0.));
#4466=CARTESIAN_POINT('',(-44.3392168341844,-63.4339216834184,11.));
#4467=CARTESIAN_POINT('',(-22.1088772316662,-61.2108877231666,11.));
#4468=CARTESIAN_POINT('',(-44.3392168341844,-63.4339216834184,0.));
#4469=CARTESIAN_POINT('Origin',(0.,-506.826090025248,0.));
#4470=CARTESIAN_POINT('Origin',(0.,-506.826090025248,11.));
#4471=CARTESIAN_POINT('Origin',(8.88178419700125E-15,-0.00498151699903637,
11.));
#4472=CARTESIAN_POINT('',(-7.08812612592773,-16.8367527949387,332.581974621485));
#4473=UNCERTAINTY_MEASURE_WITH_UNIT(LENGTH_MEASURE(0.01),#4479,
'DISTANCE_ACCURACY_VALUE',
'Maximum model space distance between geometric entities at asserted c
onnectivities');
#4474=UNCERTAINTY_MEASURE_WITH_UNIT(LENGTH_MEASURE(0.01),#4479,
'DISTANCE_ACCURACY_VALUE',
'Maximum model space distance between geometric entities at asserted c
onnectivities');
#4475=UNCERTAINTY_MEASURE_WITH_UNIT(LENGTH_MEASURE(0.01),#4479,
'DISTANCE_ACCURACY_VALUE',
'Maximum model space distance between geometric entities at asserted c
onnectivities');
#4476=(
GEOMETRIC_REPRESENTATION_CONTEXT(3)
GLOBAL_UNCERTAINTY_ASSIGNED_CONTEXT((#4473))
GLOBAL_UNIT_ASSIGNED_CONTEXT((#4479,#4481,#4482))
REPRESENTATION_CONTEXT('','3D')
);
#4477=(
GEOMETRIC_REPRESENTATION_CONTEXT(3)
GLOBAL_UNCERTAINTY_ASSIGNED_CONTEXT((#4474))
GLOBAL_UNIT_ASSIGNED_CONTEXT((#4479,#4481,#4482))
REPRESENTATION_CONTEXT('','3D')
);
#4478=(
GEOMETRIC_REPRESENTATION_CONTEXT(3)
GLOBAL_UNCERTAINTY_ASSIGNED_CONTEXT((#4475))
GLOBAL_UNIT_ASSIGNED_CONTEXT((#4479,#4481,#4482))
REPRESENTATION_CONTEXT('','3D')
);
#4479=(
LENGTH_UNIT()
NAMED_UNIT(*)
SI_UNIT(.MILLI.,.METRE.)
);
#4480=(
LENGTH_UNIT()
NAMED_UNIT(*)
SI_UNIT($,.METRE.)
);
#4481=(
NAMED_UNIT(*)
PLANE_ANGLE_UNIT()
SI_UNIT($,.RADIAN.)
);
#4482=(
NAMED_UNIT(*)
SI_UNIT($,.STERADIAN.)
SOLID_ANGLE_UNIT()
);
#4483=SHAPE_DEFINITION_REPRESENTATION(#4485,#4488);
#4484=SHAPE_DEFINITION_REPRESENTATION(#4486,#4489);
#4485=PRODUCT_DEFINITION_SHAPE('',$,#4491);
#4486=PRODUCT_DEFINITION_SHAPE('',$,#4492);
#4487=PRODUCT_DEFINITION_SHAPE($,$,#14);
#4488=SHAPE_REPRESENTATION('',(#2172,#2429),#4476);
#4489=SHAPE_REPRESENTATION('',(#2173),#4477);
#4490=PRODUCT_DEFINITION_CONTEXT('part definition',#4498,'design');
#4491=PRODUCT_DEFINITION('Base','Base',#4493,#4490);
#4492=PRODUCT_DEFINITION('Component1','Component1',#4494,#4490);
#4493=PRODUCT_DEFINITION_FORMATION('',$,#4500);
#4494=PRODUCT_DEFINITION_FORMATION('',$,#4501);
#4495=PRODUCT_RELATED_PRODUCT_CATEGORY('Base','Base',(#4500));
#4496=PRODUCT_RELATED_PRODUCT_CATEGORY('Component1','Component1',(#4501));
#4497=APPLICATION_PROTOCOL_DEFINITION('international standard',
'automotive_design',2009,#4498);
#4498=APPLICATION_CONTEXT(
'Core Data for Automotive Mechanical Design Process');
#4499=PRODUCT_CONTEXT('part definition',#4498,'mechanical');
#4500=PRODUCT('Base','Base',$,(#4499));
#4501=PRODUCT('Component1','Component1',$,(#4499));
#4502=PRESENTATION_STYLE_ASSIGNMENT((#4504));
#4503=PRESENTATION_STYLE_ASSIGNMENT((#4505));
#4504=SURFACE_STYLE_USAGE(.BOTH.,#4506);
#4505=SURFACE_STYLE_USAGE(.BOTH.,#4507);
#4506=SURFACE_SIDE_STYLE('',(#4508));
#4507=SURFACE_SIDE_STYLE('',(#4509));
#4508=SURFACE_STYLE_FILL_AREA(#4510);
#4509=SURFACE_STYLE_FILL_AREA(#4511);
#4510=FILL_AREA_STYLE('Steel - Satin',(#4512));
#4511=FILL_AREA_STYLE('Paint - Metallic (Blue)',(#4513));
#4512=FILL_AREA_STYLE_COLOUR('Steel - Satin',#4514);
#4513=FILL_AREA_STYLE_COLOUR('Paint - Metallic (Blue)',#4515);
#4514=COLOUR_RGB('Steel - Satin',0.627450980392157,0.627450980392157,0.627450980392157);
#4515=COLOUR_RGB('Paint - Metallic (Blue)',0.188235294117647,0.231372549019608,
0.588235294117647);
ENDSEC;
END-ISO-10303-21;
