ISO-10303-21;
HEADER;
/* Generated by software containing ST-Developer
 * from STEP Tools, Inc. (www.steptools.com) 
 */

FILE_DESCRIPTION(
/* description */ (''),
/* implementation_level */ '2;1');

FILE_NAME(
/* name */ 'TOP.step',
/* time_stamp */ '2026-06-11T00:04:52+01:00',
/* author */ (''),
/* organization */ (''),
/* preprocessor_version */ 'ST-DEVELOPER v20.1',
/* originating_system */ 'Autodesk Translation Framework v15.8.0.0',
/* authorisation */ '');

FILE_SCHEMA (('AUTOMOTIVE_DESIGN { 1 0 10303 214 3 1 1 }'));
ENDSEC;

DATA;
#10=MECHANICAL_DESIGN_GEOMETRIC_PRESENTATION_REPRESENTATION('',(#17),#6843);
#11=ITEM_DEFINED_TRANSFORMATION($,$,#3217,#3555);
#12=(
REPRESENTATION_RELATIONSHIP($,$,#6854,#6853)
REPRESENTATION_RELATIONSHIP_WITH_TRANSFORMATION(#11)
SHAPE_REPRESENTATION_RELATIONSHIP()
);
#13=CONTEXT_DEPENDENT_SHAPE_REPRESENTATION(#12,#6852);
#14=NEXT_ASSEMBLY_USAGE_OCCURRENCE('Top:1','Top:1','Top:1',#6856,#6857,
'Top:1');
#15=SHAPE_REPRESENTATION_RELATIONSHIP('SRR','None',#6854,#16);
#16=ADVANCED_BREP_SHAPE_REPRESENTATION('',(#18),#6842);
#17=STYLED_ITEM('',(#6868),#18);
#18=MANIFOLD_SOLID_BREP('Body1',#3203);
#19=(
BOUNDED_SURFACE()
B_SPLINE_SURFACE(2,2,((#6380,#6381,#6382),(#6383,#6384,#6385),(#6386,#6387,
#6388)),.UNSPECIFIED.,.F.,.F.,.F.)
B_SPLINE_SURFACE_WITH_KNOTS((3,3),(3,3),(0.,1.5707963267949),(1.83139871854224,
3.14159265358979),.UNSPECIFIED.)
GEOMETRIC_REPRESENTATION_ITEM()
RATIONAL_B_SPLINE_SURFACE(((1.,0.792988855709945,1.),(0.707106781186546,
0.560727797277862,0.707106781186546),(1.,0.792988855709945,1.)))
REPRESENTATION_ITEM('')
SURFACE()
);
#20=(
BOUNDED_SURFACE()
B_SPLINE_SURFACE(2,2,((#6396,#6397,#6398),(#6399,#6400,#6401),(#6402,#6403,
#6404)),.UNSPECIFIED.,.F.,.F.,.F.)
B_SPLINE_SURFACE_WITH_KNOTS((3,3),(3,3),(0.,1.5707963267949),(-3.14159265358979,
-1.5707963267949),.UNSPECIFIED.)
GEOMETRIC_REPRESENTATION_ITEM()
RATIONAL_B_SPLINE_SURFACE(((1.,0.707106781186548,1.),(0.707106781186548,
0.500000000000001,0.707106781186548),(1.,0.707106781186548,1.)))
REPRESENTATION_ITEM('')
SURFACE()
);
#21=(
BOUNDED_SURFACE()
B_SPLINE_SURFACE(2,2,((#6429,#6430,#6431),(#6432,#6433,#6434),(#6435,#6436,
#6437)),.UNSPECIFIED.,.F.,.F.,.F.)
B_SPLINE_SURFACE_WITH_KNOTS((3,3),(3,3),(0.,1.5707963267949),(-1.5707963267949,
-6.14340818521097E-16),.UNSPECIFIED.)
GEOMETRIC_REPRESENTATION_ITEM()
RATIONAL_B_SPLINE_SURFACE(((1.,0.707106781186548,1.),(0.707106781186549,
0.500000000000002,0.707106781186549),(1.,0.707106781186548,1.)))
REPRESENTATION_ITEM('')
SURFACE()
);
#22=(
BOUNDED_SURFACE()
B_SPLINE_SURFACE(2,2,((#6441,#6442,#6443),(#6444,#6445,#6446),(#6447,#6448,
#6449)),.UNSPECIFIED.,.F.,.F.,.F.)
B_SPLINE_SURFACE_WITH_KNOTS((3,3),(3,3),(0.,1.5707963267949),(1.99840144432527E-15,
1.31019393504755),.UNSPECIFIED.)
GEOMETRIC_REPRESENTATION_ITEM()
RATIONAL_B_SPLINE_SURFACE(((1.,0.792988855709945,1.),(0.707106781186548,
0.560727797277864,0.707106781186548),(1.,0.792988855709945,1.)))
REPRESENTATION_ITEM('')
SURFACE()
);
#23=ELLIPSE('',#3362,102.818304180871,99.9999999999971);
#24=ELLIPSE('',#3363,102.818304180871,99.9999999999971);
#25=ELLIPSE('',#3364,5.14091520904366,4.99999999999998);
#26=ELLIPSE('',#3365,5.14091520904367,4.99999999999999);
#27=ELLIPSE('',#3430,99.7337550554443,96.9999999999971);
#28=ELLIPSE('',#3470,99.7337550554443,96.9999999999971);
#29=ELLIPSE('',#3476,86.9527080224844,18.);
#30=ELLIPSE('',#3549,86.3815572471545,15.);
#31=FACE_BOUND('',#619,.T.);
#32=FACE_BOUND('',#620,.T.);
#33=FACE_BOUND('',#621,.T.);
#34=FACE_BOUND('',#622,.T.);
#35=FACE_BOUND('',#623,.T.);
#36=FACE_BOUND('',#624,.T.);
#37=FACE_BOUND('',#636,.T.);
#38=FACE_BOUND('',#640,.T.);
#39=FACE_BOUND('',#644,.T.);
#40=FACE_BOUND('',#648,.T.);
#41=FACE_BOUND('',#659,.T.);
#42=FACE_BOUND('',#664,.T.);
#43=FACE_BOUND('',#679,.T.);
#44=FACE_BOUND('',#680,.T.);
#45=FACE_BOUND('',#681,.T.);
#46=FACE_BOUND('',#682,.T.);
#47=FACE_BOUND('',#683,.T.);
#48=FACE_BOUND('',#684,.T.);
#49=FACE_BOUND('',#685,.T.);
#50=FACE_BOUND('',#686,.T.);
#51=FACE_BOUND('',#687,.T.);
#52=FACE_BOUND('',#702,.T.);
#53=FACE_BOUND('',#704,.T.);
#54=FACE_BOUND('',#713,.T.);
#55=FACE_BOUND('',#714,.T.);
#56=FACE_BOUND('',#715,.T.);
#57=FACE_BOUND('',#716,.T.);
#58=FACE_BOUND('',#717,.T.);
#59=FACE_BOUND('',#718,.T.);
#60=FACE_BOUND('',#719,.T.);
#61=FACE_BOUND('',#720,.T.);
#62=FACE_BOUND('',#721,.T.);
#63=FACE_BOUND('',#722,.T.);
#64=FACE_BOUND('',#723,.T.);
#65=FACE_BOUND('',#724,.T.);
#66=FACE_BOUND('',#725,.T.);
#67=FACE_BOUND('',#726,.T.);
#68=FACE_BOUND('',#727,.T.);
#69=FACE_BOUND('',#728,.T.);
#70=FACE_BOUND('',#729,.T.);
#71=FACE_BOUND('',#730,.T.);
#72=FACE_BOUND('',#731,.T.);
#73=FACE_BOUND('',#732,.T.);
#74=FACE_BOUND('',#743,.T.);
#75=FACE_BOUND('',#770,.T.);
#76=FACE_BOUND('',#771,.T.);
#77=FACE_BOUND('',#772,.T.);
#78=FACE_BOUND('',#773,.T.);
#79=FACE_BOUND('',#774,.T.);
#80=FACE_BOUND('',#775,.T.);
#81=FACE_BOUND('',#776,.T.);
#82=FACE_BOUND('',#777,.T.);
#83=FACE_BOUND('',#778,.T.);
#84=FACE_BOUND('',#792,.T.);
#85=FACE_BOUND('',#802,.T.);
#86=PLANE('',#3256);
#87=PLANE('',#3276);
#88=PLANE('',#3278);
#89=PLANE('',#3280);
#90=PLANE('',#3282);
#91=PLANE('',#3289);
#92=PLANE('',#3295);
#93=PLANE('',#3301);
#94=PLANE('',#3307);
#95=PLANE('',#3308);
#96=PLANE('',#3309);
#97=PLANE('',#3310);
#98=PLANE('',#3311);
#99=PLANE('',#3315);
#100=PLANE('',#3317);
#101=PLANE('',#3324);
#102=PLANE('',#3333);
#103=PLANE('',#3334);
#104=PLANE('',#3335);
#105=PLANE('',#3336);
#106=PLANE('',#3337);
#107=PLANE('',#3361);
#108=PLANE('',#3389);
#109=PLANE('',#3391);
#110=PLANE('',#3397);
#111=PLANE('',#3398);
#112=PLANE('',#3399);
#113=PLANE('',#3400);
#114=PLANE('',#3404);
#115=PLANE('',#3415);
#116=PLANE('',#3419);
#117=PLANE('',#3423);
#118=PLANE('',#3427);
#119=PLANE('',#3431);
#120=PLANE('',#3465);
#121=PLANE('',#3468);
#122=PLANE('',#3469);
#123=PLANE('',#3473);
#124=PLANE('',#3481);
#125=PLANE('',#3482);
#126=PLANE('',#3492);
#127=PLANE('',#3495);
#128=PLANE('',#3498);
#129=PLANE('',#3501);
#130=PLANE('',#3503);
#131=PLANE('',#3540);
#132=PLANE('',#3542);
#133=PLANE('',#3544);
#134=PLANE('',#3554);
#135=CYLINDRICAL_SURFACE('',#3229,1.64999999999999);
#136=CYLINDRICAL_SURFACE('',#3235,1.64999999999999);
#137=CYLINDRICAL_SURFACE('',#3248,1.64999999999999);
#138=CYLINDRICAL_SURFACE('',#3254,1.64999999999999);
#139=CYLINDRICAL_SURFACE('',#3268,2.5);
#140=CYLINDRICAL_SURFACE('',#3270,4.);
#141=CYLINDRICAL_SURFACE('',#3272,2.5);
#142=CYLINDRICAL_SURFACE('',#3274,4.);
#143=CYLINDRICAL_SURFACE('',#3284,2.5);
#144=CYLINDRICAL_SURFACE('',#3286,4.);
#145=CYLINDRICAL_SURFACE('',#3290,2.5);
#146=CYLINDRICAL_SURFACE('',#3292,4.);
#147=CYLINDRICAL_SURFACE('',#3296,2.5);
#148=CYLINDRICAL_SURFACE('',#3298,3.99999999999999);
#149=CYLINDRICAL_SURFACE('',#3302,2.5);
#150=CYLINDRICAL_SURFACE('',#3304,4.);
#151=CYLINDRICAL_SURFACE('',#3312,2.99999999999999);
#152=CYLINDRICAL_SURFACE('',#3319,2.5);
#153=CYLINDRICAL_SURFACE('',#3321,4.);
#154=CYLINDRICAL_SURFACE('',#3325,0.500000000000003);
#155=CYLINDRICAL_SURFACE('',#3328,2.5);
#156=CYLINDRICAL_SURFACE('',#3330,4.);
#157=CYLINDRICAL_SURFACE('',#3338,1.45);
#158=CYLINDRICAL_SURFACE('',#3340,1.45);
#159=CYLINDRICAL_SURFACE('',#3342,1.45);
#160=CYLINDRICAL_SURFACE('',#3344,1.45000000000001);
#161=CYLINDRICAL_SURFACE('',#3346,3.49999999999994);
#162=CYLINDRICAL_SURFACE('',#3349,3.49999999999994);
#163=CYLINDRICAL_SURFACE('',#3352,3.00000000000004);
#164=CYLINDRICAL_SURFACE('',#3355,3.00000000000004);
#165=CYLINDRICAL_SURFACE('',#3369,1.05);
#166=CYLINDRICAL_SURFACE('',#3373,1.05);
#167=CYLINDRICAL_SURFACE('',#3377,1.05);
#168=CYLINDRICAL_SURFACE('',#3381,1.05);
#169=CYLINDRICAL_SURFACE('',#3383,3.5);
#170=CYLINDRICAL_SURFACE('',#3386,3.49999999999999);
#171=CYLINDRICAL_SURFACE('',#3393,12.9541401244644);
#172=CYLINDRICAL_SURFACE('',#3395,12.9541401244645);
#173=CYLINDRICAL_SURFACE('',#3401,7.);
#174=CYLINDRICAL_SURFACE('',#3412,7.);
#175=CYLINDRICAL_SURFACE('',#3416,197.313028675113);
#176=CYLINDRICAL_SURFACE('',#3420,17.);
#177=CYLINDRICAL_SURFACE('',#3424,17.0000000000001);
#178=CYLINDRICAL_SURFACE('',#3428,96.9999999999971);
#179=CYLINDRICAL_SURFACE('',#3432,7.);
#180=CYLINDRICAL_SURFACE('',#3437,7.);
#181=CYLINDRICAL_SURFACE('',#3441,7.);
#182=CYLINDRICAL_SURFACE('',#3446,7.);
#183=CYLINDRICAL_SURFACE('',#3451,7.);
#184=CYLINDRICAL_SURFACE('',#3455,7.);
#185=CYLINDRICAL_SURFACE('',#3458,7.);
#186=CYLINDRICAL_SURFACE('',#3461,7.);
#187=CYLINDRICAL_SURFACE('',#3463,448.603614321449);
#188=CYLINDRICAL_SURFACE('',#3466,197.313028675113);
#189=CYLINDRICAL_SURFACE('',#3471,17.);
#190=CYLINDRICAL_SURFACE('',#3474,17.0000000000001);
#191=CYLINDRICAL_SURFACE('',#3477,18.);
#192=CYLINDRICAL_SURFACE('',#3479,96.9999999999971);
#193=CYLINDRICAL_SURFACE('',#3493,200.313028675113);
#194=CYLINDRICAL_SURFACE('',#3496,20.);
#195=CYLINDRICAL_SURFACE('',#3499,20.0000000000001);
#196=CYLINDRICAL_SURFACE('',#3502,99.9999999999971);
#197=CYLINDRICAL_SURFACE('',#3504,10.);
#198=CYLINDRICAL_SURFACE('',#3509,10.);
#199=CYLINDRICAL_SURFACE('',#3513,10.);
#200=CYLINDRICAL_SURFACE('',#3518,10.);
#201=CYLINDRICAL_SURFACE('',#3523,10.);
#202=CYLINDRICAL_SURFACE('',#3527,10.);
#203=CYLINDRICAL_SURFACE('',#3530,10.);
#204=CYLINDRICAL_SURFACE('',#3533,10.);
#205=CYLINDRICAL_SURFACE('',#3539,445.603614321449);
#206=CYLINDRICAL_SURFACE('',#3541,200.313028675113);
#207=CYLINDRICAL_SURFACE('',#3543,20.);
#208=CYLINDRICAL_SURFACE('',#3545,20.0000000000001);
#209=CYLINDRICAL_SURFACE('',#3550,15.);
#210=CYLINDRICAL_SURFACE('',#3553,99.9999999999971);
#211=TOROIDAL_SURFACE('',#3222,19.1164177846329,3.5);
#212=TOROIDAL_SURFACE('',#3241,19.1164177846327,3.5);
#213=TOROIDAL_SURFACE('',#3435,10.0000000000001,7.);
#214=TOROIDAL_SURFACE('',#3438,10.,7.);
#215=TOROIDAL_SURFACE('',#3443,190.313028675113,7.);
#216=TOROIDAL_SURFACE('',#3448,455.603614321449,7.);
#217=TOROIDAL_SURFACE('',#3453,190.313028675113,7.);
#218=TOROIDAL_SURFACE('',#3457,10.,7.);
#219=TOROIDAL_SURFACE('',#3459,10.0000000000001,7.);
#220=TOROIDAL_SURFACE('',#3515,190.313028675113,10.);
#221=TOROIDAL_SURFACE('',#3520,455.603614321449,10.);
#222=TOROIDAL_SURFACE('',#3525,190.313028675113,10.);
#223=CIRCLE('',#3219,3.15);
#224=CIRCLE('',#3220,1.64999999999999);
#225=CIRCLE('',#3221,1.64999999999999);
#226=CIRCLE('',#3223,19.1164177846329);
#227=CIRCLE('',#3224,3.50000000000003);
#228=CIRCLE('',#3225,15.9541401244644);
#229=CIRCLE('',#3226,3.49999999999999);
#230=CIRCLE('',#3227,19.1164177846329);
#231=CIRCLE('',#3228,19.1164177846329);
#232=CIRCLE('',#3230,1.64999999999999);
#233=CIRCLE('',#3232,1.64999999999999);
#234=CIRCLE('',#3233,1.64999999999999);
#235=CIRCLE('',#3234,3.15);
#236=CIRCLE('',#3236,1.64999999999999);
#237=CIRCLE('',#3238,1.64999999999999);
#238=CIRCLE('',#3239,1.64999999999999);
#239=CIRCLE('',#3240,3.15);
#240=CIRCLE('',#3242,19.1164177846327);
#241=CIRCLE('',#3243,3.49999999999998);
#242=CIRCLE('',#3244,15.9541401244644);
#243=CIRCLE('',#3245,3.5);
#244=CIRCLE('',#3246,19.1164177846327);
#245=CIRCLE('',#3247,19.1164177846327);
#246=CIRCLE('',#3249,1.64999999999999);
#247=CIRCLE('',#3251,3.15);
#248=CIRCLE('',#3252,1.64999999999999);
#249=CIRCLE('',#3253,1.64999999999999);
#250=CIRCLE('',#3255,1.64999999999999);
#251=CIRCLE('',#3257,10.);
#252=CIRCLE('',#3258,190.313028675113);
#253=CIRCLE('',#3259,455.603614321449);
#254=CIRCLE('',#3260,190.313028675113);
#255=CIRCLE('',#3261,10.);
#256=CIRCLE('',#3262,10.0000000000001);
#257=CIRCLE('',#3263,10.0000000000001);
#258=CIRCLE('',#3264,1.45);
#259=CIRCLE('',#3265,1.45);
#260=CIRCLE('',#3266,1.45);
#261=CIRCLE('',#3267,1.45000000000001);
#262=CIRCLE('',#3269,2.5);
#263=CIRCLE('',#3271,4.);
#264=CIRCLE('',#3273,2.5);
#265=CIRCLE('',#3275,4.);
#266=CIRCLE('',#3277,2.5);
#267=CIRCLE('',#3279,2.5);
#268=CIRCLE('',#3281,2.5);
#269=CIRCLE('',#3283,2.5);
#270=CIRCLE('',#3285,2.5);
#271=CIRCLE('',#3287,4.);
#272=CIRCLE('',#3288,4.);
#273=CIRCLE('',#3291,2.5);
#274=CIRCLE('',#3293,4.);
#275=CIRCLE('',#3294,4.);
#276=CIRCLE('',#3297,2.5);
#277=CIRCLE('',#3299,3.99999999999999);
#278=CIRCLE('',#3300,3.99999999999999);
#279=CIRCLE('',#3303,2.5);
#280=CIRCLE('',#3305,4.);
#281=CIRCLE('',#3306,4.);
#282=CIRCLE('',#3313,2.99999999999999);
#283=CIRCLE('',#3314,2.99999999999999);
#284=CIRCLE('',#3316,2.5);
#285=CIRCLE('',#3318,2.5);
#286=CIRCLE('',#3320,2.5);
#287=CIRCLE('',#3322,4.);
#288=CIRCLE('',#3323,4.);
#289=CIRCLE('',#3326,0.500000000000003);
#290=CIRCLE('',#3327,0.500000000000003);
#291=CIRCLE('',#3329,2.5);
#292=CIRCLE('',#3331,4.);
#293=CIRCLE('',#3332,4.);
#294=CIRCLE('',#3339,1.45);
#295=CIRCLE('',#3341,1.45);
#296=CIRCLE('',#3343,1.45);
#297=CIRCLE('',#3345,1.45000000000001);
#298=CIRCLE('',#3347,3.49999999999994);
#299=CIRCLE('',#3348,3.49999999999994);
#300=CIRCLE('',#3350,3.49999999999994);
#301=CIRCLE('',#3351,3.49999999999994);
#302=CIRCLE('',#3353,3.00000000000004);
#303=CIRCLE('',#3354,3.00000000000004);
#304=CIRCLE('',#3356,3.00000000000004);
#305=CIRCLE('',#3357,3.00000000000004);
#306=CIRCLE('',#3359,2.05);
#307=CIRCLE('',#3360,1.05);
#308=CIRCLE('',#3366,2.05);
#309=CIRCLE('',#3367,2.05);
#310=CIRCLE('',#3368,2.05);
#311=CIRCLE('',#3370,1.05);
#312=CIRCLE('',#3372,1.05);
#313=CIRCLE('',#3374,1.05);
#314=CIRCLE('',#3376,1.05);
#315=CIRCLE('',#3378,1.05);
#316=CIRCLE('',#3380,1.05);
#317=CIRCLE('',#3382,1.05);
#318=CIRCLE('',#3384,15.9541401244644);
#319=CIRCLE('',#3385,15.9541401244644);
#320=CIRCLE('',#3387,15.9541401244644);
#321=CIRCLE('',#3388,15.9541401244644);
#322=CIRCLE('',#3390,12.9541401244644);
#323=CIRCLE('',#3392,12.9541401244644);
#324=CIRCLE('',#3394,12.9541401244644);
#325=CIRCLE('',#3396,12.9541401244645);
#326=CIRCLE('',#3402,7.);
#327=CIRCLE('',#3403,7.);
#328=CIRCLE('',#3405,10.);
#329=CIRCLE('',#3406,190.313028675113);
#330=CIRCLE('',#3407,455.603614321449);
#331=CIRCLE('',#3408,190.313028675113);
#332=CIRCLE('',#3409,10.);
#333=CIRCLE('',#3410,10.0000000000001);
#334=CIRCLE('',#3411,10.0000000000001);
#335=CIRCLE('',#3413,7.);
#336=CIRCLE('',#3414,7.00000000000002);
#337=CIRCLE('',#3417,197.313028675113);
#338=CIRCLE('',#3418,197.313028675113);
#339=CIRCLE('',#3421,17.);
#340=CIRCLE('',#3422,17.);
#341=CIRCLE('',#3425,17.0000000000001);
#342=CIRCLE('',#3426,17.0000000000001);
#343=CIRCLE('',#3429,96.9999999999971);
#344=CIRCLE('',#3433,7.);
#345=CIRCLE('',#3434,7.);
#346=CIRCLE('',#3436,17.0000000000001);
#347=CIRCLE('',#3439,7.);
#348=CIRCLE('',#3440,17.);
#349=CIRCLE('',#3442,7.);
#350=CIRCLE('',#3444,6.99999999999999);
#351=CIRCLE('',#3445,197.313028675113);
#352=CIRCLE('',#3447,6.99999999999995);
#353=CIRCLE('',#3449,6.99999999999998);
#354=CIRCLE('',#3450,448.603614321449);
#355=CIRCLE('',#3452,7.00000000000002);
#356=CIRCLE('',#3454,6.99999999999997);
#357=CIRCLE('',#3456,7.);
#358=CIRCLE('',#3460,6.99999999999999);
#359=CIRCLE('',#3462,7.);
#360=CIRCLE('',#3464,448.603614321449);
#361=CIRCLE('',#3467,197.313028675113);
#362=CIRCLE('',#3472,17.);
#363=CIRCLE('',#3475,17.0000000000001);
#364=CIRCLE('',#3478,18.);
#365=CIRCLE('',#3480,96.9999999999971);
#366=CIRCLE('',#3483,99.9999999999971);
#367=CIRCLE('',#3484,99.9999999999971);
#368=CIRCLE('',#3485,20.0000000000001);
#369=CIRCLE('',#3486,20.);
#370=CIRCLE('',#3487,200.313028675113);
#371=CIRCLE('',#3488,445.603614321449);
#372=CIRCLE('',#3489,200.313028675113);
#373=CIRCLE('',#3490,20.);
#374=CIRCLE('',#3491,20.0000000000001);
#375=CIRCLE('',#3494,200.313028675113);
#376=CIRCLE('',#3497,20.);
#377=CIRCLE('',#3500,20.0000000000001);
#378=CIRCLE('',#3505,10.);
#379=CIRCLE('',#3506,10.);
#380=CIRCLE('',#3507,10.);
#381=CIRCLE('',#3508,20.0000000000001);
#382=CIRCLE('',#3510,10.);
#383=CIRCLE('',#3511,10.);
#384=CIRCLE('',#3512,20.);
#385=CIRCLE('',#3514,10.);
#386=CIRCLE('',#3516,9.99999999999999);
#387=CIRCLE('',#3517,200.313028675113);
#388=CIRCLE('',#3519,9.99999999999995);
#389=CIRCLE('',#3521,9.99999999999998);
#390=CIRCLE('',#3522,445.603614321449);
#391=CIRCLE('',#3524,10.);
#392=CIRCLE('',#3526,9.99999999999997);
#393=CIRCLE('',#3528,10.);
#394=CIRCLE('',#3529,10.);
#395=CIRCLE('',#3531,10.);
#396=CIRCLE('',#3532,9.99999999999999);
#397=CIRCLE('',#3534,10.);
#398=CIRCLE('',#3535,10.);
#399=CIRCLE('',#3536,10.);
#400=CIRCLE('',#3537,9.99999999999999);
#401=CIRCLE('',#3538,15.);
#402=CIRCLE('',#3546,15.);
#403=CIRCLE('',#3547,15.);
#404=CIRCLE('',#3548,15.);
#405=CIRCLE('',#3551,15.);
#406=CIRCLE('',#3552,15.);
#407=CONICAL_SURFACE('',#3218,2.39999999999999,0.785398163397473);
#408=CONICAL_SURFACE('',#3231,2.39999999999999,0.785398163397485);
#409=CONICAL_SURFACE('',#3237,2.39999999999999,0.785398163397417);
#410=CONICAL_SURFACE('',#3250,2.39999999999999,0.785398163397406);
#411=CONICAL_SURFACE('',#3358,1.55,0.785398163397445);
#412=CONICAL_SURFACE('',#3371,1.55,0.785398163397477);
#413=CONICAL_SURFACE('',#3375,1.55,0.785398163397486);
#414=CONICAL_SURFACE('',#3379,1.55,0.785398163397455);
#415=FACE_OUTER_BOUND('',#600,.T.);
#416=FACE_OUTER_BOUND('',#601,.T.);
#417=FACE_OUTER_BOUND('',#602,.T.);
#418=FACE_OUTER_BOUND('',#603,.T.);
#419=FACE_OUTER_BOUND('',#604,.T.);
#420=FACE_OUTER_BOUND('',#605,.T.);
#421=FACE_OUTER_BOUND('',#606,.T.);
#422=FACE_OUTER_BOUND('',#607,.T.);
#423=FACE_OUTER_BOUND('',#608,.T.);
#424=FACE_OUTER_BOUND('',#609,.T.);
#425=FACE_OUTER_BOUND('',#610,.T.);
#426=FACE_OUTER_BOUND('',#611,.T.);
#427=FACE_OUTER_BOUND('',#612,.T.);
#428=FACE_OUTER_BOUND('',#613,.T.);
#429=FACE_OUTER_BOUND('',#614,.T.);
#430=FACE_OUTER_BOUND('',#615,.T.);
#431=FACE_OUTER_BOUND('',#616,.T.);
#432=FACE_OUTER_BOUND('',#617,.T.);
#433=FACE_OUTER_BOUND('',#618,.T.);
#434=FACE_OUTER_BOUND('',#625,.T.);
#435=FACE_OUTER_BOUND('',#626,.T.);
#436=FACE_OUTER_BOUND('',#627,.T.);
#437=FACE_OUTER_BOUND('',#628,.T.);
#438=FACE_OUTER_BOUND('',#629,.T.);
#439=FACE_OUTER_BOUND('',#630,.T.);
#440=FACE_OUTER_BOUND('',#631,.T.);
#441=FACE_OUTER_BOUND('',#632,.T.);
#442=FACE_OUTER_BOUND('',#633,.T.);
#443=FACE_OUTER_BOUND('',#634,.T.);
#444=FACE_OUTER_BOUND('',#635,.T.);
#445=FACE_OUTER_BOUND('',#637,.T.);
#446=FACE_OUTER_BOUND('',#638,.T.);
#447=FACE_OUTER_BOUND('',#639,.T.);
#448=FACE_OUTER_BOUND('',#641,.T.);
#449=FACE_OUTER_BOUND('',#642,.T.);
#450=FACE_OUTER_BOUND('',#643,.T.);
#451=FACE_OUTER_BOUND('',#645,.T.);
#452=FACE_OUTER_BOUND('',#646,.T.);
#453=FACE_OUTER_BOUND('',#647,.T.);
#454=FACE_OUTER_BOUND('',#649,.T.);
#455=FACE_OUTER_BOUND('',#650,.T.);
#456=FACE_OUTER_BOUND('',#651,.T.);
#457=FACE_OUTER_BOUND('',#652,.T.);
#458=FACE_OUTER_BOUND('',#653,.T.);
#459=FACE_OUTER_BOUND('',#654,.T.);
#460=FACE_OUTER_BOUND('',#655,.T.);
#461=FACE_OUTER_BOUND('',#656,.T.);
#462=FACE_OUTER_BOUND('',#657,.T.);
#463=FACE_OUTER_BOUND('',#658,.T.);
#464=FACE_OUTER_BOUND('',#660,.T.);
#465=FACE_OUTER_BOUND('',#661,.T.);
#466=FACE_OUTER_BOUND('',#662,.T.);
#467=FACE_OUTER_BOUND('',#663,.T.);
#468=FACE_OUTER_BOUND('',#665,.T.);
#469=FACE_OUTER_BOUND('',#666,.T.);
#470=FACE_OUTER_BOUND('',#667,.T.);
#471=FACE_OUTER_BOUND('',#668,.T.);
#472=FACE_OUTER_BOUND('',#669,.T.);
#473=FACE_OUTER_BOUND('',#670,.T.);
#474=FACE_OUTER_BOUND('',#671,.T.);
#475=FACE_OUTER_BOUND('',#672,.T.);
#476=FACE_OUTER_BOUND('',#673,.T.);
#477=FACE_OUTER_BOUND('',#674,.T.);
#478=FACE_OUTER_BOUND('',#675,.T.);
#479=FACE_OUTER_BOUND('',#676,.T.);
#480=FACE_OUTER_BOUND('',#677,.T.);
#481=FACE_OUTER_BOUND('',#678,.T.);
#482=FACE_OUTER_BOUND('',#688,.T.);
#483=FACE_OUTER_BOUND('',#689,.T.);
#484=FACE_OUTER_BOUND('',#690,.T.);
#485=FACE_OUTER_BOUND('',#691,.T.);
#486=FACE_OUTER_BOUND('',#692,.T.);
#487=FACE_OUTER_BOUND('',#693,.T.);
#488=FACE_OUTER_BOUND('',#694,.T.);
#489=FACE_OUTER_BOUND('',#695,.T.);
#490=FACE_OUTER_BOUND('',#696,.T.);
#491=FACE_OUTER_BOUND('',#697,.T.);
#492=FACE_OUTER_BOUND('',#698,.T.);
#493=FACE_OUTER_BOUND('',#699,.T.);
#494=FACE_OUTER_BOUND('',#700,.T.);
#495=FACE_OUTER_BOUND('',#701,.T.);
#496=FACE_OUTER_BOUND('',#703,.T.);
#497=FACE_OUTER_BOUND('',#705,.T.);
#498=FACE_OUTER_BOUND('',#706,.T.);
#499=FACE_OUTER_BOUND('',#707,.T.);
#500=FACE_OUTER_BOUND('',#708,.T.);
#501=FACE_OUTER_BOUND('',#709,.T.);
#502=FACE_OUTER_BOUND('',#710,.T.);
#503=FACE_OUTER_BOUND('',#711,.T.);
#504=FACE_OUTER_BOUND('',#712,.T.);
#505=FACE_OUTER_BOUND('',#733,.T.);
#506=FACE_OUTER_BOUND('',#734,.T.);
#507=FACE_OUTER_BOUND('',#735,.T.);
#508=FACE_OUTER_BOUND('',#736,.T.);
#509=FACE_OUTER_BOUND('',#737,.T.);
#510=FACE_OUTER_BOUND('',#738,.T.);
#511=FACE_OUTER_BOUND('',#739,.T.);
#512=FACE_OUTER_BOUND('',#740,.T.);
#513=FACE_OUTER_BOUND('',#741,.T.);
#514=FACE_OUTER_BOUND('',#742,.T.);
#515=FACE_OUTER_BOUND('',#744,.T.);
#516=FACE_OUTER_BOUND('',#745,.T.);
#517=FACE_OUTER_BOUND('',#746,.T.);
#518=FACE_OUTER_BOUND('',#747,.T.);
#519=FACE_OUTER_BOUND('',#748,.T.);
#520=FACE_OUTER_BOUND('',#749,.T.);
#521=FACE_OUTER_BOUND('',#750,.T.);
#522=FACE_OUTER_BOUND('',#751,.T.);
#523=FACE_OUTER_BOUND('',#752,.T.);
#524=FACE_OUTER_BOUND('',#753,.T.);
#525=FACE_OUTER_BOUND('',#754,.T.);
#526=FACE_OUTER_BOUND('',#755,.T.);
#527=FACE_OUTER_BOUND('',#756,.T.);
#528=FACE_OUTER_BOUND('',#757,.T.);
#529=FACE_OUTER_BOUND('',#758,.T.);
#530=FACE_OUTER_BOUND('',#759,.T.);
#531=FACE_OUTER_BOUND('',#760,.T.);
#532=FACE_OUTER_BOUND('',#761,.T.);
#533=FACE_OUTER_BOUND('',#762,.T.);
#534=FACE_OUTER_BOUND('',#763,.T.);
#535=FACE_OUTER_BOUND('',#764,.T.);
#536=FACE_OUTER_BOUND('',#765,.T.);
#537=FACE_OUTER_BOUND('',#766,.T.);
#538=FACE_OUTER_BOUND('',#767,.T.);
#539=FACE_OUTER_BOUND('',#768,.T.);
#540=FACE_OUTER_BOUND('',#769,.T.);
#541=FACE_OUTER_BOUND('',#779,.T.);
#542=FACE_OUTER_BOUND('',#780,.T.);
#543=FACE_OUTER_BOUND('',#781,.T.);
#544=FACE_OUTER_BOUND('',#782,.T.);
#545=FACE_OUTER_BOUND('',#783,.T.);
#546=FACE_OUTER_BOUND('',#784,.T.);
#547=FACE_OUTER_BOUND('',#785,.T.);
#548=FACE_OUTER_BOUND('',#786,.T.);
#549=FACE_OUTER_BOUND('',#787,.T.);
#550=FACE_OUTER_BOUND('',#788,.T.);
#551=FACE_OUTER_BOUND('',#789,.T.);
#552=FACE_OUTER_BOUND('',#790,.T.);
#553=FACE_OUTER_BOUND('',#791,.T.);
#554=FACE_OUTER_BOUND('',#793,.T.);
#555=FACE_OUTER_BOUND('',#794,.T.);
#556=FACE_OUTER_BOUND('',#795,.T.);
#557=FACE_OUTER_BOUND('',#796,.T.);
#558=FACE_OUTER_BOUND('',#797,.T.);
#559=FACE_OUTER_BOUND('',#798,.T.);
#560=FACE_OUTER_BOUND('',#799,.T.);
#561=FACE_OUTER_BOUND('',#800,.T.);
#562=FACE_OUTER_BOUND('',#801,.T.);
#563=FACE_OUTER_BOUND('',#803,.T.);
#564=FACE_OUTER_BOUND('',#804,.T.);
#565=FACE_OUTER_BOUND('',#805,.T.);
#566=FACE_OUTER_BOUND('',#806,.T.);
#567=FACE_OUTER_BOUND('',#807,.T.);
#568=FACE_OUTER_BOUND('',#808,.T.);
#569=FACE_OUTER_BOUND('',#809,.T.);
#570=FACE_OUTER_BOUND('',#810,.T.);
#571=FACE_OUTER_BOUND('',#811,.T.);
#572=FACE_OUTER_BOUND('',#812,.T.);
#573=FACE_OUTER_BOUND('',#813,.T.);
#574=FACE_OUTER_BOUND('',#814,.T.);
#575=FACE_OUTER_BOUND('',#815,.T.);
#576=FACE_OUTER_BOUND('',#816,.T.);
#577=FACE_OUTER_BOUND('',#817,.T.);
#578=FACE_OUTER_BOUND('',#818,.T.);
#579=FACE_OUTER_BOUND('',#819,.T.);
#580=FACE_OUTER_BOUND('',#820,.T.);
#581=FACE_OUTER_BOUND('',#821,.T.);
#582=FACE_OUTER_BOUND('',#822,.T.);
#583=FACE_OUTER_BOUND('',#823,.T.);
#584=FACE_OUTER_BOUND('',#824,.T.);
#585=FACE_OUTER_BOUND('',#825,.T.);
#586=FACE_OUTER_BOUND('',#826,.T.);
#587=FACE_OUTER_BOUND('',#827,.T.);
#588=FACE_OUTER_BOUND('',#828,.T.);
#589=FACE_OUTER_BOUND('',#829,.T.);
#590=FACE_OUTER_BOUND('',#830,.T.);
#591=FACE_OUTER_BOUND('',#831,.T.);
#592=FACE_OUTER_BOUND('',#832,.T.);
#593=FACE_OUTER_BOUND('',#833,.T.);
#594=FACE_OUTER_BOUND('',#834,.T.);
#595=FACE_OUTER_BOUND('',#835,.T.);
#596=FACE_OUTER_BOUND('',#836,.T.);
#597=FACE_OUTER_BOUND('',#837,.T.);
#598=FACE_OUTER_BOUND('',#838,.T.);
#599=FACE_OUTER_BOUND('',#839,.T.);
#600=EDGE_LOOP('',(#2056,#2057,#2058,#2059));
#601=EDGE_LOOP('',(#2060,#2061,#2062,#2063,#2064));
#602=EDGE_LOOP('',(#2065,#2066,#2067,#2068));
#603=EDGE_LOOP('',(#2069,#2070,#2071,#2072));
#604=EDGE_LOOP('',(#2073,#2074,#2075,#2076,#2077,#2078,#2079,#2080));
#605=EDGE_LOOP('',(#2081,#2082,#2083,#2084,#2085,#2086,#2087,#2088));
#606=EDGE_LOOP('',(#2089,#2090,#2091,#2092,#2093));
#607=EDGE_LOOP('',(#2094,#2095,#2096,#2097));
#608=EDGE_LOOP('',(#2098,#2099,#2100,#2101,#2102,#2103));
#609=EDGE_LOOP('',(#2104,#2105,#2106,#2107,#2108));
#610=EDGE_LOOP('',(#2109,#2110,#2111,#2112));
#611=EDGE_LOOP('',(#2113,#2114,#2115,#2116,#2117,#2118,#2119,#2120));
#612=EDGE_LOOP('',(#2121,#2122,#2123,#2124,#2125,#2126));
#613=EDGE_LOOP('',(#2127,#2128,#2129,#2130));
#614=EDGE_LOOP('',(#2131,#2132,#2133,#2134,#2135));
#615=EDGE_LOOP('',(#2136,#2137,#2138,#2139));
#616=EDGE_LOOP('',(#2140,#2141,#2142,#2143));
#617=EDGE_LOOP('',(#2144,#2145,#2146,#2147,#2148,#2149,#2150,#2151));
#618=EDGE_LOOP('',(#2152,#2153,#2154,#2155,#2156,#2157,#2158,#2159,#2160,
#2161,#2162,#2163,#2164,#2165,#2166,#2167,#2168,#2169,#2170,#2171,#2172,
#2173,#2174,#2175,#2176,#2177,#2178,#2179,#2180,#2181,#2182,#2183,#2184,
#2185,#2186,#2187,#2188,#2189,#2190));
#619=EDGE_LOOP('',(#2191,#2192,#2193,#2194));
#620=EDGE_LOOP('',(#2195,#2196,#2197,#2198));
#621=EDGE_LOOP('',(#2199));
#622=EDGE_LOOP('',(#2200));
#623=EDGE_LOOP('',(#2201));
#624=EDGE_LOOP('',(#2202));
#625=EDGE_LOOP('',(#2203,#2204));
#626=EDGE_LOOP('',(#2205,#2206));
#627=EDGE_LOOP('',(#2207,#2208));
#628=EDGE_LOOP('',(#2209,#2210));
#629=EDGE_LOOP('',(#2211));
#630=EDGE_LOOP('',(#2212));
#631=EDGE_LOOP('',(#2213));
#632=EDGE_LOOP('',(#2214));
#633=EDGE_LOOP('',(#2215,#2216,#2217,#2218));
#634=EDGE_LOOP('',(#2219,#2220,#2221,#2222));
#635=EDGE_LOOP('',(#2223));
#636=EDGE_LOOP('',(#2224));
#637=EDGE_LOOP('',(#2225,#2226,#2227,#2228));
#638=EDGE_LOOP('',(#2229,#2230,#2231,#2232));
#639=EDGE_LOOP('',(#2233));
#640=EDGE_LOOP('',(#2234));
#641=EDGE_LOOP('',(#2235,#2236,#2237,#2238));
#642=EDGE_LOOP('',(#2239,#2240,#2241,#2242));
#643=EDGE_LOOP('',(#2243));
#644=EDGE_LOOP('',(#2244));
#645=EDGE_LOOP('',(#2245,#2246,#2247,#2248));
#646=EDGE_LOOP('',(#2249,#2250,#2251,#2252));
#647=EDGE_LOOP('',(#2253));
#648=EDGE_LOOP('',(#2254));
#649=EDGE_LOOP('',(#2255,#2256,#2257,#2258));
#650=EDGE_LOOP('',(#2259,#2260,#2261,#2262));
#651=EDGE_LOOP('',(#2263,#2264,#2265,#2266));
#652=EDGE_LOOP('',(#2267,#2268,#2269,#2270));
#653=EDGE_LOOP('',(#2271,#2272,#2273,#2274));
#654=EDGE_LOOP('',(#2275));
#655=EDGE_LOOP('',(#2276));
#656=EDGE_LOOP('',(#2277,#2278,#2279,#2280));
#657=EDGE_LOOP('',(#2281,#2282,#2283,#2284));
#658=EDGE_LOOP('',(#2285));
#659=EDGE_LOOP('',(#2286));
#660=EDGE_LOOP('',(#2287,#2288,#2289,#2290));
#661=EDGE_LOOP('',(#2291,#2292,#2293,#2294));
#662=EDGE_LOOP('',(#2295,#2296,#2297,#2298));
#663=EDGE_LOOP('',(#2299,#2300));
#664=EDGE_LOOP('',(#2301));
#665=EDGE_LOOP('',(#2302,#2303,#2304,#2305));
#666=EDGE_LOOP('',(#2306,#2307,#2308,#2309));
#667=EDGE_LOOP('',(#2310,#2311,#2312,#2313));
#668=EDGE_LOOP('',(#2314,#2315,#2316,#2317));
#669=EDGE_LOOP('',(#2318,#2319,#2320,#2321));
#670=EDGE_LOOP('',(#2322,#2323,#2324,#2325));
#671=EDGE_LOOP('',(#2326,#2327,#2328,#2329));
#672=EDGE_LOOP('',(#2330,#2331,#2332,#2333));
#673=EDGE_LOOP('',(#2334,#2335,#2336,#2337));
#674=EDGE_LOOP('',(#2338,#2339,#2340,#2341));
#675=EDGE_LOOP('',(#2342,#2343,#2344,#2345));
#676=EDGE_LOOP('',(#2346,#2347,#2348,#2349));
#677=EDGE_LOOP('',(#2350,#2351,#2352,#2353));
#678=EDGE_LOOP('',(#2354,#2355,#2356,#2357,#2358,#2359,#2360,#2361,#2362,
#2363,#2364,#2365,#2366));
#679=EDGE_LOOP('',(#2367));
#680=EDGE_LOOP('',(#2368));
#681=EDGE_LOOP('',(#2369));
#682=EDGE_LOOP('',(#2370));
#683=EDGE_LOOP('',(#2371,#2372,#2373,#2374));
#684=EDGE_LOOP('',(#2375));
#685=EDGE_LOOP('',(#2376));
#686=EDGE_LOOP('',(#2377));
#687=EDGE_LOOP('',(#2378));
#688=EDGE_LOOP('',(#2379,#2380,#2381,#2382));
#689=EDGE_LOOP('',(#2383,#2384,#2385,#2386));
#690=EDGE_LOOP('',(#2387,#2388,#2389,#2390));
#691=EDGE_LOOP('',(#2391,#2392,#2393,#2394));
#692=EDGE_LOOP('',(#2395,#2396,#2397,#2398));
#693=EDGE_LOOP('',(#2399,#2400,#2401,#2402));
#694=EDGE_LOOP('',(#2403,#2404,#2405,#2406));
#695=EDGE_LOOP('',(#2407,#2408,#2409,#2410));
#696=EDGE_LOOP('',(#2411,#2412,#2413,#2414));
#697=EDGE_LOOP('',(#2415,#2416,#2417,#2418));
#698=EDGE_LOOP('',(#2419,#2420,#2421,#2422));
#699=EDGE_LOOP('',(#2423,#2424,#2425,#2426));
#700=EDGE_LOOP('',(#2427,#2428,#2429,#2430));
#701=EDGE_LOOP('',(#2431,#2432,#2433,#2434));
#702=EDGE_LOOP('',(#2435));
#703=EDGE_LOOP('',(#2436,#2437,#2438,#2439));
#704=EDGE_LOOP('',(#2440));
#705=EDGE_LOOP('',(#2441,#2442,#2443,#2444));
#706=EDGE_LOOP('',(#2445,#2446,#2447,#2448));
#707=EDGE_LOOP('',(#2449,#2450,#2451,#2452));
#708=EDGE_LOOP('',(#2453,#2454,#2455,#2456));
#709=EDGE_LOOP('',(#2457,#2458,#2459,#2460));
#710=EDGE_LOOP('',(#2461,#2462,#2463,#2464));
#711=EDGE_LOOP('',(#2465,#2466,#2467,#2468,#2469,#2470));
#712=EDGE_LOOP('',(#2471,#2472,#2473,#2474,#2475,#2476,#2477,#2478,#2479,
#2480,#2481,#2482,#2483,#2484,#2485,#2486,#2487,#2488,#2489,#2490,#2491,
#2492,#2493,#2494,#2495,#2496,#2497));
#713=EDGE_LOOP('',(#2498,#2499));
#714=EDGE_LOOP('',(#2500,#2501));
#715=EDGE_LOOP('',(#2502));
#716=EDGE_LOOP('',(#2503));
#717=EDGE_LOOP('',(#2504,#2505));
#718=EDGE_LOOP('',(#2506));
#719=EDGE_LOOP('',(#2507));
#720=EDGE_LOOP('',(#2508));
#721=EDGE_LOOP('',(#2509));
#722=EDGE_LOOP('',(#2510));
#723=EDGE_LOOP('',(#2511));
#724=EDGE_LOOP('',(#2512));
#725=EDGE_LOOP('',(#2513));
#726=EDGE_LOOP('',(#2514));
#727=EDGE_LOOP('',(#2515));
#728=EDGE_LOOP('',(#2516,#2517,#2518,#2519));
#729=EDGE_LOOP('',(#2520));
#730=EDGE_LOOP('',(#2521,#2522,#2523,#2524));
#731=EDGE_LOOP('',(#2525));
#732=EDGE_LOOP('',(#2526));
#733=EDGE_LOOP('',(#2527,#2528,#2529,#2530,#2531,#2532));
#734=EDGE_LOOP('',(#2533,#2534,#2535,#2536));
#735=EDGE_LOOP('',(#2537,#2538,#2539,#2540));
#736=EDGE_LOOP('',(#2541,#2542,#2543,#2544));
#737=EDGE_LOOP('',(#2545,#2546,#2547,#2548));
#738=EDGE_LOOP('',(#2549,#2550,#2551,#2552));
#739=EDGE_LOOP('',(#2553,#2554,#2555,#2556));
#740=EDGE_LOOP('',(#2557,#2558,#2559,#2560,#2561));
#741=EDGE_LOOP('',(#2562,#2563,#2564,#2565,#2566));
#742=EDGE_LOOP('',(#2567,#2568,#2569,#2570));
#743=EDGE_LOOP('',(#2571));
#744=EDGE_LOOP('',(#2572,#2573,#2574,#2575));
#745=EDGE_LOOP('',(#2576,#2577,#2578,#2579));
#746=EDGE_LOOP('',(#2580,#2581));
#747=EDGE_LOOP('',(#2582,#2583,#2584,#2585));
#748=EDGE_LOOP('',(#2586,#2587,#2588,#2589));
#749=EDGE_LOOP('',(#2590,#2591,#2592,#2593));
#750=EDGE_LOOP('',(#2594,#2595,#2596,#2597));
#751=EDGE_LOOP('',(#2598,#2599,#2600,#2601));
#752=EDGE_LOOP('',(#2602,#2603,#2604,#2605));
#753=EDGE_LOOP('',(#2606,#2607,#2608,#2609));
#754=EDGE_LOOP('',(#2610,#2611,#2612,#2613));
#755=EDGE_LOOP('',(#2614,#2615,#2616,#2617));
#756=EDGE_LOOP('',(#2618,#2619));
#757=EDGE_LOOP('',(#2620,#2621,#2622,#2623));
#758=EDGE_LOOP('',(#2624,#2625,#2626,#2627));
#759=EDGE_LOOP('',(#2628,#2629,#2630,#2631));
#760=EDGE_LOOP('',(#2632,#2633,#2634,#2635));
#761=EDGE_LOOP('',(#2636,#2637,#2638,#2639));
#762=EDGE_LOOP('',(#2640,#2641,#2642,#2643,#2644));
#763=EDGE_LOOP('',(#2645,#2646,#2647,#2648));
#764=EDGE_LOOP('',(#2649,#2650,#2651,#2652,#2653));
#765=EDGE_LOOP('',(#2654,#2655,#2656,#2657));
#766=EDGE_LOOP('',(#2658,#2659,#2660,#2661));
#767=EDGE_LOOP('',(#2662,#2663,#2664,#2665));
#768=EDGE_LOOP('',(#2666,#2667,#2668,#2669));
#769=EDGE_LOOP('',(#2670,#2671,#2672,#2673,#2674,#2675,#2676,#2677,#2678,
#2679,#2680,#2681,#2682,#2683));
#770=EDGE_LOOP('',(#2684));
#771=EDGE_LOOP('',(#2685));
#772=EDGE_LOOP('',(#2686,#2687,#2688,#2689));
#773=EDGE_LOOP('',(#2690));
#774=EDGE_LOOP('',(#2691));
#775=EDGE_LOOP('',(#2692));
#776=EDGE_LOOP('',(#2693));
#777=EDGE_LOOP('',(#2694));
#778=EDGE_LOOP('',(#2695));
#779=EDGE_LOOP('',(#2696,#2697,#2698,#2699));
#780=EDGE_LOOP('',(#2700,#2701,#2702,#2703));
#781=EDGE_LOOP('',(#2704,#2705,#2706,#2707));
#782=EDGE_LOOP('',(#2708,#2709,#2710,#2711,#2712));
#783=EDGE_LOOP('',(#2713,#2714,#2715,#2716));
#784=EDGE_LOOP('',(#2717,#2718,#2719,#2720));
#785=EDGE_LOOP('',(#2721,#2722,#2723));
#786=EDGE_LOOP('',(#2724,#2725,#2726,#2727));
#787=EDGE_LOOP('',(#2728,#2729,#2730,#2731));
#788=EDGE_LOOP('',(#2732,#2733,#2734,#2735));
#789=EDGE_LOOP('',(#2736,#2737,#2738,#2739,#2740,#2741));
#790=EDGE_LOOP('',(#2742,#2743,#2744,#2745,#2746));
#791=EDGE_LOOP('',(#2747,#2748,#2749,#2750,#2751,#2752,#2753,#2754,#2755,
#2756,#2757,#2758,#2759,#2760,#2761,#2762,#2763,#2764));
#792=EDGE_LOOP('',(#2765,#2766,#2767,#2768,#2769,#2770,#2771,#2772,#2773,
#2774,#2775,#2776,#2777,#2778,#2779,#2780,#2781,#2782));
#793=EDGE_LOOP('',(#2783,#2784,#2785,#2786));
#794=EDGE_LOOP('',(#2787,#2788,#2789,#2790));
#795=EDGE_LOOP('',(#2791,#2792,#2793,#2794));
#796=EDGE_LOOP('',(#2795,#2796,#2797,#2798));
#797=EDGE_LOOP('',(#2799,#2800,#2801,#2802));
#798=EDGE_LOOP('',(#2803,#2804,#2805,#2806));
#799=EDGE_LOOP('',(#2807,#2808,#2809,#2810,#2811));
#800=EDGE_LOOP('',(#2812,#2813,#2814,#2815,#2816));
#801=EDGE_LOOP('',(#2817,#2818,#2819,#2820));
#802=EDGE_LOOP('',(#2821));
#803=EDGE_LOOP('',(#2822,#2823,#2824,#2825));
#804=EDGE_LOOP('',(#2826,#2827,#2828,#2829));
#805=EDGE_LOOP('',(#2830,#2831,#2832,#2833,#2834,#2835,#2836,#2837));
#806=EDGE_LOOP('',(#2838,#2839,#2840,#2841));
#807=EDGE_LOOP('',(#2842,#2843,#2844,#2845));
#808=EDGE_LOOP('',(#2846,#2847,#2848,#2849));
#809=EDGE_LOOP('',(#2850,#2851,#2852,#2853));
#810=EDGE_LOOP('',(#2854,#2855,#2856,#2857));
#811=EDGE_LOOP('',(#2858,#2859,#2860,#2861));
#812=EDGE_LOOP('',(#2862,#2863,#2864,#2865));
#813=EDGE_LOOP('',(#2866,#2867,#2868,#2869));
#814=EDGE_LOOP('',(#2870,#2871,#2872,#2873));
#815=EDGE_LOOP('',(#2874,#2875,#2876,#2877,#2878,#2879,#2880,#2881));
#816=EDGE_LOOP('',(#2882,#2883,#2884,#2885));
#817=EDGE_LOOP('',(#2886,#2887,#2888,#2889));
#818=EDGE_LOOP('',(#2890,#2891,#2892,#2893));
#819=EDGE_LOOP('',(#2894,#2895,#2896,#2897));
#820=EDGE_LOOP('',(#2898,#2899,#2900,#2901));
#821=EDGE_LOOP('',(#2902,#2903,#2904,#2905));
#822=EDGE_LOOP('',(#2906,#2907,#2908,#2909));
#823=EDGE_LOOP('',(#2910,#2911,#2912,#2913,#2914));
#824=EDGE_LOOP('',(#2915,#2916,#2917,#2918));
#825=EDGE_LOOP('',(#2919,#2920,#2921,#2922));
#826=EDGE_LOOP('',(#2923,#2924,#2925,#2926));
#827=EDGE_LOOP('',(#2927,#2928,#2929,#2930));
#828=EDGE_LOOP('',(#2931,#2932,#2933,#2934));
#829=EDGE_LOOP('',(#2935,#2936,#2937,#2938));
#830=EDGE_LOOP('',(#2939,#2940,#2941,#2942));
#831=EDGE_LOOP('',(#2943,#2944,#2945,#2946,#2947));
#832=EDGE_LOOP('',(#2948,#2949,#2950,#2951));
#833=EDGE_LOOP('',(#2952,#2953,#2954,#2955));
#834=EDGE_LOOP('',(#2956,#2957,#2958));
#835=EDGE_LOOP('',(#2959,#2960,#2961,#2962));
#836=EDGE_LOOP('',(#2963,#2964,#2965,#2966));
#837=EDGE_LOOP('',(#2967,#2968,#2969,#2970));
#838=EDGE_LOOP('',(#2971,#2972,#2973,#2974,#2975,#2976));
#839=EDGE_LOOP('',(#2977,#2978,#2979,#2980,#2981));
#840=B_SPLINE_CURVE_WITH_KNOTS('',3,(#4505,#4506,#4507,#4508,#4509,#4510,
#4511,#4512,#4513,#4514,#4515,#4516,#4517,#4518,#4519,#4520,#4521,#4522),
 .UNSPECIFIED.,.F.,.F.,(4,2,2,2,2,2,2,2,4),(-0.487102748211785,-0.433670832498479,
-0.371927621074006,-0.30637713573003,-0.248226444080761,-0.188403986375117,
-0.121546809214559,-0.0590011064971792,-0.000566973062764406),
 .UNSPECIFIED.);
#841=B_SPLINE_CURVE_WITH_KNOTS('',3,(#4525,#4526,#4527,#4528,#4529,#4530,
#4531,#4532,#4533,#4534,#4535,#4536,#4537,#4538,#4539,#4540,#4541,#4542),
 .UNSPECIFIED.,.F.,.F.,(4,2,2,2,2,2,2,2,4),(0.000566973062764406,0.0590011064971792,
0.121546809214559,0.188403986375117,0.248226444080761,0.30637713573003,
0.371927621074006,0.433670832498479,0.487102748211785),.UNSPECIFIED.);
#842=B_SPLINE_CURVE_WITH_KNOTS('',3,(#4570,#4571,#4572,#4573),
 .UNSPECIFIED.,.F.,.F.,(4,4),(-4.95589494607872E-17,0.000566973062764854),
 .UNSPECIFIED.);
#843=B_SPLINE_CURVE_WITH_KNOTS('',3,(#4574,#4575,#4576,#4577),
 .UNSPECIFIED.,.F.,.F.,(4,4),(-0.000566973062764854,4.95589494607872E-17),
 .UNSPECIFIED.);
#844=B_SPLINE_CURVE_WITH_KNOTS('',3,(#4594,#4595,#4596,#4597),
 .UNSPECIFIED.,.F.,.F.,(4,4),(0.487102748211771,0.487669618437306),
 .UNSPECIFIED.);
#845=B_SPLINE_CURVE_WITH_KNOTS('',3,(#4598,#4599,#4600,#4601),
 .UNSPECIFIED.,.F.,.F.,(4,4),(-0.487669618437306,-0.487102748211771),
 .UNSPECIFIED.);
#846=B_SPLINE_CURVE_WITH_KNOTS('',3,(#4614,#4615,#4616,#4617,#4618,#4619),
 .UNSPECIFIED.,.F.,.F.,(4,1,1,4),(0.860795147765758,1.2651750883213,1.66955502887683,
2.27612493971014),.UNSPECIFIED.);
#847=B_SPLINE_CURVE_WITH_KNOTS('',3,(#4658,#4659,#4660,#4661,#4662,#4663),
 .UNSPECIFIED.,.F.,.F.,(4,1,1,4),(-2.27612493971014,-1.66955502887683,-1.2651750883213,
-0.860795147765758),.UNSPECIFIED.);
#848=B_SPLINE_CURVE_WITH_KNOTS('',3,(#4703,#4704,#4705,#4706,#4707,#4708),
 .UNSPECIFIED.,.F.,.F.,(4,1,1,4),(0.860795147765927,1.26517508832139,1.66955502887685,
2.27612493971004),.UNSPECIFIED.);
#849=B_SPLINE_CURVE_WITH_KNOTS('',3,(#4709,#4710,#4711,#4712,#4713,#4714),
 .UNSPECIFIED.,.F.,.F.,(4,1,1,4),(-2.27612493971004,-1.66955502887685,-1.26517508832139,
-0.860795147765927),.UNSPECIFIED.);
#850=B_SPLINE_CURVE_WITH_KNOTS('',3,(#4727,#4728,#4729,#4730,#4731,#4732,
#4733,#4734,#4735,#4736,#4737,#4738,#4739,#4740,#4741,#4742,#4743),
 .UNSPECIFIED.,.F.,.F.,(4,1,2,2,2,2,2,2,4),(0.000566973062763285,0.0610568911387063,
0.121546809214649,0.188403986375278,0.248226444080992,0.306377135730329,
0.371927621074375,0.433670832498929,0.487102748212295),.UNSPECIFIED.);
#851=B_SPLINE_CURVE_WITH_KNOTS('',3,(#4820,#4821,#4822,#4823,#4824,#4825,
#4826,#4827,#4828,#4829,#4830,#4831,#4832,#4833,#4834,#4835,#4836),
 .UNSPECIFIED.,.F.,.F.,(4,2,2,2,2,2,2,1,4),(-0.487102748212295,-0.433670832498929,
-0.371927621074375,-0.306377135730329,-0.248226444080992,-0.188403986375278,
-0.121546809214649,-0.0610568911387063,-0.000566973062763285),
 .UNSPECIFIED.);
#852=B_SPLINE_CURVE_WITH_KNOTS('',3,(#4865,#4866,#4867,#4868),
 .UNSPECIFIED.,.F.,.F.,(4,4),(-2.66075856699746E-17,0.000566973062763992),
 .UNSPECIFIED.);
#853=B_SPLINE_CURVE_WITH_KNOTS('',3,(#4869,#4870,#4871,#4872),
 .UNSPECIFIED.,.F.,.F.,(4,4),(-0.000566973062763992,2.66075856699746E-17),
 .UNSPECIFIED.);
#854=B_SPLINE_CURVE_WITH_KNOTS('',3,(#4889,#4890,#4891,#4892),
 .UNSPECIFIED.,.F.,.F.,(4,4),(0.487102748212282,0.487669618437816),
 .UNSPECIFIED.);
#855=B_SPLINE_CURVE_WITH_KNOTS('',3,(#4893,#4894,#4895,#4896),
 .UNSPECIFIED.,.F.,.F.,(4,4),(-0.487669618437816,-0.487102748212282),
 .UNSPECIFIED.);
#856=B_SPLINE_CURVE_WITH_KNOTS('',3,(#4930,#4931,#4932,#4933,#4934),
 .UNSPECIFIED.,.F.,.F.,(4,1,4),(7.90954123422497,9.23434067692732,9.95563807403161),
 .UNSPECIFIED.);
#857=B_SPLINE_CURVE_WITH_KNOTS('',3,(#4936,#4937,#4938,#4939,#4940,#4941,
#4942),.UNSPECIFIED.,.F.,.F.,(4,1,1,1,4),(-3.84596878949225,-3.62522505835584,
-3.18373759608301,-2.74225013381019,-2.30076267153737),.UNSPECIFIED.);
#858=B_SPLINE_CURVE_WITH_KNOTS('',3,(#4944,#4945,#4946,#4947,#4948),
 .UNSPECIFIED.,.F.,.F.,(4,1,4),(13.6466809457952,14.9366831328953,16.6566860490289),
 .UNSPECIFIED.);
#859=B_SPLINE_CURVE_WITH_KNOTS('',3,(#4952,#4953,#4954,#4955,#4956,#4957),
 .UNSPECIFIED.,.F.,.F.,(4,2,4),(-1.96819168505595,0.,0.00991430204283483),
 .UNSPECIFIED.);
#860=B_SPLINE_CURVE_WITH_KNOTS('',3,(#4959,#4960,#4961,#4962,#4963),
 .UNSPECIFIED.,.F.,.F.,(4,1,4),(8.14251119064238,9.8589071426634,11.1462041066792),
 .UNSPECIFIED.);
#861=B_SPLINE_CURVE_WITH_KNOTS('',3,(#4965,#4966,#4967,#4968,#4969,#4970,
#4971),.UNSPECIFIED.,.F.,.F.,(4,1,1,1,4),(-2.9248488722633,-2.59322124641951,
-2.26159362057572,-1.819423452784,-1.37725328499227),.UNSPECIFIED.);
#862=B_SPLINE_CURVE_WITH_KNOTS('',3,(#4973,#4974,#4975,#4976,#4977),
 .UNSPECIFIED.,.F.,.F.,(4,1,4),(3.03064343355378,4.08236575732395,5.07543790838062),
 .UNSPECIFIED.);
#863=B_SPLINE_CURVE_WITH_KNOTS('',3,(#5010,#5011,#5012,#5013,#5014,#5015,
#5016,#5017,#5018,#5019),.UNSPECIFIED.,.F.,.F.,(4,2,2,2,4),(0.605952791073516,
0.68416114949949,0.77867053633604,0.87317992317259,0.951388281598563),
 .UNSPECIFIED.);
#864=B_SPLINE_CURVE_WITH_KNOTS('',3,(#5024,#5025,#5026,#5027,#5028,#5029,
#5030,#5031,#5032,#5033,#5034,#5035,#5036,#5037),.UNSPECIFIED.,.F.,.F.,
(4,2,2,2,2,2,4),(0.868333278377445,0.983496470662441,1.13495712596751,1.28641778127259,
1.43953205446564,1.5926463276587,1.70463153558698),.UNSPECIFIED.);
#865=B_SPLINE_CURVE_WITH_KNOTS('',3,(#5042,#5043,#5044,#5045,#5046,#5047,
#5048,#5049,#5050,#5051),.UNSPECIFIED.,.F.,.F.,(4,2,2,2,4),(0.606015649749149,
0.684224008175119,0.778733395011669,0.873242781848219,0.95145114027419),
 .UNSPECIFIED.);
#866=B_SPLINE_CURVE_WITH_KNOTS('',3,(#5056,#5057,#5058,#5059,#5060,#5061,
#5062,#5063,#5064,#5065,#5066,#5067,#5068,#5069),.UNSPECIFIED.,.F.,.F.,
(4,2,2,2,2,2,4),(0.868190426245887,0.980175634174166,1.13328990736722,1.28640418056028,
1.43951845375333,1.59263272694639,1.70461793487466),.UNSPECIFIED.);
#867=B_SPLINE_CURVE_WITH_KNOTS('',3,(#5248,#5249,#5250,#5251,#5252,#5253,
#5254,#5255,#5256,#5257),.UNSPECIFIED.,.F.,.F.,(4,2,2,2,4),(0.,0.403045298399588,
0.847352119945408,1.25156800465492,1.64637540777368),.UNSPECIFIED.);
#868=B_SPLINE_CURVE_WITH_KNOTS('',3,(#5265,#5266,#5267,#5268,#5269,#5270,
#5271,#5272,#5273,#5274,#5275,#5276),.UNSPECIFIED.,.F.,.F.,(4,2,2,2,2,4),
(-0.0027759051118373,0.,0.169680402518185,0.509115205519961,0.839685793292551,
1.18009718594666),.UNSPECIFIED.);
#869=B_SPLINE_CURVE_WITH_KNOTS('',3,(#5337,#5338,#5339,#5340,#5341,#5342,
#5343,#5344,#5345,#5346),.UNSPECIFIED.,.F.,.F.,(4,2,2,2,4),(-0.361671671337871,
-0.225596928174356,-0.1129096629727,0.,0.000754346801882129),
 .UNSPECIFIED.);
#870=B_SPLINE_CURVE_WITH_KNOTS('',3,(#5350,#5351,#5352,#5353,#5354,#5355,
#5356,#5357,#5358,#5359),.UNSPECIFIED.,.F.,.F.,(4,2,2,2,4),(-0.362140806016352,
-0.36138697081076,-0.248566179040646,-0.135967610447495,0.),
 .UNSPECIFIED.);
#871=B_SPLINE_CURVE_WITH_KNOTS('',3,(#5382,#5383,#5384,#5385),
 .UNSPECIFIED.,.F.,.F.,(4,4),(-9.87702095507766,-9.30785377862892),
 .UNSPECIFIED.);
#872=B_SPLINE_CURVE_WITH_KNOTS('',3,(#5407,#5408,#5409,#5410),
 .UNSPECIFIED.,.F.,.F.,(4,4),(-7.56400829266799,-6.99366511521141),
 .UNSPECIFIED.);
#873=B_SPLINE_CURVE_WITH_KNOTS('',3,(#5414,#5415,#5416,#5417,#5418,#5419,
#5420,#5421,#5422,#5423),.UNSPECIFIED.,.F.,.F.,(4,2,2,2,4),(-0.362170683177565,
-0.226144466646028,-0.113192884363168,0.,0.000755032517619816),
 .UNSPECIFIED.);
#874=B_SPLINE_CURVE_WITH_KNOTS('',3,(#5427,#5428,#5429,#5430,#5431,#5432,
#5433,#5434,#5435,#5436),.UNSPECIFIED.,.F.,.F.,(4,2,2,2,4),(-0.362625528544273,
-0.361870967693883,-0.248771775079435,-0.135913630571641,0.),
 .UNSPECIFIED.);
#875=B_SPLINE_CURVE_WITH_KNOTS('',3,(#5459,#5460,#5461,#5462),
 .UNSPECIFIED.,.F.,.F.,(4,4),(-9.92002780120177,-9.35767646428276),
 .UNSPECIFIED.);
#876=B_SPLINE_CURVE_WITH_KNOTS('',3,(#5484,#5485,#5486,#5487),
 .UNSPECIFIED.,.F.,.F.,(4,4),(-7.56849435265886,-7.00578472826652),
 .UNSPECIFIED.);
#877=B_SPLINE_CURVE_WITH_KNOTS('',3,(#5555,#5556,#5557,#5558,#5559),
 .UNSPECIFIED.,.F.,.F.,(4,1,4),(3.0305851433975,3.75756333498587,5.07543790838062),
 .UNSPECIFIED.);
#878=B_SPLINE_CURVE_WITH_KNOTS('',3,(#5561,#5562,#5563,#5564,#5565,#5566,
#5567),.UNSPECIFIED.,.F.,.F.,(4,1,1,1,4),(-2.9248488722633,-2.59322124641951,
-2.26159362057572,-1.819423452784,-1.37725328499227),.UNSPECIFIED.);
#879=B_SPLINE_CURVE_WITH_KNOTS('',3,(#5569,#5570,#5571,#5572,#5573),
 .UNSPECIFIED.,.F.,.F.,(4,1,4),(8.14251119064238,9.8589071426634,11.1462041066792),
 .UNSPECIFIED.);
#880=B_SPLINE_CURVE_WITH_KNOTS('',3,(#5575,#5576,#5577,#5578),
 .UNSPECIFIED.,.F.,.F.,(4,4),(-1.96819168505595,0.00991430204283483),
 .UNSPECIFIED.);
#881=B_SPLINE_CURVE_WITH_KNOTS('',3,(#5582,#5583,#5584,#5585,#5586),
 .UNSPECIFIED.,.F.,.F.,(4,1,4),(13.6466809457952,14.9366831328953,16.6566860490289),
 .UNSPECIFIED.);
#882=B_SPLINE_CURVE_WITH_KNOTS('',3,(#5588,#5589,#5590,#5591,#5592,#5593,
#5594),.UNSPECIFIED.,.F.,.F.,(4,1,1,1,4),(-3.84596878949225,-3.62522505835584,
-3.18373759608301,-2.74225013381019,-2.30076267153737),.UNSPECIFIED.);
#883=B_SPLINE_CURVE_WITH_KNOTS('',3,(#5596,#5597,#5598,#5599,#5600),
 .UNSPECIFIED.,.F.,.F.,(4,1,4),(7.90954123422497,8.8984712117263,9.95546443741044),
 .UNSPECIFIED.);
#884=B_SPLINE_CURVE_WITH_KNOTS('',3,(#5654,#5655,#5656,#5657,#5658),
 .UNSPECIFIED.,.F.,.F.,(4,1,4),(0.,0.980690283529405,1.71620799617646),
 .UNSPECIFIED.);
#885=B_SPLINE_CURVE_WITH_KNOTS('',3,(#5664,#5665,#5666,#5667),
 .UNSPECIFIED.,.F.,.F.,(4,4),(-1.00130922722051,0.392975093685038),
 .UNSPECIFIED.);
#886=B_SPLINE_CURVE_WITH_KNOTS('',3,(#5749,#5750,#5751,#5752,#5753,#5754),
 .UNSPECIFIED.,.F.,.F.,(4,1,1,4),(0.,0.285714285714286,0.571428571428571,
1.),.UNSPECIFIED.);
#887=B_SPLINE_CURVE_WITH_KNOTS('',3,(#5755,#5756,#5757,#5758,#5759),
 .UNSPECIFIED.,.F.,.F.,(4,1,4),(0.,0.735517712633287,1.71620799614434),
 .UNSPECIFIED.);
#888=B_SPLINE_CURVE_WITH_KNOTS('',3,(#5760,#5761,#5762,#5763,#5764),
 .UNSPECIFIED.,.F.,.F.,(4,1,4),(-1.71620799614434,-0.735517712633287,0.),
 .UNSPECIFIED.);
#889=B_SPLINE_CURVE_WITH_KNOTS('',3,(#5796,#5797,#5798,#5799,#5800,#5801),
 .UNSPECIFIED.,.F.,.F.,(4,1,1,4),(0.,0.285714285714286,0.571428571428571,
1.),.UNSPECIFIED.);
#890=B_SPLINE_CURVE_WITH_KNOTS('',3,(#5802,#5803,#5804,#5805,#5806),
 .UNSPECIFIED.,.F.,.F.,(4,1,4),(-1.71620799617646,-0.980690283529405,0.),
 .UNSPECIFIED.);
#891=B_SPLINE_CURVE_WITH_KNOTS('',3,(#5832,#5833,#5834,#5835,#5836,#5837,
#5838,#5839,#5840,#5841),.UNSPECIFIED.,.F.,.F.,(4,2,2,2,4),(0.,0.309700442132548,
0.665413110698822,0.938765539849923,1.20572065103501),.UNSPECIFIED.);
#892=B_SPLINE_CURVE_WITH_KNOTS('',3,(#5842,#5843,#5844,#5845),
 .UNSPECIFIED.,.F.,.F.,(4,4),(0.267576436927387,1.00130922722051),
 .UNSPECIFIED.);
#893=B_SPLINE_CURVE_WITH_KNOTS('',3,(#5871,#5872,#5873,#5874),
 .UNSPECIFIED.,.F.,.F.,(4,4),(0.,1.00130922745386),.UNSPECIFIED.);
#894=B_SPLINE_CURVE_WITH_KNOTS('',3,(#5876,#5877,#5878,#5879,#5880,#5881),
 .UNSPECIFIED.,.F.,.F.,(4,1,1,4),(-0.613777558927852,-0.571428571428571,
-0.285714285714286,0.),.UNSPECIFIED.);
#895=B_SPLINE_CURVE_WITH_KNOTS('',3,(#5883,#5884,#5885,#5886,#5887,#5888),
 .UNSPECIFIED.,.F.,.F.,(4,2,4),(-0.458418209313506,-0.231132997211518,0.),
 .UNSPECIFIED.);
#896=B_SPLINE_CURVE_WITH_KNOTS('',3,(#5889,#5890,#5891,#5892),
 .UNSPECIFIED.,.F.,.F.,(4,4),(-1.00130922745386,-0.267668962861099),
 .UNSPECIFIED.);
#897=B_SPLINE_CURVE_WITH_KNOTS('',3,(#5915,#5916,#5917,#5918,#5919,#5920,
#5921,#5922),.UNSPECIFIED.,.F.,.F.,(4,2,2,4),(0.121434197473219,0.333042284520105,
0.52446796775129,0.713022717132678),.UNSPECIFIED.);
#898=B_SPLINE_CURVE_WITH_KNOTS('',3,(#5923,#5924,#5925,#5926),
 .UNSPECIFIED.,.F.,.F.,(4,4),(0.,0.121434197473219),.UNSPECIFIED.);
#899=B_SPLINE_CURVE_WITH_KNOTS('',3,(#5927,#5928,#5929,#5930),
 .UNSPECIFIED.,.F.,.F.,(4,4),(-0.37601160599518,0.),.UNSPECIFIED.);
#900=B_SPLINE_CURVE_WITH_KNOTS('',3,(#5957,#5958,#5959,#5960,#5961),
 .UNSPECIFIED.,.F.,.F.,(4,1,4),(-1.,-0.481066147639864,-0.0918657583697626),
 .UNSPECIFIED.);
#901=B_SPLINE_CURVE_WITH_KNOTS('',3,(#5962,#5963,#5964,#5965,#5966,#5967,
#5968,#5969,#5970,#5971,#5972,#5973,#5974,#5975,#5976,#5977,#5978,#5979,
#5980,#5981,#5982,#5983,#5984,#5985,#5986,#5987,#5988,#5989,#5990,#5991,
#5992,#5993,#5994,#5995,#5996,#5997,#5998,#5999,#6000,#6001,#6002,#6003,
#6004,#6005,#6006,#6007),.UNSPECIFIED.,.F.,.F.,(4,3,3,3,3,3,3,3,3,3,3,3,
3,3,3,4),(0.0109547821206456,0.158937704505782,0.325686745528647,0.502796704319916,
0.64505896445755,0.774920737159586,0.896198696836615,0.944805738096464,
1.08178699010152,1.26522886852788,1.38777010815862,1.4947162070707,1.59351973996608,
1.68892964619235,1.78119840331224,1.81555450380694),.UNSPECIFIED.);
#902=B_SPLINE_CURVE_WITH_KNOTS('',3,(#6026,#6027,#6028,#6029,#6030,#6031,
#6032,#6033,#6034,#6035),.UNSPECIFIED.,.F.,.F.,(4,2,2,2,4),(-0.599703420532618,
-0.458346989335143,-0.332611356611462,-0.1676451993252,0.),
 .UNSPECIFIED.);
#903=B_SPLINE_CURVE_WITH_KNOTS('',3,(#6037,#6038,#6039,#6040,#6041,#6042,
#6043,#6044),.UNSPECIFIED.,.F.,.F.,(4,2,2,4),(-2.84059224991707,-2.82720698586272,
-1.46615632469039,0.),.UNSPECIFIED.);
#904=B_SPLINE_CURVE_WITH_KNOTS('',3,(#6048,#6049,#6050,#6051,#6052,#6053,
#6054,#6055),.UNSPECIFIED.,.F.,.F.,(4,2,2,4),(-2.86917102392747,-1.37741949364005,
0.,0.0134882562098981),.UNSPECIFIED.);
#905=B_SPLINE_CURVE_WITH_KNOTS('',3,(#6057,#6058,#6059,#6060,#6061,#6062,
#6063,#6064,#6065,#6066),.UNSPECIFIED.,.F.,.F.,(4,2,2,2,4),(-0.599393805950989,
-0.453416467601165,-0.303661794726218,-0.154464417210578,0.),
 .UNSPECIFIED.);
#906=B_SPLINE_CURVE_WITH_KNOTS('',3,(#6067,#6068,#6069,#6070,#6071,#6072,
#6073,#6074,#6075,#6076,#6077,#6078,#6079,#6080,#6081,#6082,#6083,#6084,
#6085,#6086,#6087,#6088,#6089,#6090,#6091,#6092,#6093,#6094,#6095,#6096,
#6097,#6098,#6099,#6100,#6101,#6102,#6103,#6104,#6105,#6106,#6107,#6108,
#6109,#6110,#6111,#6112,#6113,#6114,#6115),.UNSPECIFIED.,.F.,.F.,(4,3,3,
3,3,3,3,3,3,3,3,3,3,3,3,3,4),(-2.1484382663972,-1.99521275556788,-1.8402042828734,
-1.67282809173128,-1.49042512967314,-1.24494720888524,-1.19202219179569,
-1.0579707004494,-1.03839529269166,-0.897875869078915,-0.718640967080357,
-0.54833966563391,-0.411254749225432,-0.294370184806794,-0.182435901869118,
-0.0753386959328481,0.),.UNSPECIFIED.);
#907=B_SPLINE_CURVE_WITH_KNOTS('',3,(#6154,#6155,#6156,#6157,#6158),
 .UNSPECIFIED.,.F.,.F.,(4,1,4),(-1.,-0.610799610729898,-0.0918657583697626),
 .UNSPECIFIED.);
#908=B_SPLINE_CURVE_WITH_KNOTS('',3,(#6187,#6188,#6189,#6190),
 .UNSPECIFIED.,.F.,.F.,(4,4),(-1.,-0.0446992974064786),.UNSPECIFIED.);
#909=B_SPLINE_CURVE_WITH_KNOTS('',3,(#6211,#6212,#6213,#6214),
 .UNSPECIFIED.,.F.,.F.,(4,4),(-1.,0.),.UNSPECIFIED.);
#910=B_SPLINE_CURVE_WITH_KNOTS('',3,(#6254,#6255,#6256,#6257),
 .UNSPECIFIED.,.F.,.F.,(4,4),(-1.,-0.0447006731978542),.UNSPECIFIED.);
#911=B_SPLINE_CURVE_WITH_KNOTS('',3,(#6359,#6360,#6361,#6362,#6363),
 .UNSPECIFIED.,.F.,.F.,(4,1,4),(0.,0.980690283529405,1.71620799617646),
 .UNSPECIFIED.);
#912=B_SPLINE_CURVE_WITH_KNOTS('',3,(#6367,#6368,#6369,#6370,#6371),
 .UNSPECIFIED.,.F.,.F.,(4,1,4),(-1.00130922722051,0.0219642271692042,0.789419317961491),
 .UNSPECIFIED.);
#913=B_SPLINE_CURVE_WITH_KNOTS('',3,(#6486,#6487,#6488,#6489,#6490),
 .UNSPECIFIED.,.F.,.F.,(4,1,4),(-1.71620799614434,-0.735517712633287,0.),
 .UNSPECIFIED.);
#914=B_SPLINE_CURVE_WITH_KNOTS('',3,(#6491,#6492,#6493,#6494,#6495),
 .UNSPECIFIED.,.F.,.F.,(4,1,4),(0.,0.735517712633287,1.71620799614434),
 .UNSPECIFIED.);
#915=B_SPLINE_CURVE_WITH_KNOTS('',3,(#6528,#6529,#6530,#6531,#6532),
 .UNSPECIFIED.,.F.,.F.,(4,1,4),(-1.71620799617646,-0.980690283529405,0.),
 .UNSPECIFIED.);
#916=B_SPLINE_CURVE_WITH_KNOTS('',3,(#6563,#6564,#6565,#6566),
 .UNSPECIFIED.,.F.,.F.,(4,4),(-1.07018701887637E-7,1.00130922722051),
 .UNSPECIFIED.);
#917=B_SPLINE_CURVE_WITH_KNOTS('',3,(#6591,#6592,#6593,#6594),
 .UNSPECIFIED.,.F.,.F.,(4,4),(-1.00130922745386,0.),.UNSPECIFIED.);
#918=B_SPLINE_CURVE_WITH_KNOTS('',3,(#6597,#6598,#6599,#6600),
 .UNSPECIFIED.,.F.,.F.,(4,4),(0.,1.00130922745386),.UNSPECIFIED.);
#919=B_SPLINE_CURVE_WITH_KNOTS('',3,(#6637,#6638,#6639,#6640,#6641),
 .UNSPECIFIED.,.F.,.F.,(4,1,4),(-0.754747711331888,-0.577317697250268,0.),
 .UNSPECIFIED.);
#920=LINE('',#4503,#1111);
#921=LINE('',#4524,#1112);
#922=LINE('',#4546,#1113);
#923=LINE('',#4550,#1114);
#924=LINE('',#4624,#1115);
#925=LINE('',#4627,#1116);
#926=LINE('',#4632,#1117);
#927=LINE('',#4667,#1118);
#928=LINE('',#4671,#1119);
#929=LINE('',#4677,#1120);
#930=LINE('',#4748,#1121);
#931=LINE('',#4818,#1122);
#932=LINE('',#4837,#1123);
#933=LINE('',#4841,#1124);
#934=LINE('',#4845,#1125);
#935=LINE('',#4900,#1126);
#936=LINE('',#4903,#1127);
#937=LINE('',#4907,#1128);
#938=LINE('',#4911,#1129);
#939=LINE('',#4915,#1130);
#940=LINE('',#4919,#1131);
#941=LINE('',#4922,#1132);
#942=LINE('',#4924,#1133);
#943=LINE('',#4928,#1134);
#944=LINE('',#4950,#1135);
#945=LINE('',#4979,#1136);
#946=LINE('',#4982,#1137);
#947=LINE('',#4985,#1138);
#948=LINE('',#4987,#1139);
#949=LINE('',#4989,#1140);
#950=LINE('',#4990,#1141);
#951=LINE('',#4993,#1142);
#952=LINE('',#4995,#1143);
#953=LINE('',#4997,#1144);
#954=LINE('',#4998,#1145);
#955=LINE('',#5085,#1146);
#956=LINE('',#5091,#1147);
#957=LINE('',#5096,#1148);
#958=LINE('',#5102,#1149);
#959=LINE('',#5107,#1150);
#960=LINE('',#5113,#1151);
#961=LINE('',#5118,#1152);
#962=LINE('',#5124,#1153);
#963=LINE('',#5130,#1154);
#964=LINE('',#5131,#1155);
#965=LINE('',#5132,#1156);
#966=LINE('',#5135,#1157);
#967=LINE('',#5136,#1158);
#968=LINE('',#5139,#1159);
#969=LINE('',#5140,#1160);
#970=LINE('',#5142,#1161);
#971=LINE('',#5147,#1162);
#972=LINE('',#5157,#1163);
#973=LINE('',#5163,#1164);
#974=LINE('',#5171,#1165);
#975=LINE('',#5174,#1166);
#976=LINE('',#5177,#1167);
#977=LINE('',#5185,#1168);
#978=LINE('',#5187,#1169);
#979=LINE('',#5188,#1170);
#980=LINE('',#5191,#1171);
#981=LINE('',#5192,#1172);
#982=LINE('',#5195,#1173);
#983=LINE('',#5196,#1174);
#984=LINE('',#5198,#1175);
#985=LINE('',#5201,#1176);
#986=LINE('',#5205,#1177);
#987=LINE('',#5209,#1178);
#988=LINE('',#5213,#1179);
#989=LINE('',#5219,#1180);
#990=LINE('',#5225,#1181);
#991=LINE('',#5231,#1182);
#992=LINE('',#5237,#1183);
#993=LINE('',#5243,#1184);
#994=LINE('',#5261,#1185);
#995=LINE('',#5278,#1186);
#996=LINE('',#5280,#1187);
#997=LINE('',#5284,#1188);
#998=LINE('',#5286,#1189);
#999=LINE('',#5288,#1190);
#1000=LINE('',#5291,#1191);
#1001=LINE('',#5298,#1192);
#1002=LINE('',#5300,#1193);
#1003=LINE('',#5302,#1194);
#1004=LINE('',#5303,#1195);
#1005=LINE('',#5309,#1196);
#1006=LINE('',#5312,#1197);
#1007=LINE('',#5317,#1198);
#1008=LINE('',#5320,#1199);
#1009=LINE('',#5325,#1200);
#1010=LINE('',#5328,#1201);
#1011=LINE('',#5333,#1202);
#1012=LINE('',#5348,#1203);
#1013=LINE('',#5360,#1204);
#1014=LINE('',#5425,#1205);
#1015=LINE('',#5437,#1206);
#1016=LINE('',#5496,#1207);
#1017=LINE('',#5500,#1208);
#1018=LINE('',#5505,#1209);
#1019=LINE('',#5506,#1210);
#1020=LINE('',#5507,#1211);
#1021=LINE('',#5510,#1212);
#1022=LINE('',#5511,#1213);
#1023=LINE('',#5514,#1214);
#1024=LINE('',#5515,#1215);
#1025=LINE('',#5517,#1216);
#1026=LINE('',#5520,#1217);
#1027=LINE('',#5524,#1218);
#1028=LINE('',#5527,#1219);
#1029=LINE('',#5532,#1220);
#1030=LINE('',#5536,#1221);
#1031=LINE('',#5540,#1222);
#1032=LINE('',#5544,#1223);
#1033=LINE('',#5547,#1224);
#1034=LINE('',#5549,#1225);
#1035=LINE('',#5553,#1226);
#1036=LINE('',#5580,#1227);
#1037=LINE('',#5602,#1228);
#1038=LINE('',#5604,#1229);
#1039=LINE('',#5605,#1230);
#1040=LINE('',#5610,#1231);
#1041=LINE('',#5615,#1232);
#1042=LINE('',#5617,#1233);
#1043=LINE('',#5619,#1234);
#1044=LINE('',#5620,#1235);
#1045=LINE('',#5626,#1236);
#1046=LINE('',#5629,#1237);
#1047=LINE('',#5631,#1238);
#1048=LINE('',#5632,#1239);
#1049=LINE('',#5637,#1240);
#1050=LINE('',#5640,#1241);
#1051=LINE('',#5641,#1242);
#1052=LINE('',#5647,#1243);
#1053=LINE('',#5650,#1244);
#1054=LINE('',#5652,#1245);
#1055=LINE('',#5659,#1246);
#1056=LINE('',#5670,#1247);
#1057=LINE('',#5673,#1248);
#1058=LINE('',#5675,#1249);
#1059=LINE('',#5676,#1250);
#1060=LINE('',#5682,#1251);
#1061=LINE('',#5693,#1252);
#1062=LINE('',#5701,#1253);
#1063=LINE('',#6011,#1254);
#1064=LINE('',#6014,#1255);
#1065=LINE('',#6015,#1256);
#1066=LINE('',#6019,#1257);
#1067=LINE('',#6022,#1258);
#1068=LINE('',#6023,#1259);
#1069=LINE('',#6046,#1260);
#1070=LINE('',#6120,#1261);
#1071=LINE('',#6123,#1262);
#1072=LINE('',#6124,#1263);
#1073=LINE('',#6128,#1264);
#1074=LINE('',#6289,#1265);
#1075=LINE('',#6291,#1266);
#1076=LINE('',#6297,#1267);
#1077=LINE('',#6301,#1268);
#1078=LINE('',#6305,#1269);
#1079=LINE('',#6309,#1270);
#1080=LINE('',#6313,#1271);
#1081=LINE('',#6317,#1272);
#1082=LINE('',#6321,#1273);
#1083=LINE('',#6325,#1274);
#1084=LINE('',#6328,#1275);
#1085=LINE('',#6331,#1276);
#1086=LINE('',#6333,#1277);
#1087=LINE('',#6334,#1278);
#1088=LINE('',#6337,#1279);
#1089=LINE('',#6341,#1280);
#1090=LINE('',#6342,#1281);
#1091=LINE('',#6345,#1282);
#1092=LINE('',#6349,#1283);
#1093=LINE('',#6350,#1284);
#1094=LINE('',#6353,#1285);
#1095=LINE('',#6357,#1286);
#1096=LINE('',#6364,#1287);
#1097=LINE('',#6366,#1288);
#1098=LINE('',#6373,#1289);
#1099=LINE('',#6378,#1290);
#1100=LINE('',#6394,#1291);
#1101=LINE('',#6411,#1292);
#1102=LINE('',#6419,#1293);
#1103=LINE('',#6669,#1294);
#1104=LINE('',#6671,#1295);
#1105=LINE('',#6673,#1296);
#1106=LINE('',#6675,#1297);
#1107=LINE('',#6677,#1298);
#1108=LINE('',#6679,#1299);
#1109=LINE('',#6681,#1300);
#1110=LINE('',#6835,#1301);
#1111=VECTOR('',#3560,10.);
#1112=VECTOR('',#3561,10.);
#1113=VECTOR('',#3564,10.);
#1114=VECTOR('',#3567,10.);
#1115=VECTOR('',#3590,1.64999999999999);
#1116=VECTOR('',#3593,10.);
#1117=VECTOR('',#3598,10.);
#1118=VECTOR('',#3605,1.64999999999999);
#1119=VECTOR('',#3608,10.);
#1120=VECTOR('',#3613,10.);
#1121=VECTOR('',#3634,1.64999999999999);
#1122=VECTOR('',#3635,10.);
#1123=VECTOR('',#3636,10.);
#1124=VECTOR('',#3639,10.);
#1125=VECTOR('',#3642,10.);
#1126=VECTOR('',#3651,1.64999999999999);
#1127=VECTOR('',#3654,10.);
#1128=VECTOR('',#3657,10.);
#1129=VECTOR('',#3660,10.);
#1130=VECTOR('',#3663,10.);
#1131=VECTOR('',#3666,10.);
#1132=VECTOR('',#3669,10.);
#1133=VECTOR('',#3670,10.);
#1134=VECTOR('',#3673,10.);
#1135=VECTOR('',#3674,15.);
#1136=VECTOR('',#3675,10.);
#1137=VECTOR('',#3678,10.);
#1138=VECTOR('',#3679,10.);
#1139=VECTOR('',#3680,10.);
#1140=VECTOR('',#3681,10.);
#1141=VECTOR('',#3682,10.);
#1142=VECTOR('',#3683,10.);
#1143=VECTOR('',#3684,10.);
#1144=VECTOR('',#3685,10.);
#1145=VECTOR('',#3686,10.);
#1146=VECTOR('',#3729,2.5);
#1147=VECTOR('',#3736,4.);
#1148=VECTOR('',#3743,2.5);
#1149=VECTOR('',#3750,4.);
#1150=VECTOR('',#3757,2.5);
#1151=VECTOR('',#3764,3.99999999999999);
#1152=VECTOR('',#3771,2.5);
#1153=VECTOR('',#3778,4.);
#1154=VECTOR('',#3785,10.);
#1155=VECTOR('',#3786,10.);
#1156=VECTOR('',#3787,10.);
#1157=VECTOR('',#3790,10.);
#1158=VECTOR('',#3791,10.);
#1159=VECTOR('',#3794,10.);
#1160=VECTOR('',#3795,10.);
#1161=VECTOR('',#3798,10.);
#1162=VECTOR('',#3803,2.99999999999999);
#1163=VECTOR('',#3816,2.5);
#1164=VECTOR('',#3823,4.);
#1165=VECTOR('',#3832,10.);
#1166=VECTOR('',#3835,10.);
#1167=VECTOR('',#3838,2.5);
#1168=VECTOR('',#3851,10.);
#1169=VECTOR('',#3852,10.);
#1170=VECTOR('',#3853,10.);
#1171=VECTOR('',#3856,10.);
#1172=VECTOR('',#3857,10.);
#1173=VECTOR('',#3860,10.);
#1174=VECTOR('',#3861,10.);
#1175=VECTOR('',#3864,10.);
#1176=VECTOR('',#3867,1.45);
#1177=VECTOR('',#3872,1.45);
#1178=VECTOR('',#3877,1.45);
#1179=VECTOR('',#3882,1.45000000000001);
#1180=VECTOR('',#3889,3.49999999999994);
#1181=VECTOR('',#3896,3.49999999999994);
#1182=VECTOR('',#3903,3.00000000000004);
#1183=VECTOR('',#3910,3.00000000000004);
#1184=VECTOR('',#3917,1.55);
#1185=VECTOR('',#3924,10.);
#1186=VECTOR('',#3927,10.);
#1187=VECTOR('',#3928,10.);
#1188=VECTOR('',#3931,10.);
#1189=VECTOR('',#3932,15.);
#1190=VECTOR('',#3933,10.);
#1191=VECTOR('',#3936,10.);
#1192=VECTOR('',#3941,10.);
#1193=VECTOR('',#3942,10.);
#1194=VECTOR('',#3943,10.);
#1195=VECTOR('',#3944,10.);
#1196=VECTOR('',#3951,1.05);
#1197=VECTOR('',#3954,1.55);
#1198=VECTOR('',#3961,1.05);
#1199=VECTOR('',#3964,1.55);
#1200=VECTOR('',#3971,1.05);
#1201=VECTOR('',#3974,1.55);
#1202=VECTOR('',#3981,1.05);
#1203=VECTOR('',#3984,3.5);
#1204=VECTOR('',#3985,10.);
#1205=VECTOR('',#3992,3.5);
#1206=VECTOR('',#3993,10.);
#1207=VECTOR('',#4008,12.9541401244644);
#1208=VECTOR('',#4013,12.9541401244645);
#1209=VECTOR('',#4018,10.);
#1210=VECTOR('',#4019,10.);
#1211=VECTOR('',#4020,10.);
#1212=VECTOR('',#4023,10.);
#1213=VECTOR('',#4024,10.);
#1214=VECTOR('',#4027,10.);
#1215=VECTOR('',#4028,10.);
#1216=VECTOR('',#4031,10.);
#1217=VECTOR('',#4034,10.);
#1218=VECTOR('',#4037,10.);
#1219=VECTOR('',#4040,10.);
#1220=VECTOR('',#4045,10.);
#1221=VECTOR('',#4048,10.);
#1222=VECTOR('',#4051,10.);
#1223=VECTOR('',#4054,10.);
#1224=VECTOR('',#4057,10.);
#1225=VECTOR('',#4058,10.);
#1226=VECTOR('',#4061,10.);
#1227=VECTOR('',#4062,15.);
#1228=VECTOR('',#4063,10.);
#1229=VECTOR('',#4066,10.);
#1230=VECTOR('',#4067,10.);
#1231=VECTOR('',#4072,10.);
#1232=VECTOR('',#4077,10.);
#1233=VECTOR('',#4078,10.);
#1234=VECTOR('',#4079,10.);
#1235=VECTOR('',#4080,10.);
#1236=VECTOR('',#4087,10.);
#1237=VECTOR('',#4090,10.);
#1238=VECTOR('',#4091,10.);
#1239=VECTOR('',#4092,10.);
#1240=VECTOR('',#4099,10.);
#1241=VECTOR('',#4102,10.);
#1242=VECTOR('',#4103,10.);
#1243=VECTOR('',#4110,10.);
#1244=VECTOR('',#4113,10.);
#1245=VECTOR('',#4114,10.);
#1246=VECTOR('',#4115,10.);
#1247=VECTOR('',#4122,10.);
#1248=VECTOR('',#4125,10.);
#1249=VECTOR('',#4126,10.);
#1250=VECTOR('',#4127,10.);
#1251=VECTOR('',#4134,10.);
#1252=VECTOR('',#4151,10.);
#1253=VECTOR('',#4162,10.);
#1254=VECTOR('',#4197,10.);
#1255=VECTOR('',#4200,10.);
#1256=VECTOR('',#4201,10.);
#1257=VECTOR('',#4206,10.);
#1258=VECTOR('',#4209,10.);
#1259=VECTOR('',#4210,10.);
#1260=VECTOR('',#4213,15.);
#1261=VECTOR('',#4220,10.);
#1262=VECTOR('',#4223,10.);
#1263=VECTOR('',#4224,10.);
#1264=VECTOR('',#4229,10.);
#1265=VECTOR('',#4240,10.);
#1266=VECTOR('',#4243,10.);
#1267=VECTOR('',#4248,10.);
#1268=VECTOR('',#4251,10.);
#1269=VECTOR('',#4254,10.);
#1270=VECTOR('',#4257,10.);
#1271=VECTOR('',#4260,10.);
#1272=VECTOR('',#4263,10.);
#1273=VECTOR('',#4266,10.);
#1274=VECTOR('',#4269,10.);
#1275=VECTOR('',#4272,10.);
#1276=VECTOR('',#4275,10.);
#1277=VECTOR('',#4276,10.);
#1278=VECTOR('',#4277,10.);
#1279=VECTOR('',#4280,10.);
#1280=VECTOR('',#4285,10.);
#1281=VECTOR('',#4286,10.);
#1282=VECTOR('',#4289,10.);
#1283=VECTOR('',#4294,10.);
#1284=VECTOR('',#4295,10.);
#1285=VECTOR('',#4298,10.);
#1286=VECTOR('',#4303,10.);
#1287=VECTOR('',#4304,10.);
#1288=VECTOR('',#4307,10.);
#1289=VECTOR('',#4310,10.);
#1290=VECTOR('',#4315,10.);
#1291=VECTOR('',#4324,10.);
#1292=VECTOR('',#4335,10.);
#1293=VECTOR('',#4346,10.);
#1294=VECTOR('',#4387,10.);
#1295=VECTOR('',#4390,10.);
#1296=VECTOR('',#4393,10.);
#1297=VECTOR('',#4396,10.);
#1298=VECTOR('',#4399,10.);
#1299=VECTOR('',#4402,10.);
#1300=VECTOR('',#4405,10.);
#1301=VECTOR('',#4422,10.);
#1302=VERTEX_POINT('',#4501);
#1303=VERTEX_POINT('',#4502);
#1304=VERTEX_POINT('',#4504);
#1305=VERTEX_POINT('',#4523);
#1306=VERTEX_POINT('',#4544);
#1307=VERTEX_POINT('',#4545);
#1308=VERTEX_POINT('',#4547);
#1309=VERTEX_POINT('',#4549);
#1310=VERTEX_POINT('',#4551);
#1311=VERTEX_POINT('',#4603);
#1312=VERTEX_POINT('',#4605);
#1313=VERTEX_POINT('',#4607);
#1314=VERTEX_POINT('',#4609);
#1315=VERTEX_POINT('',#4611);
#1316=VERTEX_POINT('',#4613);
#1317=VERTEX_POINT('',#4622);
#1318=VERTEX_POINT('',#4626);
#1319=VERTEX_POINT('',#4628);
#1320=VERTEX_POINT('',#4630);
#1321=VERTEX_POINT('',#4665);
#1322=VERTEX_POINT('',#4669);
#1323=VERTEX_POINT('',#4670);
#1324=VERTEX_POINT('',#4672);
#1325=VERTEX_POINT('',#4674);
#1326=VERTEX_POINT('',#4676);
#1327=VERTEX_POINT('',#4716);
#1328=VERTEX_POINT('',#4718);
#1329=VERTEX_POINT('',#4720);
#1330=VERTEX_POINT('',#4722);
#1331=VERTEX_POINT('',#4724);
#1332=VERTEX_POINT('',#4726);
#1333=VERTEX_POINT('',#4746);
#1334=VERTEX_POINT('',#4817);
#1335=VERTEX_POINT('',#4819);
#1336=VERTEX_POINT('',#4839);
#1337=VERTEX_POINT('',#4840);
#1338=VERTEX_POINT('',#4842);
#1339=VERTEX_POINT('',#4844);
#1340=VERTEX_POINT('',#4846);
#1341=VERTEX_POINT('',#4898);
#1342=VERTEX_POINT('',#4902);
#1343=VERTEX_POINT('',#4904);
#1344=VERTEX_POINT('',#4906);
#1345=VERTEX_POINT('',#4908);
#1346=VERTEX_POINT('',#4910);
#1347=VERTEX_POINT('',#4912);
#1348=VERTEX_POINT('',#4914);
#1349=VERTEX_POINT('',#4916);
#1350=VERTEX_POINT('',#4918);
#1351=VERTEX_POINT('',#4920);
#1352=VERTEX_POINT('',#4923);
#1353=VERTEX_POINT('',#4925);
#1354=VERTEX_POINT('',#4927);
#1355=VERTEX_POINT('',#4929);
#1356=VERTEX_POINT('',#4935);
#1357=VERTEX_POINT('',#4943);
#1358=VERTEX_POINT('',#4949);
#1359=VERTEX_POINT('',#4951);
#1360=VERTEX_POINT('',#4958);
#1361=VERTEX_POINT('',#4964);
#1362=VERTEX_POINT('',#4972);
#1363=VERTEX_POINT('',#4978);
#1364=VERTEX_POINT('',#4980);
#1365=VERTEX_POINT('',#4983);
#1366=VERTEX_POINT('',#4984);
#1367=VERTEX_POINT('',#4986);
#1368=VERTEX_POINT('',#4988);
#1369=VERTEX_POINT('',#4991);
#1370=VERTEX_POINT('',#4992);
#1371=VERTEX_POINT('',#4994);
#1372=VERTEX_POINT('',#4996);
#1373=VERTEX_POINT('',#4999);
#1374=VERTEX_POINT('',#5001);
#1375=VERTEX_POINT('',#5003);
#1376=VERTEX_POINT('',#5005);
#1377=VERTEX_POINT('',#5008);
#1378=VERTEX_POINT('',#5009);
#1379=VERTEX_POINT('',#5022);
#1380=VERTEX_POINT('',#5023);
#1381=VERTEX_POINT('',#5040);
#1382=VERTEX_POINT('',#5041);
#1383=VERTEX_POINT('',#5054);
#1384=VERTEX_POINT('',#5055);
#1385=VERTEX_POINT('',#5072);
#1386=VERTEX_POINT('',#5075);
#1387=VERTEX_POINT('',#5078);
#1388=VERTEX_POINT('',#5081);
#1389=VERTEX_POINT('',#5084);
#1390=VERTEX_POINT('',#5088);
#1391=VERTEX_POINT('',#5090);
#1392=VERTEX_POINT('',#5095);
#1393=VERTEX_POINT('',#5099);
#1394=VERTEX_POINT('',#5101);
#1395=VERTEX_POINT('',#5106);
#1396=VERTEX_POINT('',#5110);
#1397=VERTEX_POINT('',#5112);
#1398=VERTEX_POINT('',#5117);
#1399=VERTEX_POINT('',#5121);
#1400=VERTEX_POINT('',#5123);
#1401=VERTEX_POINT('',#5128);
#1402=VERTEX_POINT('',#5129);
#1403=VERTEX_POINT('',#5134);
#1404=VERTEX_POINT('',#5138);
#1405=VERTEX_POINT('',#5144);
#1406=VERTEX_POINT('',#5146);
#1407=VERTEX_POINT('',#5150);
#1408=VERTEX_POINT('',#5153);
#1409=VERTEX_POINT('',#5156);
#1410=VERTEX_POINT('',#5160);
#1411=VERTEX_POINT('',#5162);
#1412=VERTEX_POINT('',#5167);
#1413=VERTEX_POINT('',#5168);
#1414=VERTEX_POINT('',#5170);
#1415=VERTEX_POINT('',#5172);
#1416=VERTEX_POINT('',#5176);
#1417=VERTEX_POINT('',#5184);
#1418=VERTEX_POINT('',#5186);
#1419=VERTEX_POINT('',#5190);
#1420=VERTEX_POINT('',#5194);
#1421=VERTEX_POINT('',#5200);
#1422=VERTEX_POINT('',#5204);
#1423=VERTEX_POINT('',#5208);
#1424=VERTEX_POINT('',#5212);
#1425=VERTEX_POINT('',#5216);
#1426=VERTEX_POINT('',#5218);
#1427=VERTEX_POINT('',#5222);
#1428=VERTEX_POINT('',#5224);
#1429=VERTEX_POINT('',#5228);
#1430=VERTEX_POINT('',#5230);
#1431=VERTEX_POINT('',#5234);
#1432=VERTEX_POINT('',#5236);
#1433=VERTEX_POINT('',#5240);
#1434=VERTEX_POINT('',#5242);
#1435=VERTEX_POINT('',#5246);
#1436=VERTEX_POINT('',#5247);
#1437=VERTEX_POINT('',#5258);
#1438=VERTEX_POINT('',#5260);
#1439=VERTEX_POINT('',#5262);
#1440=VERTEX_POINT('',#5264);
#1441=VERTEX_POINT('',#5277);
#1442=VERTEX_POINT('',#5279);
#1443=VERTEX_POINT('',#5281);
#1444=VERTEX_POINT('',#5283);
#1445=VERTEX_POINT('',#5285);
#1446=VERTEX_POINT('',#5287);
#1447=VERTEX_POINT('',#5289);
#1448=VERTEX_POINT('',#5292);
#1449=VERTEX_POINT('',#5294);
#1450=VERTEX_POINT('',#5296);
#1451=VERTEX_POINT('',#5297);
#1452=VERTEX_POINT('',#5299);
#1453=VERTEX_POINT('',#5301);
#1454=VERTEX_POINT('',#5304);
#1455=VERTEX_POINT('',#5307);
#1456=VERTEX_POINT('',#5311);
#1457=VERTEX_POINT('',#5315);
#1458=VERTEX_POINT('',#5319);
#1459=VERTEX_POINT('',#5323);
#1460=VERTEX_POINT('',#5327);
#1461=VERTEX_POINT('',#5331);
#1462=VERTEX_POINT('',#5335);
#1463=VERTEX_POINT('',#5336);
#1464=VERTEX_POINT('',#5347);
#1465=VERTEX_POINT('',#5349);
#1466=VERTEX_POINT('',#5412);
#1467=VERTEX_POINT('',#5413);
#1468=VERTEX_POINT('',#5424);
#1469=VERTEX_POINT('',#5426);
#1470=VERTEX_POINT('',#5489);
#1471=VERTEX_POINT('',#5492);
#1472=VERTEX_POINT('',#5495);
#1473=VERTEX_POINT('',#5499);
#1474=VERTEX_POINT('',#5503);
#1475=VERTEX_POINT('',#5504);
#1476=VERTEX_POINT('',#5509);
#1477=VERTEX_POINT('',#5513);
#1478=VERTEX_POINT('',#5519);
#1479=VERTEX_POINT('',#5521);
#1480=VERTEX_POINT('',#5523);
#1481=VERTEX_POINT('',#5525);
#1482=VERTEX_POINT('',#5529);
#1483=VERTEX_POINT('',#5531);
#1484=VERTEX_POINT('',#5533);
#1485=VERTEX_POINT('',#5535);
#1486=VERTEX_POINT('',#5537);
#1487=VERTEX_POINT('',#5539);
#1488=VERTEX_POINT('',#5541);
#1489=VERTEX_POINT('',#5543);
#1490=VERTEX_POINT('',#5545);
#1491=VERTEX_POINT('',#5548);
#1492=VERTEX_POINT('',#5550);
#1493=VERTEX_POINT('',#5552);
#1494=VERTEX_POINT('',#5554);
#1495=VERTEX_POINT('',#5560);
#1496=VERTEX_POINT('',#5568);
#1497=VERTEX_POINT('',#5574);
#1498=VERTEX_POINT('',#5579);
#1499=VERTEX_POINT('',#5581);
#1500=VERTEX_POINT('',#5587);
#1501=VERTEX_POINT('',#5595);
#1502=VERTEX_POINT('',#5601);
#1503=VERTEX_POINT('',#5607);
#1504=VERTEX_POINT('',#5609);
#1505=VERTEX_POINT('',#5613);
#1506=VERTEX_POINT('',#5614);
#1507=VERTEX_POINT('',#5616);
#1508=VERTEX_POINT('',#5618);
#1509=VERTEX_POINT('',#5622);
#1510=VERTEX_POINT('',#5624);
#1511=VERTEX_POINT('',#5628);
#1512=VERTEX_POINT('',#5630);
#1513=VERTEX_POINT('',#5634);
#1514=VERTEX_POINT('',#5639);
#1515=VERTEX_POINT('',#5643);
#1516=VERTEX_POINT('',#5645);
#1517=VERTEX_POINT('',#5649);
#1518=VERTEX_POINT('',#5651);
#1519=VERTEX_POINT('',#5653);
#1520=VERTEX_POINT('',#5661);
#1521=VERTEX_POINT('',#5663);
#1522=VERTEX_POINT('',#5668);
#1523=VERTEX_POINT('',#5672);
#1524=VERTEX_POINT('',#5674);
#1525=VERTEX_POINT('',#5678);
#1526=VERTEX_POINT('',#5680);
#1527=VERTEX_POINT('',#5687);
#1528=VERTEX_POINT('',#5691);
#1529=VERTEX_POINT('',#5695);
#1530=VERTEX_POINT('',#5699);
#1531=VERTEX_POINT('',#5747);
#1532=VERTEX_POINT('',#5748);
#1533=VERTEX_POINT('',#5795);
#1534=VERTEX_POINT('',#5831);
#1535=VERTEX_POINT('',#5870);
#1536=VERTEX_POINT('',#5875);
#1537=VERTEX_POINT('',#5882);
#1538=VERTEX_POINT('',#5913);
#1539=VERTEX_POINT('',#5914);
#1540=VERTEX_POINT('',#5956);
#1541=VERTEX_POINT('',#6009);
#1542=VERTEX_POINT('',#6013);
#1543=VERTEX_POINT('',#6017);
#1544=VERTEX_POINT('',#6021);
#1545=VERTEX_POINT('',#6025);
#1546=VERTEX_POINT('',#6036);
#1547=VERTEX_POINT('',#6045);
#1548=VERTEX_POINT('',#6047);
#1549=VERTEX_POINT('',#6056);
#1550=VERTEX_POINT('',#6118);
#1551=VERTEX_POINT('',#6122);
#1552=VERTEX_POINT('',#6126);
#1553=VERTEX_POINT('',#6287);
#1554=VERTEX_POINT('',#6293);
#1555=VERTEX_POINT('',#6294);
#1556=VERTEX_POINT('',#6296);
#1557=VERTEX_POINT('',#6298);
#1558=VERTEX_POINT('',#6300);
#1559=VERTEX_POINT('',#6302);
#1560=VERTEX_POINT('',#6304);
#1561=VERTEX_POINT('',#6306);
#1562=VERTEX_POINT('',#6308);
#1563=VERTEX_POINT('',#6310);
#1564=VERTEX_POINT('',#6312);
#1565=VERTEX_POINT('',#6314);
#1566=VERTEX_POINT('',#6316);
#1567=VERTEX_POINT('',#6318);
#1568=VERTEX_POINT('',#6320);
#1569=VERTEX_POINT('',#6322);
#1570=VERTEX_POINT('',#6324);
#1571=VERTEX_POINT('',#6326);
#1572=VERTEX_POINT('',#6330);
#1573=VERTEX_POINT('',#6332);
#1574=VERTEX_POINT('',#6336);
#1575=VERTEX_POINT('',#6340);
#1576=VERTEX_POINT('',#6344);
#1577=VERTEX_POINT('',#6348);
#1578=VERTEX_POINT('',#6352);
#1579=VERTEX_POINT('',#6356);
#1580=VERTEX_POINT('',#6358);
#1581=VERTEX_POINT('',#6375);
#1582=VERTEX_POINT('',#6377);
#1583=VERTEX_POINT('',#6389);
#1584=VERTEX_POINT('',#6393);
#1585=VERTEX_POINT('',#6405);
#1586=VERTEX_POINT('',#6409);
#1587=VERTEX_POINT('',#6413);
#1588=VERTEX_POINT('',#6417);
#1589=VERTEX_POINT('',#6483);
#1590=VERTEX_POINT('',#6484);
#1591=VERTEX_POINT('',#6526);
#1592=VERTEX_POINT('',#6595);
#1593=EDGE_CURVE('',#1302,#1303,#920,.T.);
#1594=EDGE_CURVE('',#1303,#1304,#840,.T.);
#1595=EDGE_CURVE('',#1304,#1305,#921,.T.);
#1596=EDGE_CURVE('',#1305,#1302,#841,.T.);
#1597=EDGE_CURVE('',#1306,#1307,#922,.T.);
#1598=EDGE_CURVE('',#1307,#1308,#223,.T.);
#1599=EDGE_CURVE('',#1308,#1309,#923,.T.);
#1600=EDGE_CURVE('',#1309,#1310,#224,.T.);
#1601=EDGE_CURVE('',#1310,#1306,#225,.T.);
#1602=EDGE_CURVE('',#1308,#1305,#842,.T.);
#1603=EDGE_CURVE('',#1304,#1309,#843,.T.);
#1604=EDGE_CURVE('',#1302,#1307,#844,.T.);
#1605=EDGE_CURVE('',#1306,#1303,#845,.T.);
#1606=EDGE_CURVE('',#1305,#1311,#226,.T.);
#1607=EDGE_CURVE('',#1311,#1312,#227,.T.);
#1608=EDGE_CURVE('',#1313,#1312,#228,.T.);
#1609=EDGE_CURVE('',#1313,#1314,#229,.T.);
#1610=EDGE_CURVE('',#1314,#1315,#230,.T.);
#1611=EDGE_CURVE('',#1316,#1315,#846,.T.);
#1612=EDGE_CURVE('',#1316,#1302,#231,.T.);
#1613=EDGE_CURVE('',#1317,#1317,#232,.T.);
#1614=EDGE_CURVE('',#1317,#1310,#924,.T.);
#1615=EDGE_CURVE('',#1316,#1318,#925,.T.);
#1616=EDGE_CURVE('',#1318,#1319,#233,.T.);
#1617=EDGE_CURVE('',#1319,#1320,#234,.T.);
#1618=EDGE_CURVE('',#1320,#1315,#926,.T.);
#1619=EDGE_CURVE('',#1315,#1316,#235,.T.);
#1620=EDGE_CURVE('',#1320,#1318,#847,.T.);
#1621=EDGE_CURVE('',#1321,#1321,#236,.T.);
#1622=EDGE_CURVE('',#1321,#1319,#927,.T.);
#1623=EDGE_CURVE('',#1322,#1323,#928,.T.);
#1624=EDGE_CURVE('',#1323,#1324,#237,.T.);
#1625=EDGE_CURVE('',#1324,#1325,#238,.T.);
#1626=EDGE_CURVE('',#1325,#1326,#929,.T.);
#1627=EDGE_CURVE('',#1326,#1322,#239,.T.);
#1628=EDGE_CURVE('',#1322,#1326,#848,.T.);
#1629=EDGE_CURVE('',#1325,#1323,#849,.T.);
#1630=EDGE_CURVE('',#1322,#1327,#240,.T.);
#1631=EDGE_CURVE('',#1327,#1328,#241,.T.);
#1632=EDGE_CURVE('',#1329,#1328,#242,.T.);
#1633=EDGE_CURVE('',#1329,#1330,#243,.T.);
#1634=EDGE_CURVE('',#1330,#1331,#244,.T.);
#1635=EDGE_CURVE('',#1332,#1331,#850,.T.);
#1636=EDGE_CURVE('',#1332,#1326,#245,.T.);
#1637=EDGE_CURVE('',#1333,#1333,#246,.T.);
#1638=EDGE_CURVE('',#1333,#1324,#930,.T.);
#1639=EDGE_CURVE('',#1331,#1334,#931,.T.);
#1640=EDGE_CURVE('',#1334,#1335,#851,.T.);
#1641=EDGE_CURVE('',#1335,#1332,#932,.T.);
#1642=EDGE_CURVE('',#1336,#1337,#933,.T.);
#1643=EDGE_CURVE('',#1337,#1338,#247,.T.);
#1644=EDGE_CURVE('',#1338,#1339,#934,.T.);
#1645=EDGE_CURVE('',#1339,#1340,#248,.T.);
#1646=EDGE_CURVE('',#1340,#1336,#249,.T.);
#1647=EDGE_CURVE('',#1338,#1332,#852,.T.);
#1648=EDGE_CURVE('',#1335,#1339,#853,.T.);
#1649=EDGE_CURVE('',#1331,#1337,#854,.T.);
#1650=EDGE_CURVE('',#1336,#1334,#855,.T.);
#1651=EDGE_CURVE('',#1341,#1341,#250,.T.);
#1652=EDGE_CURVE('',#1341,#1340,#935,.T.);
#1653=EDGE_CURVE('',#1342,#1314,#936,.T.);
#1654=EDGE_CURVE('',#1343,#1342,#251,.T.);
#1655=EDGE_CURVE('',#1344,#1343,#937,.T.);
#1656=EDGE_CURVE('',#1345,#1344,#252,.T.);
#1657=EDGE_CURVE('',#1346,#1345,#938,.T.);
#1658=EDGE_CURVE('',#1347,#1346,#253,.T.);
#1659=EDGE_CURVE('',#1348,#1347,#939,.T.);
#1660=EDGE_CURVE('',#1349,#1348,#254,.T.);
#1661=EDGE_CURVE('',#1350,#1349,#940,.T.);
#1662=EDGE_CURVE('',#1351,#1350,#255,.T.);
#1663=EDGE_CURVE('',#1327,#1351,#941,.T.);
#1664=EDGE_CURVE('',#1352,#1330,#942,.T.);
#1665=EDGE_CURVE('',#1353,#1352,#256,.T.);
#1666=EDGE_CURVE('',#1354,#1353,#943,.T.);
#1667=EDGE_CURVE('',#1355,#1354,#856,.T.);
#1668=EDGE_CURVE('',#1356,#1355,#857,.T.);
#1669=EDGE_CURVE('',#1357,#1356,#858,.T.);
#1670=EDGE_CURVE('',#1358,#1357,#944,.T.);
#1671=EDGE_CURVE('',#1359,#1358,#859,.T.);
#1672=EDGE_CURVE('',#1360,#1359,#860,.T.);
#1673=EDGE_CURVE('',#1361,#1360,#861,.T.);
#1674=EDGE_CURVE('',#1362,#1361,#862,.T.);
#1675=EDGE_CURVE('',#1363,#1362,#945,.T.);
#1676=EDGE_CURVE('',#1364,#1363,#257,.T.);
#1677=EDGE_CURVE('',#1311,#1364,#946,.T.);
#1678=EDGE_CURVE('',#1365,#1366,#947,.T.);
#1679=EDGE_CURVE('',#1366,#1367,#948,.T.);
#1680=EDGE_CURVE('',#1367,#1368,#949,.T.);
#1681=EDGE_CURVE('',#1368,#1365,#950,.T.);
#1682=EDGE_CURVE('',#1369,#1370,#951,.T.);
#1683=EDGE_CURVE('',#1370,#1371,#952,.T.);
#1684=EDGE_CURVE('',#1371,#1372,#953,.T.);
#1685=EDGE_CURVE('',#1372,#1369,#954,.T.);
#1686=EDGE_CURVE('',#1373,#1373,#258,.T.);
#1687=EDGE_CURVE('',#1374,#1374,#259,.T.);
#1688=EDGE_CURVE('',#1375,#1375,#260,.T.);
#1689=EDGE_CURVE('',#1376,#1376,#261,.T.);
#1690=EDGE_CURVE('',#1377,#1378,#863,.T.);
#1691=EDGE_CURVE('',#1377,#1378,#262,.T.);
#1692=EDGE_CURVE('',#1379,#1380,#864,.T.);
#1693=EDGE_CURVE('',#1379,#1380,#263,.T.);
#1694=EDGE_CURVE('',#1381,#1382,#865,.T.);
#1695=EDGE_CURVE('',#1381,#1382,#264,.T.);
#1696=EDGE_CURVE('',#1383,#1384,#866,.T.);
#1697=EDGE_CURVE('',#1383,#1384,#265,.T.);
#1698=EDGE_CURVE('',#1385,#1385,#266,.T.);
#1699=EDGE_CURVE('',#1386,#1386,#267,.T.);
#1700=EDGE_CURVE('',#1387,#1387,#268,.T.);
#1701=EDGE_CURVE('',#1388,#1388,#269,.T.);
#1702=EDGE_CURVE('',#1386,#1389,#955,.T.);
#1703=EDGE_CURVE('',#1389,#1389,#270,.T.);
#1704=EDGE_CURVE('',#1390,#1390,#271,.T.);
#1705=EDGE_CURVE('',#1390,#1391,#956,.T.);
#1706=EDGE_CURVE('',#1391,#1391,#272,.T.);
#1707=EDGE_CURVE('',#1388,#1392,#957,.T.);
#1708=EDGE_CURVE('',#1392,#1392,#273,.T.);
#1709=EDGE_CURVE('',#1393,#1393,#274,.T.);
#1710=EDGE_CURVE('',#1393,#1394,#958,.T.);
#1711=EDGE_CURVE('',#1394,#1394,#275,.T.);
#1712=EDGE_CURVE('',#1387,#1395,#959,.T.);
#1713=EDGE_CURVE('',#1395,#1395,#276,.T.);
#1714=EDGE_CURVE('',#1396,#1396,#277,.T.);
#1715=EDGE_CURVE('',#1396,#1397,#960,.T.);
#1716=EDGE_CURVE('',#1397,#1397,#278,.T.);
#1717=EDGE_CURVE('',#1385,#1398,#961,.T.);
#1718=EDGE_CURVE('',#1398,#1398,#279,.T.);
#1719=EDGE_CURVE('',#1399,#1399,#280,.T.);
#1720=EDGE_CURVE('',#1399,#1400,#962,.T.);
#1721=EDGE_CURVE('',#1400,#1400,#281,.T.);
#1722=EDGE_CURVE('',#1401,#1402,#963,.T.);
#1723=EDGE_CURVE('',#1368,#1401,#964,.T.);
#1724=EDGE_CURVE('',#1367,#1402,#965,.T.);
#1725=EDGE_CURVE('',#1402,#1403,#966,.T.);
#1726=EDGE_CURVE('',#1366,#1403,#967,.T.);
#1727=EDGE_CURVE('',#1403,#1404,#968,.T.);
#1728=EDGE_CURVE('',#1365,#1404,#969,.T.);
#1729=EDGE_CURVE('',#1404,#1401,#970,.T.);
#1730=EDGE_CURVE('',#1405,#1405,#282,.T.);
#1731=EDGE_CURVE('',#1405,#1406,#971,.T.);
#1732=EDGE_CURVE('',#1406,#1406,#283,.T.);
#1733=EDGE_CURVE('',#1407,#1407,#284,.T.);
#1734=EDGE_CURVE('',#1408,#1408,#285,.T.);
#1735=EDGE_CURVE('',#1407,#1409,#972,.T.);
#1736=EDGE_CURVE('',#1409,#1409,#286,.T.);
#1737=EDGE_CURVE('',#1410,#1410,#287,.T.);
#1738=EDGE_CURVE('',#1410,#1411,#973,.T.);
#1739=EDGE_CURVE('',#1411,#1411,#288,.T.);
#1740=EDGE_CURVE('',#1412,#1413,#289,.T.);
#1741=EDGE_CURVE('',#1414,#1412,#974,.T.);
#1742=EDGE_CURVE('',#1415,#1414,#290,.T.);
#1743=EDGE_CURVE('',#1415,#1413,#975,.T.);
#1744=EDGE_CURVE('',#1408,#1416,#976,.T.);
#1745=EDGE_CURVE('',#1416,#1416,#291,.T.);
#1746=EDGE_CURVE('',#1413,#1412,#292,.T.);
#1747=EDGE_CURVE('',#1415,#1414,#293,.T.);
#1748=EDGE_CURVE('',#1417,#1371,#977,.T.);
#1749=EDGE_CURVE('',#1418,#1417,#978,.T.);
#1750=EDGE_CURVE('',#1418,#1372,#979,.T.);
#1751=EDGE_CURVE('',#1419,#1418,#980,.T.);
#1752=EDGE_CURVE('',#1419,#1369,#981,.T.);
#1753=EDGE_CURVE('',#1420,#1419,#982,.T.);
#1754=EDGE_CURVE('',#1420,#1370,#983,.T.);
#1755=EDGE_CURVE('',#1417,#1420,#984,.T.);
#1756=EDGE_CURVE('',#1373,#1421,#985,.T.);
#1757=EDGE_CURVE('',#1421,#1421,#294,.T.);
#1758=EDGE_CURVE('',#1374,#1422,#986,.T.);
#1759=EDGE_CURVE('',#1422,#1422,#295,.T.);
#1760=EDGE_CURVE('',#1375,#1423,#987,.T.);
#1761=EDGE_CURVE('',#1423,#1423,#296,.T.);
#1762=EDGE_CURVE('',#1376,#1424,#988,.T.);
#1763=EDGE_CURVE('',#1424,#1424,#297,.T.);
#1764=EDGE_CURVE('',#1425,#1425,#298,.T.);
#1765=EDGE_CURVE('',#1425,#1426,#989,.T.);
#1766=EDGE_CURVE('',#1426,#1426,#299,.T.);
#1767=EDGE_CURVE('',#1427,#1427,#300,.T.);
#1768=EDGE_CURVE('',#1427,#1428,#990,.T.);
#1769=EDGE_CURVE('',#1428,#1428,#301,.T.);
#1770=EDGE_CURVE('',#1429,#1429,#302,.T.);
#1771=EDGE_CURVE('',#1429,#1430,#991,.T.);
#1772=EDGE_CURVE('',#1430,#1430,#303,.T.);
#1773=EDGE_CURVE('',#1431,#1431,#304,.T.);
#1774=EDGE_CURVE('',#1431,#1432,#992,.T.);
#1775=EDGE_CURVE('',#1432,#1432,#305,.T.);
#1776=EDGE_CURVE('',#1433,#1433,#306,.T.);
#1777=EDGE_CURVE('',#1433,#1434,#993,.T.);
#1778=EDGE_CURVE('',#1434,#1434,#307,.T.);
#1779=EDGE_CURVE('',#1435,#1436,#867,.T.);
#1780=EDGE_CURVE('',#1437,#1435,#23,.T.);
#1781=EDGE_CURVE('',#1438,#1437,#994,.T.);
#1782=EDGE_CURVE('',#1439,#1438,#24,.T.);
#1783=EDGE_CURVE('',#1440,#1439,#868,.T.);
#1784=EDGE_CURVE('',#1441,#1440,#995,.T.);
#1785=EDGE_CURVE('',#1442,#1441,#996,.T.);
#1786=EDGE_CURVE('',#1443,#1442,#25,.T.);
#1787=EDGE_CURVE('',#1444,#1443,#997,.T.);
#1788=EDGE_CURVE('',#1445,#1444,#998,.T.);
#1789=EDGE_CURVE('',#1446,#1445,#999,.T.);
#1790=EDGE_CURVE('',#1447,#1446,#26,.T.);
#1791=EDGE_CURVE('',#1436,#1447,#1000,.T.);
#1792=EDGE_CURVE('',#1448,#1448,#308,.T.);
#1793=EDGE_CURVE('',#1449,#1449,#309,.T.);
#1794=EDGE_CURVE('',#1450,#1451,#1001,.T.);
#1795=EDGE_CURVE('',#1451,#1452,#1002,.T.);
#1796=EDGE_CURVE('',#1452,#1453,#1003,.T.);
#1797=EDGE_CURVE('',#1453,#1450,#1004,.T.);
#1798=EDGE_CURVE('',#1454,#1454,#310,.T.);
#1799=EDGE_CURVE('',#1455,#1455,#311,.T.);
#1800=EDGE_CURVE('',#1455,#1434,#1005,.T.);
#1801=EDGE_CURVE('',#1448,#1456,#1006,.T.);
#1802=EDGE_CURVE('',#1456,#1456,#312,.T.);
#1803=EDGE_CURVE('',#1457,#1457,#313,.T.);
#1804=EDGE_CURVE('',#1457,#1456,#1007,.T.);
#1805=EDGE_CURVE('',#1454,#1458,#1008,.T.);
#1806=EDGE_CURVE('',#1458,#1458,#314,.T.);
#1807=EDGE_CURVE('',#1459,#1459,#315,.T.);
#1808=EDGE_CURVE('',#1459,#1458,#1009,.T.);
#1809=EDGE_CURVE('',#1449,#1460,#1010,.T.);
#1810=EDGE_CURVE('',#1460,#1460,#316,.T.);
#1811=EDGE_CURVE('',#1461,#1461,#317,.T.);
#1812=EDGE_CURVE('',#1461,#1460,#1011,.T.);
#1813=EDGE_CURVE('',#1462,#1463,#869,.F.);
#1814=EDGE_CURVE('',#1462,#1464,#1012,.T.);
#1815=EDGE_CURVE('',#1464,#1465,#870,.T.);
#1816=EDGE_CURVE('',#1463,#1465,#1013,.T.);
#1817=EDGE_CURVE('',#1312,#1463,#318,.T.);
#1818=EDGE_CURVE('',#1311,#1462,#871,.T.);
#1819=EDGE_CURVE('',#1465,#1313,#319,.T.);
#1820=EDGE_CURVE('',#1464,#1314,#872,.T.);
#1821=EDGE_CURVE('',#1466,#1467,#873,.F.);
#1822=EDGE_CURVE('',#1466,#1468,#1014,.T.);
#1823=EDGE_CURVE('',#1468,#1469,#874,.T.);
#1824=EDGE_CURVE('',#1467,#1469,#1015,.T.);
#1825=EDGE_CURVE('',#1328,#1467,#320,.T.);
#1826=EDGE_CURVE('',#1327,#1466,#875,.T.);
#1827=EDGE_CURVE('',#1469,#1329,#321,.T.);
#1828=EDGE_CURVE('',#1468,#1330,#876,.T.);
#1829=EDGE_CURVE('',#1470,#1470,#322,.T.);
#1830=EDGE_CURVE('',#1471,#1471,#323,.T.);
#1831=EDGE_CURVE('',#1471,#1472,#1016,.T.);
#1832=EDGE_CURVE('',#1472,#1472,#324,.T.);
#1833=EDGE_CURVE('',#1470,#1473,#1017,.T.);
#1834=EDGE_CURVE('',#1473,#1473,#325,.T.);
#1835=EDGE_CURVE('',#1474,#1475,#1018,.T.);
#1836=EDGE_CURVE('',#1453,#1474,#1019,.T.);
#1837=EDGE_CURVE('',#1452,#1475,#1020,.T.);
#1838=EDGE_CURVE('',#1475,#1476,#1021,.T.);
#1839=EDGE_CURVE('',#1451,#1476,#1022,.T.);
#1840=EDGE_CURVE('',#1476,#1477,#1023,.T.);
#1841=EDGE_CURVE('',#1450,#1477,#1024,.T.);
#1842=EDGE_CURVE('',#1477,#1474,#1025,.T.);
#1843=EDGE_CURVE('',#1478,#1384,#1026,.T.);
#1844=EDGE_CURVE('',#1479,#1478,#326,.T.);
#1845=EDGE_CURVE('',#1480,#1479,#1027,.T.);
#1846=EDGE_CURVE('',#1480,#1481,#327,.T.);
#1847=EDGE_CURVE('',#1383,#1481,#1028,.T.);
#1848=EDGE_CURVE('',#1481,#1482,#328,.T.);
#1849=EDGE_CURVE('',#1482,#1483,#1029,.T.);
#1850=EDGE_CURVE('',#1483,#1484,#329,.T.);
#1851=EDGE_CURVE('',#1484,#1485,#1030,.T.);
#1852=EDGE_CURVE('',#1485,#1486,#330,.T.);
#1853=EDGE_CURVE('',#1486,#1487,#1031,.T.);
#1854=EDGE_CURVE('',#1487,#1488,#331,.T.);
#1855=EDGE_CURVE('',#1488,#1489,#1032,.T.);
#1856=EDGE_CURVE('',#1489,#1490,#332,.T.);
#1857=EDGE_CURVE('',#1490,#1380,#1033,.T.);
#1858=EDGE_CURVE('',#1379,#1491,#1034,.T.);
#1859=EDGE_CURVE('',#1491,#1492,#333,.T.);
#1860=EDGE_CURVE('',#1492,#1493,#1035,.T.);
#1861=EDGE_CURVE('',#1493,#1494,#877,.T.);
#1862=EDGE_CURVE('',#1494,#1495,#878,.T.);
#1863=EDGE_CURVE('',#1495,#1496,#879,.T.);
#1864=EDGE_CURVE('',#1496,#1497,#880,.T.);
#1865=EDGE_CURVE('',#1497,#1498,#1036,.T.);
#1866=EDGE_CURVE('',#1498,#1499,#881,.T.);
#1867=EDGE_CURVE('',#1499,#1500,#882,.T.);
#1868=EDGE_CURVE('',#1500,#1501,#883,.T.);
#1869=EDGE_CURVE('',#1501,#1502,#1037,.T.);
#1870=EDGE_CURVE('',#1502,#1478,#334,.T.);
#1871=EDGE_CURVE('',#1377,#1378,#1038,.T.);
#1872=EDGE_CURVE('',#1381,#1382,#1039,.T.);
#1873=EDGE_CURVE('',#1503,#1490,#335,.T.);
#1874=EDGE_CURVE('',#1504,#1503,#1040,.T.);
#1875=EDGE_CURVE('',#1504,#1491,#336,.T.);
#1876=EDGE_CURVE('',#1505,#1506,#1041,.T.);
#1877=EDGE_CURVE('',#1505,#1507,#1042,.T.);
#1878=EDGE_CURVE('',#1507,#1508,#1043,.T.);
#1879=EDGE_CURVE('',#1506,#1508,#1044,.T.);
#1880=EDGE_CURVE('',#1506,#1509,#337,.T.);
#1881=EDGE_CURVE('',#1508,#1510,#338,.T.);
#1882=EDGE_CURVE('',#1509,#1510,#1045,.T.);
#1883=EDGE_CURVE('',#1509,#1511,#1046,.T.);
#1884=EDGE_CURVE('',#1510,#1512,#1047,.T.);
#1885=EDGE_CURVE('',#1511,#1512,#1048,.T.);
#1886=EDGE_CURVE('',#1511,#1513,#339,.T.);
#1887=EDGE_CURVE('',#1512,#1480,#340,.T.);
#1888=EDGE_CURVE('',#1513,#1480,#1049,.T.);
#1889=EDGE_CURVE('',#1513,#1514,#1050,.T.);
#1890=EDGE_CURVE('',#1514,#1479,#1051,.T.);
#1891=EDGE_CURVE('',#1514,#1515,#341,.T.);
#1892=EDGE_CURVE('',#1479,#1516,#342,.T.);
#1893=EDGE_CURVE('',#1515,#1516,#1052,.T.);
#1894=EDGE_CURVE('',#1515,#1517,#1053,.T.);
#1895=EDGE_CURVE('',#1516,#1518,#1054,.T.);
#1896=EDGE_CURVE('',#1518,#1519,#884,.T.);
#1897=EDGE_CURVE('',#1517,#1519,#1055,.T.);
#1898=EDGE_CURVE('',#1517,#1520,#343,.T.);
#1899=EDGE_CURVE('',#1519,#1521,#885,.T.);
#1900=EDGE_CURVE('',#1522,#1521,#27,.F.);
#1901=EDGE_CURVE('',#1520,#1522,#1056,.T.);
#1902=EDGE_CURVE('',#1520,#1523,#1057,.T.);
#1903=EDGE_CURVE('',#1524,#1522,#1058,.F.);
#1904=EDGE_CURVE('',#1523,#1524,#1059,.T.);
#1905=EDGE_CURVE('',#1493,#1525,#344,.T.);
#1906=EDGE_CURVE('',#1526,#1492,#345,.T.);
#1907=EDGE_CURVE('',#1525,#1526,#1060,.T.);
#1908=EDGE_CURVE('',#1526,#1504,#346,.T.);
#1909=EDGE_CURVE('',#1527,#1489,#347,.T.);
#1910=EDGE_CURVE('',#1503,#1527,#348,.T.);
#1911=EDGE_CURVE('',#1528,#1488,#349,.T.);
#1912=EDGE_CURVE('',#1527,#1528,#1061,.T.);
#1913=EDGE_CURVE('',#1529,#1487,#350,.T.);
#1914=EDGE_CURVE('',#1528,#1529,#351,.T.);
#1915=EDGE_CURVE('',#1530,#1486,#352,.T.);
#1916=EDGE_CURVE('',#1529,#1530,#1062,.T.);
#1917=EDGE_CURVE('',#1507,#1485,#353,.T.);
#1918=EDGE_CURVE('',#1530,#1507,#354,.T.);
#1919=EDGE_CURVE('',#1508,#1484,#355,.T.);
#1920=EDGE_CURVE('',#1510,#1483,#356,.T.);
#1921=EDGE_CURVE('',#1512,#1482,#357,.T.);
#1922=EDGE_CURVE('',#1516,#1502,#358,.T.);
#1923=EDGE_CURVE('',#1518,#1501,#359,.T.);
#1924=EDGE_CURVE('',#1531,#1532,#886,.T.);
#1925=EDGE_CURVE('',#1493,#1531,#887,.T.);
#1926=EDGE_CURVE('',#1532,#1525,#888,.T.);
#1927=EDGE_CURVE('',#1519,#1533,#889,.T.);
#1928=EDGE_CURVE('',#1533,#1501,#890,.T.);
#1929=EDGE_CURVE('',#1521,#1534,#891,.T.);
#1930=EDGE_CURVE('',#1534,#1533,#892,.T.);
#1931=EDGE_CURVE('',#1535,#1532,#893,.T.);
#1932=EDGE_CURVE('',#1536,#1535,#894,.T.);
#1933=EDGE_CURVE('',#1536,#1537,#895,.T.);
#1934=EDGE_CURVE('',#1531,#1537,#896,.T.);
#1935=EDGE_CURVE('',#1538,#1539,#897,.T.);
#1936=EDGE_CURVE('',#1536,#1538,#898,.T.);
#1937=EDGE_CURVE('',#1539,#1535,#899,.T.);
#1938=EDGE_CURVE('',#1500,#1540,#900,.T.);
#1939=EDGE_CURVE('',#1534,#1540,#901,.T.);
#1940=EDGE_CURVE('',#1541,#1505,#360,.T.);
#1941=EDGE_CURVE('',#1541,#1530,#1063,.T.);
#1942=EDGE_CURVE('',#1542,#1541,#1064,.T.);
#1943=EDGE_CURVE('',#1542,#1529,#1065,.T.);
#1944=EDGE_CURVE('',#1543,#1542,#361,.T.);
#1945=EDGE_CURVE('',#1543,#1528,#1066,.T.);
#1946=EDGE_CURVE('',#1544,#1543,#1067,.T.);
#1947=EDGE_CURVE('',#1544,#1527,#1068,.T.);
#1948=EDGE_CURVE('',#1540,#1545,#902,.F.);
#1949=EDGE_CURVE('',#1545,#1546,#903,.F.);
#1950=EDGE_CURVE('',#1546,#1547,#1069,.T.);
#1951=EDGE_CURVE('',#1547,#1548,#904,.F.);
#1952=EDGE_CURVE('',#1548,#1549,#905,.F.);
#1953=EDGE_CURVE('',#1549,#1537,#906,.F.);
#1954=EDGE_CURVE('',#1539,#1524,#28,.T.);
#1955=EDGE_CURVE('',#1550,#1544,#362,.T.);
#1956=EDGE_CURVE('',#1550,#1503,#1070,.T.);
#1957=EDGE_CURVE('',#1551,#1550,#1071,.T.);
#1958=EDGE_CURVE('',#1551,#1504,#1072,.T.);
#1959=EDGE_CURVE('',#1552,#1551,#363,.T.);
#1960=EDGE_CURVE('',#1552,#1526,#1073,.T.);
#1961=EDGE_CURVE('',#1494,#1549,#907,.T.);
#1962=EDGE_CURVE('',#1495,#1548,#908,.T.);
#1963=EDGE_CURVE('',#1496,#1547,#909,.T.);
#1964=EDGE_CURVE('',#1497,#1547,#29,.F.);
#1965=EDGE_CURVE('',#1498,#1546,#364,.T.);
#1966=EDGE_CURVE('',#1499,#1545,#910,.T.);
#1967=EDGE_CURVE('',#1523,#1553,#365,.T.);
#1968=EDGE_CURVE('',#1553,#1532,#1074,.T.);
#1969=EDGE_CURVE('',#1553,#1552,#1075,.T.);
#1970=EDGE_CURVE('',#1554,#1555,#366,.T.);
#1971=EDGE_CURVE('',#1556,#1554,#1076,.T.);
#1972=EDGE_CURVE('',#1557,#1556,#367,.T.);
#1973=EDGE_CURVE('',#1558,#1557,#1077,.T.);
#1974=EDGE_CURVE('',#1559,#1558,#368,.T.);
#1975=EDGE_CURVE('',#1560,#1559,#1078,.T.);
#1976=EDGE_CURVE('',#1561,#1560,#369,.T.);
#1977=EDGE_CURVE('',#1562,#1561,#1079,.T.);
#1978=EDGE_CURVE('',#1563,#1562,#370,.T.);
#1979=EDGE_CURVE('',#1564,#1563,#1080,.T.);
#1980=EDGE_CURVE('',#1565,#1564,#371,.T.);
#1981=EDGE_CURVE('',#1566,#1565,#1081,.T.);
#1982=EDGE_CURVE('',#1567,#1566,#372,.T.);
#1983=EDGE_CURVE('',#1568,#1567,#1082,.T.);
#1984=EDGE_CURVE('',#1569,#1568,#373,.T.);
#1985=EDGE_CURVE('',#1570,#1569,#1083,.T.);
#1986=EDGE_CURVE('',#1571,#1570,#374,.T.);
#1987=EDGE_CURVE('',#1555,#1571,#1084,.T.);
#1988=EDGE_CURVE('',#1563,#1572,#1085,.T.);
#1989=EDGE_CURVE('',#1573,#1572,#1086,.T.);
#1990=EDGE_CURVE('',#1564,#1573,#1087,.T.);
#1991=EDGE_CURVE('',#1562,#1574,#1088,.T.);
#1992=EDGE_CURVE('',#1572,#1574,#375,.T.);
#1993=EDGE_CURVE('',#1561,#1575,#1089,.T.);
#1994=EDGE_CURVE('',#1574,#1575,#1090,.T.);
#1995=EDGE_CURVE('',#1560,#1576,#1091,.T.);
#1996=EDGE_CURVE('',#1575,#1576,#376,.T.);
#1997=EDGE_CURVE('',#1559,#1577,#1092,.T.);
#1998=EDGE_CURVE('',#1576,#1577,#1093,.T.);
#1999=EDGE_CURVE('',#1558,#1578,#1094,.T.);
#2000=EDGE_CURVE('',#1577,#1578,#377,.T.);
#2001=EDGE_CURVE('',#1557,#1579,#1095,.T.);
#2002=EDGE_CURVE('',#1580,#1579,#911,.T.);
#2003=EDGE_CURVE('',#1578,#1580,#1096,.T.);
#2004=EDGE_CURVE('',#1556,#1437,#1097,.T.);
#2005=EDGE_CURVE('',#1579,#1435,#912,.T.);
#2006=EDGE_CURVE('',#1554,#1438,#1098,.T.);
#2007=EDGE_CURVE('',#1362,#1581,#378,.T.);
#2008=EDGE_CURVE('',#1581,#1582,#1099,.T.);
#2009=EDGE_CURVE('',#1582,#1363,#379,.T.);
#2010=EDGE_CURVE('',#1583,#1364,#380,.T.);
#2011=EDGE_CURVE('',#1582,#1583,#381,.T.);
#2012=EDGE_CURVE('',#1583,#1584,#1100,.T.);
#2013=EDGE_CURVE('',#1584,#1342,#382,.T.);
#2014=EDGE_CURVE('',#1585,#1343,#383,.T.);
#2015=EDGE_CURVE('',#1584,#1585,#384,.T.);
#2016=EDGE_CURVE('',#1586,#1344,#385,.T.);
#2017=EDGE_CURVE('',#1585,#1586,#1101,.T.);
#2018=EDGE_CURVE('',#1587,#1345,#386,.T.);
#2019=EDGE_CURVE('',#1586,#1587,#387,.T.);
#2020=EDGE_CURVE('',#1588,#1346,#388,.T.);
#2021=EDGE_CURVE('',#1587,#1588,#1102,.T.);
#2022=EDGE_CURVE('',#1573,#1347,#389,.T.);
#2023=EDGE_CURVE('',#1588,#1573,#390,.T.);
#2024=EDGE_CURVE('',#1572,#1348,#391,.T.);
#2025=EDGE_CURVE('',#1574,#1349,#392,.T.);
#2026=EDGE_CURVE('',#1575,#1350,#393,.T.);
#2027=EDGE_CURVE('',#1576,#1351,#394,.T.);
#2028=EDGE_CURVE('',#1577,#1352,#395,.T.);
#2029=EDGE_CURVE('',#1578,#1353,#396,.T.);
#2030=EDGE_CURVE('',#1580,#1354,#397,.T.);
#2031=EDGE_CURVE('',#1589,#1590,#398,.T.);
#2032=EDGE_CURVE('',#1590,#1581,#913,.T.);
#2033=EDGE_CURVE('',#1362,#1589,#914,.T.);
#2034=EDGE_CURVE('',#1579,#1591,#399,.T.);
#2035=EDGE_CURVE('',#1591,#1354,#915,.T.);
#2036=EDGE_CURVE('',#1436,#1591,#916,.T.);
#2037=EDGE_CURVE('',#1589,#1441,#917,.T.);
#2038=EDGE_CURVE('',#1441,#1592,#400,.T.);
#2039=EDGE_CURVE('',#1592,#1590,#918,.T.);
#2040=EDGE_CURVE('',#1439,#1592,#919,.T.);
#2041=EDGE_CURVE('',#1355,#1447,#401,.T.);
#2042=EDGE_CURVE('',#1565,#1588,#1103,.T.);
#2043=EDGE_CURVE('',#1566,#1587,#1104,.T.);
#2044=EDGE_CURVE('',#1567,#1586,#1105,.T.);
#2045=EDGE_CURVE('',#1568,#1585,#1106,.T.);
#2046=EDGE_CURVE('',#1569,#1584,#1107,.T.);
#2047=EDGE_CURVE('',#1570,#1583,#1108,.T.);
#2048=EDGE_CURVE('',#1571,#1582,#1109,.T.);
#2049=EDGE_CURVE('',#1361,#1442,#402,.T.);
#2050=EDGE_CURVE('',#1360,#1443,#403,.T.);
#2051=EDGE_CURVE('',#1359,#1444,#404,.T.);
#2052=EDGE_CURVE('',#1358,#1444,#30,.F.);
#2053=EDGE_CURVE('',#1357,#1445,#405,.T.);
#2054=EDGE_CURVE('',#1356,#1446,#406,.T.);
#2055=EDGE_CURVE('',#1555,#1590,#1110,.T.);
#2056=ORIENTED_EDGE('',*,*,#1593,.T.);
#2057=ORIENTED_EDGE('',*,*,#1594,.T.);
#2058=ORIENTED_EDGE('',*,*,#1595,.T.);
#2059=ORIENTED_EDGE('',*,*,#1596,.T.);
#2060=ORIENTED_EDGE('',*,*,#1597,.T.);
#2061=ORIENTED_EDGE('',*,*,#1598,.T.);
#2062=ORIENTED_EDGE('',*,*,#1599,.T.);
#2063=ORIENTED_EDGE('',*,*,#1600,.T.);
#2064=ORIENTED_EDGE('',*,*,#1601,.T.);
#2065=ORIENTED_EDGE('',*,*,#1599,.F.);
#2066=ORIENTED_EDGE('',*,*,#1602,.T.);
#2067=ORIENTED_EDGE('',*,*,#1595,.F.);
#2068=ORIENTED_EDGE('',*,*,#1603,.T.);
#2069=ORIENTED_EDGE('',*,*,#1593,.F.);
#2070=ORIENTED_EDGE('',*,*,#1604,.T.);
#2071=ORIENTED_EDGE('',*,*,#1597,.F.);
#2072=ORIENTED_EDGE('',*,*,#1605,.T.);
#2073=ORIENTED_EDGE('',*,*,#1596,.F.);
#2074=ORIENTED_EDGE('',*,*,#1606,.T.);
#2075=ORIENTED_EDGE('',*,*,#1607,.T.);
#2076=ORIENTED_EDGE('',*,*,#1608,.F.);
#2077=ORIENTED_EDGE('',*,*,#1609,.T.);
#2078=ORIENTED_EDGE('',*,*,#1610,.T.);
#2079=ORIENTED_EDGE('',*,*,#1611,.F.);
#2080=ORIENTED_EDGE('',*,*,#1612,.T.);
#2081=ORIENTED_EDGE('',*,*,#1613,.F.);
#2082=ORIENTED_EDGE('',*,*,#1614,.T.);
#2083=ORIENTED_EDGE('',*,*,#1600,.F.);
#2084=ORIENTED_EDGE('',*,*,#1603,.F.);
#2085=ORIENTED_EDGE('',*,*,#1594,.F.);
#2086=ORIENTED_EDGE('',*,*,#1605,.F.);
#2087=ORIENTED_EDGE('',*,*,#1601,.F.);
#2088=ORIENTED_EDGE('',*,*,#1614,.F.);
#2089=ORIENTED_EDGE('',*,*,#1615,.T.);
#2090=ORIENTED_EDGE('',*,*,#1616,.T.);
#2091=ORIENTED_EDGE('',*,*,#1617,.T.);
#2092=ORIENTED_EDGE('',*,*,#1618,.T.);
#2093=ORIENTED_EDGE('',*,*,#1619,.T.);
#2094=ORIENTED_EDGE('',*,*,#1615,.F.);
#2095=ORIENTED_EDGE('',*,*,#1611,.T.);
#2096=ORIENTED_EDGE('',*,*,#1618,.F.);
#2097=ORIENTED_EDGE('',*,*,#1620,.T.);
#2098=ORIENTED_EDGE('',*,*,#1621,.F.);
#2099=ORIENTED_EDGE('',*,*,#1622,.T.);
#2100=ORIENTED_EDGE('',*,*,#1616,.F.);
#2101=ORIENTED_EDGE('',*,*,#1620,.F.);
#2102=ORIENTED_EDGE('',*,*,#1617,.F.);
#2103=ORIENTED_EDGE('',*,*,#1622,.F.);
#2104=ORIENTED_EDGE('',*,*,#1623,.T.);
#2105=ORIENTED_EDGE('',*,*,#1624,.T.);
#2106=ORIENTED_EDGE('',*,*,#1625,.T.);
#2107=ORIENTED_EDGE('',*,*,#1626,.T.);
#2108=ORIENTED_EDGE('',*,*,#1627,.T.);
#2109=ORIENTED_EDGE('',*,*,#1623,.F.);
#2110=ORIENTED_EDGE('',*,*,#1628,.T.);
#2111=ORIENTED_EDGE('',*,*,#1626,.F.);
#2112=ORIENTED_EDGE('',*,*,#1629,.T.);
#2113=ORIENTED_EDGE('',*,*,#1628,.F.);
#2114=ORIENTED_EDGE('',*,*,#1630,.T.);
#2115=ORIENTED_EDGE('',*,*,#1631,.T.);
#2116=ORIENTED_EDGE('',*,*,#1632,.F.);
#2117=ORIENTED_EDGE('',*,*,#1633,.T.);
#2118=ORIENTED_EDGE('',*,*,#1634,.T.);
#2119=ORIENTED_EDGE('',*,*,#1635,.F.);
#2120=ORIENTED_EDGE('',*,*,#1636,.T.);
#2121=ORIENTED_EDGE('',*,*,#1637,.F.);
#2122=ORIENTED_EDGE('',*,*,#1638,.T.);
#2123=ORIENTED_EDGE('',*,*,#1624,.F.);
#2124=ORIENTED_EDGE('',*,*,#1629,.F.);
#2125=ORIENTED_EDGE('',*,*,#1625,.F.);
#2126=ORIENTED_EDGE('',*,*,#1638,.F.);
#2127=ORIENTED_EDGE('',*,*,#1639,.T.);
#2128=ORIENTED_EDGE('',*,*,#1640,.T.);
#2129=ORIENTED_EDGE('',*,*,#1641,.T.);
#2130=ORIENTED_EDGE('',*,*,#1635,.T.);
#2131=ORIENTED_EDGE('',*,*,#1642,.T.);
#2132=ORIENTED_EDGE('',*,*,#1643,.T.);
#2133=ORIENTED_EDGE('',*,*,#1644,.T.);
#2134=ORIENTED_EDGE('',*,*,#1645,.T.);
#2135=ORIENTED_EDGE('',*,*,#1646,.T.);
#2136=ORIENTED_EDGE('',*,*,#1644,.F.);
#2137=ORIENTED_EDGE('',*,*,#1647,.T.);
#2138=ORIENTED_EDGE('',*,*,#1641,.F.);
#2139=ORIENTED_EDGE('',*,*,#1648,.T.);
#2140=ORIENTED_EDGE('',*,*,#1639,.F.);
#2141=ORIENTED_EDGE('',*,*,#1649,.T.);
#2142=ORIENTED_EDGE('',*,*,#1642,.F.);
#2143=ORIENTED_EDGE('',*,*,#1650,.T.);
#2144=ORIENTED_EDGE('',*,*,#1651,.F.);
#2145=ORIENTED_EDGE('',*,*,#1652,.T.);
#2146=ORIENTED_EDGE('',*,*,#1645,.F.);
#2147=ORIENTED_EDGE('',*,*,#1648,.F.);
#2148=ORIENTED_EDGE('',*,*,#1640,.F.);
#2149=ORIENTED_EDGE('',*,*,#1650,.F.);
#2150=ORIENTED_EDGE('',*,*,#1646,.F.);
#2151=ORIENTED_EDGE('',*,*,#1652,.F.);
#2152=ORIENTED_EDGE('',*,*,#1604,.F.);
#2153=ORIENTED_EDGE('',*,*,#1612,.F.);
#2154=ORIENTED_EDGE('',*,*,#1619,.F.);
#2155=ORIENTED_EDGE('',*,*,#1610,.F.);
#2156=ORIENTED_EDGE('',*,*,#1653,.F.);
#2157=ORIENTED_EDGE('',*,*,#1654,.F.);
#2158=ORIENTED_EDGE('',*,*,#1655,.F.);
#2159=ORIENTED_EDGE('',*,*,#1656,.F.);
#2160=ORIENTED_EDGE('',*,*,#1657,.F.);
#2161=ORIENTED_EDGE('',*,*,#1658,.F.);
#2162=ORIENTED_EDGE('',*,*,#1659,.F.);
#2163=ORIENTED_EDGE('',*,*,#1660,.F.);
#2164=ORIENTED_EDGE('',*,*,#1661,.F.);
#2165=ORIENTED_EDGE('',*,*,#1662,.F.);
#2166=ORIENTED_EDGE('',*,*,#1663,.F.);
#2167=ORIENTED_EDGE('',*,*,#1630,.F.);
#2168=ORIENTED_EDGE('',*,*,#1627,.F.);
#2169=ORIENTED_EDGE('',*,*,#1636,.F.);
#2170=ORIENTED_EDGE('',*,*,#1647,.F.);
#2171=ORIENTED_EDGE('',*,*,#1643,.F.);
#2172=ORIENTED_EDGE('',*,*,#1649,.F.);
#2173=ORIENTED_EDGE('',*,*,#1634,.F.);
#2174=ORIENTED_EDGE('',*,*,#1664,.F.);
#2175=ORIENTED_EDGE('',*,*,#1665,.F.);
#2176=ORIENTED_EDGE('',*,*,#1666,.F.);
#2177=ORIENTED_EDGE('',*,*,#1667,.F.);
#2178=ORIENTED_EDGE('',*,*,#1668,.F.);
#2179=ORIENTED_EDGE('',*,*,#1669,.F.);
#2180=ORIENTED_EDGE('',*,*,#1670,.F.);
#2181=ORIENTED_EDGE('',*,*,#1671,.F.);
#2182=ORIENTED_EDGE('',*,*,#1672,.F.);
#2183=ORIENTED_EDGE('',*,*,#1673,.F.);
#2184=ORIENTED_EDGE('',*,*,#1674,.F.);
#2185=ORIENTED_EDGE('',*,*,#1675,.F.);
#2186=ORIENTED_EDGE('',*,*,#1676,.F.);
#2187=ORIENTED_EDGE('',*,*,#1677,.F.);
#2188=ORIENTED_EDGE('',*,*,#1606,.F.);
#2189=ORIENTED_EDGE('',*,*,#1602,.F.);
#2190=ORIENTED_EDGE('',*,*,#1598,.F.);
#2191=ORIENTED_EDGE('',*,*,#1678,.T.);
#2192=ORIENTED_EDGE('',*,*,#1679,.T.);
#2193=ORIENTED_EDGE('',*,*,#1680,.T.);
#2194=ORIENTED_EDGE('',*,*,#1681,.T.);
#2195=ORIENTED_EDGE('',*,*,#1682,.T.);
#2196=ORIENTED_EDGE('',*,*,#1683,.T.);
#2197=ORIENTED_EDGE('',*,*,#1684,.T.);
#2198=ORIENTED_EDGE('',*,*,#1685,.T.);
#2199=ORIENTED_EDGE('',*,*,#1686,.T.);
#2200=ORIENTED_EDGE('',*,*,#1687,.T.);
#2201=ORIENTED_EDGE('',*,*,#1688,.T.);
#2202=ORIENTED_EDGE('',*,*,#1689,.T.);
#2203=ORIENTED_EDGE('',*,*,#1690,.F.);
#2204=ORIENTED_EDGE('',*,*,#1691,.T.);
#2205=ORIENTED_EDGE('',*,*,#1692,.F.);
#2206=ORIENTED_EDGE('',*,*,#1693,.T.);
#2207=ORIENTED_EDGE('',*,*,#1694,.F.);
#2208=ORIENTED_EDGE('',*,*,#1695,.T.);
#2209=ORIENTED_EDGE('',*,*,#1696,.F.);
#2210=ORIENTED_EDGE('',*,*,#1697,.T.);
#2211=ORIENTED_EDGE('',*,*,#1698,.F.);
#2212=ORIENTED_EDGE('',*,*,#1699,.F.);
#2213=ORIENTED_EDGE('',*,*,#1700,.F.);
#2214=ORIENTED_EDGE('',*,*,#1701,.F.);
#2215=ORIENTED_EDGE('',*,*,#1699,.T.);
#2216=ORIENTED_EDGE('',*,*,#1702,.T.);
#2217=ORIENTED_EDGE('',*,*,#1703,.T.);
#2218=ORIENTED_EDGE('',*,*,#1702,.F.);
#2219=ORIENTED_EDGE('',*,*,#1704,.F.);
#2220=ORIENTED_EDGE('',*,*,#1705,.T.);
#2221=ORIENTED_EDGE('',*,*,#1706,.T.);
#2222=ORIENTED_EDGE('',*,*,#1705,.F.);
#2223=ORIENTED_EDGE('',*,*,#1706,.F.);
#2224=ORIENTED_EDGE('',*,*,#1703,.F.);
#2225=ORIENTED_EDGE('',*,*,#1701,.T.);
#2226=ORIENTED_EDGE('',*,*,#1707,.T.);
#2227=ORIENTED_EDGE('',*,*,#1708,.T.);
#2228=ORIENTED_EDGE('',*,*,#1707,.F.);
#2229=ORIENTED_EDGE('',*,*,#1709,.F.);
#2230=ORIENTED_EDGE('',*,*,#1710,.T.);
#2231=ORIENTED_EDGE('',*,*,#1711,.T.);
#2232=ORIENTED_EDGE('',*,*,#1710,.F.);
#2233=ORIENTED_EDGE('',*,*,#1711,.F.);
#2234=ORIENTED_EDGE('',*,*,#1708,.F.);
#2235=ORIENTED_EDGE('',*,*,#1700,.T.);
#2236=ORIENTED_EDGE('',*,*,#1712,.T.);
#2237=ORIENTED_EDGE('',*,*,#1713,.T.);
#2238=ORIENTED_EDGE('',*,*,#1712,.F.);
#2239=ORIENTED_EDGE('',*,*,#1714,.F.);
#2240=ORIENTED_EDGE('',*,*,#1715,.T.);
#2241=ORIENTED_EDGE('',*,*,#1716,.T.);
#2242=ORIENTED_EDGE('',*,*,#1715,.F.);
#2243=ORIENTED_EDGE('',*,*,#1716,.F.);
#2244=ORIENTED_EDGE('',*,*,#1713,.F.);
#2245=ORIENTED_EDGE('',*,*,#1698,.T.);
#2246=ORIENTED_EDGE('',*,*,#1717,.T.);
#2247=ORIENTED_EDGE('',*,*,#1718,.T.);
#2248=ORIENTED_EDGE('',*,*,#1717,.F.);
#2249=ORIENTED_EDGE('',*,*,#1719,.F.);
#2250=ORIENTED_EDGE('',*,*,#1720,.T.);
#2251=ORIENTED_EDGE('',*,*,#1721,.T.);
#2252=ORIENTED_EDGE('',*,*,#1720,.F.);
#2253=ORIENTED_EDGE('',*,*,#1721,.F.);
#2254=ORIENTED_EDGE('',*,*,#1718,.F.);
#2255=ORIENTED_EDGE('',*,*,#1722,.F.);
#2256=ORIENTED_EDGE('',*,*,#1723,.F.);
#2257=ORIENTED_EDGE('',*,*,#1680,.F.);
#2258=ORIENTED_EDGE('',*,*,#1724,.T.);
#2259=ORIENTED_EDGE('',*,*,#1725,.F.);
#2260=ORIENTED_EDGE('',*,*,#1724,.F.);
#2261=ORIENTED_EDGE('',*,*,#1679,.F.);
#2262=ORIENTED_EDGE('',*,*,#1726,.T.);
#2263=ORIENTED_EDGE('',*,*,#1727,.F.);
#2264=ORIENTED_EDGE('',*,*,#1726,.F.);
#2265=ORIENTED_EDGE('',*,*,#1678,.F.);
#2266=ORIENTED_EDGE('',*,*,#1728,.T.);
#2267=ORIENTED_EDGE('',*,*,#1729,.F.);
#2268=ORIENTED_EDGE('',*,*,#1728,.F.);
#2269=ORIENTED_EDGE('',*,*,#1681,.F.);
#2270=ORIENTED_EDGE('',*,*,#1723,.T.);
#2271=ORIENTED_EDGE('',*,*,#1730,.F.);
#2272=ORIENTED_EDGE('',*,*,#1731,.T.);
#2273=ORIENTED_EDGE('',*,*,#1732,.F.);
#2274=ORIENTED_EDGE('',*,*,#1731,.F.);
#2275=ORIENTED_EDGE('',*,*,#1733,.F.);
#2276=ORIENTED_EDGE('',*,*,#1734,.F.);
#2277=ORIENTED_EDGE('',*,*,#1733,.T.);
#2278=ORIENTED_EDGE('',*,*,#1735,.T.);
#2279=ORIENTED_EDGE('',*,*,#1736,.T.);
#2280=ORIENTED_EDGE('',*,*,#1735,.F.);
#2281=ORIENTED_EDGE('',*,*,#1737,.F.);
#2282=ORIENTED_EDGE('',*,*,#1738,.T.);
#2283=ORIENTED_EDGE('',*,*,#1739,.T.);
#2284=ORIENTED_EDGE('',*,*,#1738,.F.);
#2285=ORIENTED_EDGE('',*,*,#1739,.F.);
#2286=ORIENTED_EDGE('',*,*,#1736,.F.);
#2287=ORIENTED_EDGE('',*,*,#1740,.F.);
#2288=ORIENTED_EDGE('',*,*,#1741,.F.);
#2289=ORIENTED_EDGE('',*,*,#1742,.F.);
#2290=ORIENTED_EDGE('',*,*,#1743,.T.);
#2291=ORIENTED_EDGE('',*,*,#1734,.T.);
#2292=ORIENTED_EDGE('',*,*,#1744,.T.);
#2293=ORIENTED_EDGE('',*,*,#1745,.T.);
#2294=ORIENTED_EDGE('',*,*,#1744,.F.);
#2295=ORIENTED_EDGE('',*,*,#1746,.F.);
#2296=ORIENTED_EDGE('',*,*,#1743,.F.);
#2297=ORIENTED_EDGE('',*,*,#1747,.T.);
#2298=ORIENTED_EDGE('',*,*,#1741,.T.);
#2299=ORIENTED_EDGE('',*,*,#1747,.F.);
#2300=ORIENTED_EDGE('',*,*,#1742,.T.);
#2301=ORIENTED_EDGE('',*,*,#1745,.F.);
#2302=ORIENTED_EDGE('',*,*,#1684,.F.);
#2303=ORIENTED_EDGE('',*,*,#1748,.F.);
#2304=ORIENTED_EDGE('',*,*,#1749,.F.);
#2305=ORIENTED_EDGE('',*,*,#1750,.T.);
#2306=ORIENTED_EDGE('',*,*,#1685,.F.);
#2307=ORIENTED_EDGE('',*,*,#1750,.F.);
#2308=ORIENTED_EDGE('',*,*,#1751,.F.);
#2309=ORIENTED_EDGE('',*,*,#1752,.T.);
#2310=ORIENTED_EDGE('',*,*,#1682,.F.);
#2311=ORIENTED_EDGE('',*,*,#1752,.F.);
#2312=ORIENTED_EDGE('',*,*,#1753,.F.);
#2313=ORIENTED_EDGE('',*,*,#1754,.T.);
#2314=ORIENTED_EDGE('',*,*,#1683,.F.);
#2315=ORIENTED_EDGE('',*,*,#1754,.F.);
#2316=ORIENTED_EDGE('',*,*,#1755,.F.);
#2317=ORIENTED_EDGE('',*,*,#1748,.T.);
#2318=ORIENTED_EDGE('',*,*,#1686,.F.);
#2319=ORIENTED_EDGE('',*,*,#1756,.T.);
#2320=ORIENTED_EDGE('',*,*,#1757,.F.);
#2321=ORIENTED_EDGE('',*,*,#1756,.F.);
#2322=ORIENTED_EDGE('',*,*,#1687,.F.);
#2323=ORIENTED_EDGE('',*,*,#1758,.T.);
#2324=ORIENTED_EDGE('',*,*,#1759,.F.);
#2325=ORIENTED_EDGE('',*,*,#1758,.F.);
#2326=ORIENTED_EDGE('',*,*,#1688,.F.);
#2327=ORIENTED_EDGE('',*,*,#1760,.T.);
#2328=ORIENTED_EDGE('',*,*,#1761,.F.);
#2329=ORIENTED_EDGE('',*,*,#1760,.F.);
#2330=ORIENTED_EDGE('',*,*,#1689,.F.);
#2331=ORIENTED_EDGE('',*,*,#1762,.T.);
#2332=ORIENTED_EDGE('',*,*,#1763,.F.);
#2333=ORIENTED_EDGE('',*,*,#1762,.F.);
#2334=ORIENTED_EDGE('',*,*,#1764,.F.);
#2335=ORIENTED_EDGE('',*,*,#1765,.T.);
#2336=ORIENTED_EDGE('',*,*,#1766,.F.);
#2337=ORIENTED_EDGE('',*,*,#1765,.F.);
#2338=ORIENTED_EDGE('',*,*,#1767,.F.);
#2339=ORIENTED_EDGE('',*,*,#1768,.T.);
#2340=ORIENTED_EDGE('',*,*,#1769,.F.);
#2341=ORIENTED_EDGE('',*,*,#1768,.F.);
#2342=ORIENTED_EDGE('',*,*,#1770,.F.);
#2343=ORIENTED_EDGE('',*,*,#1771,.T.);
#2344=ORIENTED_EDGE('',*,*,#1772,.F.);
#2345=ORIENTED_EDGE('',*,*,#1771,.F.);
#2346=ORIENTED_EDGE('',*,*,#1773,.F.);
#2347=ORIENTED_EDGE('',*,*,#1774,.T.);
#2348=ORIENTED_EDGE('',*,*,#1775,.F.);
#2349=ORIENTED_EDGE('',*,*,#1774,.F.);
#2350=ORIENTED_EDGE('',*,*,#1776,.T.);
#2351=ORIENTED_EDGE('',*,*,#1777,.T.);
#2352=ORIENTED_EDGE('',*,*,#1778,.T.);
#2353=ORIENTED_EDGE('',*,*,#1777,.F.);
#2354=ORIENTED_EDGE('',*,*,#1779,.F.);
#2355=ORIENTED_EDGE('',*,*,#1780,.F.);
#2356=ORIENTED_EDGE('',*,*,#1781,.F.);
#2357=ORIENTED_EDGE('',*,*,#1782,.F.);
#2358=ORIENTED_EDGE('',*,*,#1783,.F.);
#2359=ORIENTED_EDGE('',*,*,#1784,.F.);
#2360=ORIENTED_EDGE('',*,*,#1785,.F.);
#2361=ORIENTED_EDGE('',*,*,#1786,.F.);
#2362=ORIENTED_EDGE('',*,*,#1787,.F.);
#2363=ORIENTED_EDGE('',*,*,#1788,.F.);
#2364=ORIENTED_EDGE('',*,*,#1789,.F.);
#2365=ORIENTED_EDGE('',*,*,#1790,.F.);
#2366=ORIENTED_EDGE('',*,*,#1791,.F.);
#2367=ORIENTED_EDGE('',*,*,#1770,.T.);
#2368=ORIENTED_EDGE('',*,*,#1773,.T.);
#2369=ORIENTED_EDGE('',*,*,#1792,.F.);
#2370=ORIENTED_EDGE('',*,*,#1793,.F.);
#2371=ORIENTED_EDGE('',*,*,#1794,.T.);
#2372=ORIENTED_EDGE('',*,*,#1795,.T.);
#2373=ORIENTED_EDGE('',*,*,#1796,.T.);
#2374=ORIENTED_EDGE('',*,*,#1797,.T.);
#2375=ORIENTED_EDGE('',*,*,#1798,.F.);
#2376=ORIENTED_EDGE('',*,*,#1776,.F.);
#2377=ORIENTED_EDGE('',*,*,#1767,.T.);
#2378=ORIENTED_EDGE('',*,*,#1764,.T.);
#2379=ORIENTED_EDGE('',*,*,#1799,.F.);
#2380=ORIENTED_EDGE('',*,*,#1800,.T.);
#2381=ORIENTED_EDGE('',*,*,#1778,.F.);
#2382=ORIENTED_EDGE('',*,*,#1800,.F.);
#2383=ORIENTED_EDGE('',*,*,#1792,.T.);
#2384=ORIENTED_EDGE('',*,*,#1801,.T.);
#2385=ORIENTED_EDGE('',*,*,#1802,.T.);
#2386=ORIENTED_EDGE('',*,*,#1801,.F.);
#2387=ORIENTED_EDGE('',*,*,#1803,.F.);
#2388=ORIENTED_EDGE('',*,*,#1804,.T.);
#2389=ORIENTED_EDGE('',*,*,#1802,.F.);
#2390=ORIENTED_EDGE('',*,*,#1804,.F.);
#2391=ORIENTED_EDGE('',*,*,#1798,.T.);
#2392=ORIENTED_EDGE('',*,*,#1805,.T.);
#2393=ORIENTED_EDGE('',*,*,#1806,.T.);
#2394=ORIENTED_EDGE('',*,*,#1805,.F.);
#2395=ORIENTED_EDGE('',*,*,#1807,.F.);
#2396=ORIENTED_EDGE('',*,*,#1808,.T.);
#2397=ORIENTED_EDGE('',*,*,#1806,.F.);
#2398=ORIENTED_EDGE('',*,*,#1808,.F.);
#2399=ORIENTED_EDGE('',*,*,#1793,.T.);
#2400=ORIENTED_EDGE('',*,*,#1809,.T.);
#2401=ORIENTED_EDGE('',*,*,#1810,.T.);
#2402=ORIENTED_EDGE('',*,*,#1809,.F.);
#2403=ORIENTED_EDGE('',*,*,#1811,.F.);
#2404=ORIENTED_EDGE('',*,*,#1812,.T.);
#2405=ORIENTED_EDGE('',*,*,#1810,.F.);
#2406=ORIENTED_EDGE('',*,*,#1812,.F.);
#2407=ORIENTED_EDGE('',*,*,#1813,.F.);
#2408=ORIENTED_EDGE('',*,*,#1814,.T.);
#2409=ORIENTED_EDGE('',*,*,#1815,.T.);
#2410=ORIENTED_EDGE('',*,*,#1816,.F.);
#2411=ORIENTED_EDGE('',*,*,#1817,.F.);
#2412=ORIENTED_EDGE('',*,*,#1607,.F.);
#2413=ORIENTED_EDGE('',*,*,#1818,.T.);
#2414=ORIENTED_EDGE('',*,*,#1813,.T.);
#2415=ORIENTED_EDGE('',*,*,#1609,.F.);
#2416=ORIENTED_EDGE('',*,*,#1819,.F.);
#2417=ORIENTED_EDGE('',*,*,#1815,.F.);
#2418=ORIENTED_EDGE('',*,*,#1820,.T.);
#2419=ORIENTED_EDGE('',*,*,#1821,.F.);
#2420=ORIENTED_EDGE('',*,*,#1822,.T.);
#2421=ORIENTED_EDGE('',*,*,#1823,.T.);
#2422=ORIENTED_EDGE('',*,*,#1824,.F.);
#2423=ORIENTED_EDGE('',*,*,#1825,.F.);
#2424=ORIENTED_EDGE('',*,*,#1631,.F.);
#2425=ORIENTED_EDGE('',*,*,#1826,.T.);
#2426=ORIENTED_EDGE('',*,*,#1821,.T.);
#2427=ORIENTED_EDGE('',*,*,#1633,.F.);
#2428=ORIENTED_EDGE('',*,*,#1827,.F.);
#2429=ORIENTED_EDGE('',*,*,#1823,.F.);
#2430=ORIENTED_EDGE('',*,*,#1828,.T.);
#2431=ORIENTED_EDGE('',*,*,#1816,.T.);
#2432=ORIENTED_EDGE('',*,*,#1819,.T.);
#2433=ORIENTED_EDGE('',*,*,#1608,.T.);
#2434=ORIENTED_EDGE('',*,*,#1817,.T.);
#2435=ORIENTED_EDGE('',*,*,#1829,.T.);
#2436=ORIENTED_EDGE('',*,*,#1827,.T.);
#2437=ORIENTED_EDGE('',*,*,#1632,.T.);
#2438=ORIENTED_EDGE('',*,*,#1825,.T.);
#2439=ORIENTED_EDGE('',*,*,#1824,.T.);
#2440=ORIENTED_EDGE('',*,*,#1830,.T.);
#2441=ORIENTED_EDGE('',*,*,#1830,.F.);
#2442=ORIENTED_EDGE('',*,*,#1831,.T.);
#2443=ORIENTED_EDGE('',*,*,#1832,.F.);
#2444=ORIENTED_EDGE('',*,*,#1831,.F.);
#2445=ORIENTED_EDGE('',*,*,#1829,.F.);
#2446=ORIENTED_EDGE('',*,*,#1833,.T.);
#2447=ORIENTED_EDGE('',*,*,#1834,.F.);
#2448=ORIENTED_EDGE('',*,*,#1833,.F.);
#2449=ORIENTED_EDGE('',*,*,#1835,.F.);
#2450=ORIENTED_EDGE('',*,*,#1836,.F.);
#2451=ORIENTED_EDGE('',*,*,#1796,.F.);
#2452=ORIENTED_EDGE('',*,*,#1837,.T.);
#2453=ORIENTED_EDGE('',*,*,#1838,.F.);
#2454=ORIENTED_EDGE('',*,*,#1837,.F.);
#2455=ORIENTED_EDGE('',*,*,#1795,.F.);
#2456=ORIENTED_EDGE('',*,*,#1839,.T.);
#2457=ORIENTED_EDGE('',*,*,#1840,.F.);
#2458=ORIENTED_EDGE('',*,*,#1839,.F.);
#2459=ORIENTED_EDGE('',*,*,#1794,.F.);
#2460=ORIENTED_EDGE('',*,*,#1841,.T.);
#2461=ORIENTED_EDGE('',*,*,#1842,.F.);
#2462=ORIENTED_EDGE('',*,*,#1841,.F.);
#2463=ORIENTED_EDGE('',*,*,#1797,.F.);
#2464=ORIENTED_EDGE('',*,*,#1836,.T.);
#2465=ORIENTED_EDGE('',*,*,#1696,.T.);
#2466=ORIENTED_EDGE('',*,*,#1843,.F.);
#2467=ORIENTED_EDGE('',*,*,#1844,.F.);
#2468=ORIENTED_EDGE('',*,*,#1845,.F.);
#2469=ORIENTED_EDGE('',*,*,#1846,.T.);
#2470=ORIENTED_EDGE('',*,*,#1847,.F.);
#2471=ORIENTED_EDGE('',*,*,#1697,.F.);
#2472=ORIENTED_EDGE('',*,*,#1847,.T.);
#2473=ORIENTED_EDGE('',*,*,#1848,.T.);
#2474=ORIENTED_EDGE('',*,*,#1849,.T.);
#2475=ORIENTED_EDGE('',*,*,#1850,.T.);
#2476=ORIENTED_EDGE('',*,*,#1851,.T.);
#2477=ORIENTED_EDGE('',*,*,#1852,.T.);
#2478=ORIENTED_EDGE('',*,*,#1853,.T.);
#2479=ORIENTED_EDGE('',*,*,#1854,.T.);
#2480=ORIENTED_EDGE('',*,*,#1855,.T.);
#2481=ORIENTED_EDGE('',*,*,#1856,.T.);
#2482=ORIENTED_EDGE('',*,*,#1857,.T.);
#2483=ORIENTED_EDGE('',*,*,#1693,.F.);
#2484=ORIENTED_EDGE('',*,*,#1858,.T.);
#2485=ORIENTED_EDGE('',*,*,#1859,.T.);
#2486=ORIENTED_EDGE('',*,*,#1860,.T.);
#2487=ORIENTED_EDGE('',*,*,#1861,.T.);
#2488=ORIENTED_EDGE('',*,*,#1862,.T.);
#2489=ORIENTED_EDGE('',*,*,#1863,.T.);
#2490=ORIENTED_EDGE('',*,*,#1864,.T.);
#2491=ORIENTED_EDGE('',*,*,#1865,.T.);
#2492=ORIENTED_EDGE('',*,*,#1866,.T.);
#2493=ORIENTED_EDGE('',*,*,#1867,.T.);
#2494=ORIENTED_EDGE('',*,*,#1868,.T.);
#2495=ORIENTED_EDGE('',*,*,#1869,.T.);
#2496=ORIENTED_EDGE('',*,*,#1870,.T.);
#2497=ORIENTED_EDGE('',*,*,#1843,.T.);
#2498=ORIENTED_EDGE('',*,*,#1691,.F.);
#2499=ORIENTED_EDGE('',*,*,#1871,.T.);
#2500=ORIENTED_EDGE('',*,*,#1695,.F.);
#2501=ORIENTED_EDGE('',*,*,#1872,.T.);
#2502=ORIENTED_EDGE('',*,*,#1709,.T.);
#2503=ORIENTED_EDGE('',*,*,#1719,.T.);
#2504=ORIENTED_EDGE('',*,*,#1740,.T.);
#2505=ORIENTED_EDGE('',*,*,#1746,.T.);
#2506=ORIENTED_EDGE('',*,*,#1757,.T.);
#2507=ORIENTED_EDGE('',*,*,#1761,.T.);
#2508=ORIENTED_EDGE('',*,*,#1832,.T.);
#2509=ORIENTED_EDGE('',*,*,#1834,.T.);
#2510=ORIENTED_EDGE('',*,*,#1613,.T.);
#2511=ORIENTED_EDGE('',*,*,#1621,.T.);
#2512=ORIENTED_EDGE('',*,*,#1651,.T.);
#2513=ORIENTED_EDGE('',*,*,#1637,.T.);
#2514=ORIENTED_EDGE('',*,*,#1763,.T.);
#2515=ORIENTED_EDGE('',*,*,#1759,.T.);
#2516=ORIENTED_EDGE('',*,*,#1753,.T.);
#2517=ORIENTED_EDGE('',*,*,#1751,.T.);
#2518=ORIENTED_EDGE('',*,*,#1749,.T.);
#2519=ORIENTED_EDGE('',*,*,#1755,.T.);
#2520=ORIENTED_EDGE('',*,*,#1737,.T.);
#2521=ORIENTED_EDGE('',*,*,#1727,.T.);
#2522=ORIENTED_EDGE('',*,*,#1729,.T.);
#2523=ORIENTED_EDGE('',*,*,#1722,.T.);
#2524=ORIENTED_EDGE('',*,*,#1725,.T.);
#2525=ORIENTED_EDGE('',*,*,#1714,.T.);
#2526=ORIENTED_EDGE('',*,*,#1704,.T.);
#2527=ORIENTED_EDGE('',*,*,#1692,.T.);
#2528=ORIENTED_EDGE('',*,*,#1857,.F.);
#2529=ORIENTED_EDGE('',*,*,#1873,.F.);
#2530=ORIENTED_EDGE('',*,*,#1874,.F.);
#2531=ORIENTED_EDGE('',*,*,#1875,.T.);
#2532=ORIENTED_EDGE('',*,*,#1858,.F.);
#2533=ORIENTED_EDGE('',*,*,#1876,.F.);
#2534=ORIENTED_EDGE('',*,*,#1877,.T.);
#2535=ORIENTED_EDGE('',*,*,#1878,.T.);
#2536=ORIENTED_EDGE('',*,*,#1879,.F.);
#2537=ORIENTED_EDGE('',*,*,#1880,.F.);
#2538=ORIENTED_EDGE('',*,*,#1879,.T.);
#2539=ORIENTED_EDGE('',*,*,#1881,.T.);
#2540=ORIENTED_EDGE('',*,*,#1882,.F.);
#2541=ORIENTED_EDGE('',*,*,#1883,.F.);
#2542=ORIENTED_EDGE('',*,*,#1882,.T.);
#2543=ORIENTED_EDGE('',*,*,#1884,.T.);
#2544=ORIENTED_EDGE('',*,*,#1885,.F.);
#2545=ORIENTED_EDGE('',*,*,#1886,.F.);
#2546=ORIENTED_EDGE('',*,*,#1885,.T.);
#2547=ORIENTED_EDGE('',*,*,#1887,.T.);
#2548=ORIENTED_EDGE('',*,*,#1888,.F.);
#2549=ORIENTED_EDGE('',*,*,#1889,.F.);
#2550=ORIENTED_EDGE('',*,*,#1888,.T.);
#2551=ORIENTED_EDGE('',*,*,#1845,.T.);
#2552=ORIENTED_EDGE('',*,*,#1890,.F.);
#2553=ORIENTED_EDGE('',*,*,#1891,.F.);
#2554=ORIENTED_EDGE('',*,*,#1890,.T.);
#2555=ORIENTED_EDGE('',*,*,#1892,.T.);
#2556=ORIENTED_EDGE('',*,*,#1893,.F.);
#2557=ORIENTED_EDGE('',*,*,#1894,.F.);
#2558=ORIENTED_EDGE('',*,*,#1893,.T.);
#2559=ORIENTED_EDGE('',*,*,#1895,.T.);
#2560=ORIENTED_EDGE('',*,*,#1896,.T.);
#2561=ORIENTED_EDGE('',*,*,#1897,.F.);
#2562=ORIENTED_EDGE('',*,*,#1898,.F.);
#2563=ORIENTED_EDGE('',*,*,#1897,.T.);
#2564=ORIENTED_EDGE('',*,*,#1899,.T.);
#2565=ORIENTED_EDGE('',*,*,#1900,.F.);
#2566=ORIENTED_EDGE('',*,*,#1901,.F.);
#2567=ORIENTED_EDGE('',*,*,#1902,.F.);
#2568=ORIENTED_EDGE('',*,*,#1901,.T.);
#2569=ORIENTED_EDGE('',*,*,#1903,.F.);
#2570=ORIENTED_EDGE('',*,*,#1904,.F.);
#2571=ORIENTED_EDGE('',*,*,#1732,.T.);
#2572=ORIENTED_EDGE('',*,*,#1905,.F.);
#2573=ORIENTED_EDGE('',*,*,#1860,.F.);
#2574=ORIENTED_EDGE('',*,*,#1906,.F.);
#2575=ORIENTED_EDGE('',*,*,#1907,.F.);
#2576=ORIENTED_EDGE('',*,*,#1875,.F.);
#2577=ORIENTED_EDGE('',*,*,#1908,.F.);
#2578=ORIENTED_EDGE('',*,*,#1906,.T.);
#2579=ORIENTED_EDGE('',*,*,#1859,.F.);
#2580=ORIENTED_EDGE('',*,*,#1690,.T.);
#2581=ORIENTED_EDGE('',*,*,#1871,.F.);
#2582=ORIENTED_EDGE('',*,*,#1909,.F.);
#2583=ORIENTED_EDGE('',*,*,#1910,.F.);
#2584=ORIENTED_EDGE('',*,*,#1873,.T.);
#2585=ORIENTED_EDGE('',*,*,#1856,.F.);
#2586=ORIENTED_EDGE('',*,*,#1911,.F.);
#2587=ORIENTED_EDGE('',*,*,#1912,.F.);
#2588=ORIENTED_EDGE('',*,*,#1909,.T.);
#2589=ORIENTED_EDGE('',*,*,#1855,.F.);
#2590=ORIENTED_EDGE('',*,*,#1913,.F.);
#2591=ORIENTED_EDGE('',*,*,#1914,.F.);
#2592=ORIENTED_EDGE('',*,*,#1911,.T.);
#2593=ORIENTED_EDGE('',*,*,#1854,.F.);
#2594=ORIENTED_EDGE('',*,*,#1915,.F.);
#2595=ORIENTED_EDGE('',*,*,#1916,.F.);
#2596=ORIENTED_EDGE('',*,*,#1913,.T.);
#2597=ORIENTED_EDGE('',*,*,#1853,.F.);
#2598=ORIENTED_EDGE('',*,*,#1917,.F.);
#2599=ORIENTED_EDGE('',*,*,#1918,.F.);
#2600=ORIENTED_EDGE('',*,*,#1915,.T.);
#2601=ORIENTED_EDGE('',*,*,#1852,.F.);
#2602=ORIENTED_EDGE('',*,*,#1919,.F.);
#2603=ORIENTED_EDGE('',*,*,#1878,.F.);
#2604=ORIENTED_EDGE('',*,*,#1917,.T.);
#2605=ORIENTED_EDGE('',*,*,#1851,.F.);
#2606=ORIENTED_EDGE('',*,*,#1920,.F.);
#2607=ORIENTED_EDGE('',*,*,#1881,.F.);
#2608=ORIENTED_EDGE('',*,*,#1919,.T.);
#2609=ORIENTED_EDGE('',*,*,#1850,.F.);
#2610=ORIENTED_EDGE('',*,*,#1921,.F.);
#2611=ORIENTED_EDGE('',*,*,#1884,.F.);
#2612=ORIENTED_EDGE('',*,*,#1920,.T.);
#2613=ORIENTED_EDGE('',*,*,#1849,.F.);
#2614=ORIENTED_EDGE('',*,*,#1846,.F.);
#2615=ORIENTED_EDGE('',*,*,#1887,.F.);
#2616=ORIENTED_EDGE('',*,*,#1921,.T.);
#2617=ORIENTED_EDGE('',*,*,#1848,.F.);
#2618=ORIENTED_EDGE('',*,*,#1694,.T.);
#2619=ORIENTED_EDGE('',*,*,#1872,.F.);
#2620=ORIENTED_EDGE('',*,*,#1922,.F.);
#2621=ORIENTED_EDGE('',*,*,#1892,.F.);
#2622=ORIENTED_EDGE('',*,*,#1844,.T.);
#2623=ORIENTED_EDGE('',*,*,#1870,.F.);
#2624=ORIENTED_EDGE('',*,*,#1923,.F.);
#2625=ORIENTED_EDGE('',*,*,#1895,.F.);
#2626=ORIENTED_EDGE('',*,*,#1922,.T.);
#2627=ORIENTED_EDGE('',*,*,#1869,.F.);
#2628=ORIENTED_EDGE('',*,*,#1924,.F.);
#2629=ORIENTED_EDGE('',*,*,#1925,.F.);
#2630=ORIENTED_EDGE('',*,*,#1905,.T.);
#2631=ORIENTED_EDGE('',*,*,#1926,.F.);
#2632=ORIENTED_EDGE('',*,*,#1927,.F.);
#2633=ORIENTED_EDGE('',*,*,#1896,.F.);
#2634=ORIENTED_EDGE('',*,*,#1923,.T.);
#2635=ORIENTED_EDGE('',*,*,#1928,.F.);
#2636=ORIENTED_EDGE('',*,*,#1929,.F.);
#2637=ORIENTED_EDGE('',*,*,#1899,.F.);
#2638=ORIENTED_EDGE('',*,*,#1927,.T.);
#2639=ORIENTED_EDGE('',*,*,#1930,.F.);
#2640=ORIENTED_EDGE('',*,*,#1924,.T.);
#2641=ORIENTED_EDGE('',*,*,#1931,.F.);
#2642=ORIENTED_EDGE('',*,*,#1932,.F.);
#2643=ORIENTED_EDGE('',*,*,#1933,.T.);
#2644=ORIENTED_EDGE('',*,*,#1934,.F.);
#2645=ORIENTED_EDGE('',*,*,#1935,.F.);
#2646=ORIENTED_EDGE('',*,*,#1936,.F.);
#2647=ORIENTED_EDGE('',*,*,#1932,.T.);
#2648=ORIENTED_EDGE('',*,*,#1937,.F.);
#2649=ORIENTED_EDGE('',*,*,#1928,.T.);
#2650=ORIENTED_EDGE('',*,*,#1868,.F.);
#2651=ORIENTED_EDGE('',*,*,#1938,.T.);
#2652=ORIENTED_EDGE('',*,*,#1939,.F.);
#2653=ORIENTED_EDGE('',*,*,#1930,.T.);
#2654=ORIENTED_EDGE('',*,*,#1940,.F.);
#2655=ORIENTED_EDGE('',*,*,#1941,.T.);
#2656=ORIENTED_EDGE('',*,*,#1918,.T.);
#2657=ORIENTED_EDGE('',*,*,#1877,.F.);
#2658=ORIENTED_EDGE('',*,*,#1942,.F.);
#2659=ORIENTED_EDGE('',*,*,#1943,.T.);
#2660=ORIENTED_EDGE('',*,*,#1916,.T.);
#2661=ORIENTED_EDGE('',*,*,#1941,.F.);
#2662=ORIENTED_EDGE('',*,*,#1944,.F.);
#2663=ORIENTED_EDGE('',*,*,#1945,.T.);
#2664=ORIENTED_EDGE('',*,*,#1914,.T.);
#2665=ORIENTED_EDGE('',*,*,#1943,.F.);
#2666=ORIENTED_EDGE('',*,*,#1946,.F.);
#2667=ORIENTED_EDGE('',*,*,#1947,.T.);
#2668=ORIENTED_EDGE('',*,*,#1912,.T.);
#2669=ORIENTED_EDGE('',*,*,#1945,.F.);
#2670=ORIENTED_EDGE('',*,*,#1929,.T.);
#2671=ORIENTED_EDGE('',*,*,#1939,.T.);
#2672=ORIENTED_EDGE('',*,*,#1948,.T.);
#2673=ORIENTED_EDGE('',*,*,#1949,.T.);
#2674=ORIENTED_EDGE('',*,*,#1950,.T.);
#2675=ORIENTED_EDGE('',*,*,#1951,.T.);
#2676=ORIENTED_EDGE('',*,*,#1952,.T.);
#2677=ORIENTED_EDGE('',*,*,#1953,.T.);
#2678=ORIENTED_EDGE('',*,*,#1933,.F.);
#2679=ORIENTED_EDGE('',*,*,#1936,.T.);
#2680=ORIENTED_EDGE('',*,*,#1935,.T.);
#2681=ORIENTED_EDGE('',*,*,#1954,.T.);
#2682=ORIENTED_EDGE('',*,*,#1903,.T.);
#2683=ORIENTED_EDGE('',*,*,#1900,.T.);
#2684=ORIENTED_EDGE('',*,*,#1772,.T.);
#2685=ORIENTED_EDGE('',*,*,#1775,.T.);
#2686=ORIENTED_EDGE('',*,*,#1840,.T.);
#2687=ORIENTED_EDGE('',*,*,#1842,.T.);
#2688=ORIENTED_EDGE('',*,*,#1835,.T.);
#2689=ORIENTED_EDGE('',*,*,#1838,.T.);
#2690=ORIENTED_EDGE('',*,*,#1799,.T.);
#2691=ORIENTED_EDGE('',*,*,#1803,.T.);
#2692=ORIENTED_EDGE('',*,*,#1811,.T.);
#2693=ORIENTED_EDGE('',*,*,#1807,.T.);
#2694=ORIENTED_EDGE('',*,*,#1769,.T.);
#2695=ORIENTED_EDGE('',*,*,#1766,.T.);
#2696=ORIENTED_EDGE('',*,*,#1955,.F.);
#2697=ORIENTED_EDGE('',*,*,#1956,.T.);
#2698=ORIENTED_EDGE('',*,*,#1910,.T.);
#2699=ORIENTED_EDGE('',*,*,#1947,.F.);
#2700=ORIENTED_EDGE('',*,*,#1957,.F.);
#2701=ORIENTED_EDGE('',*,*,#1958,.T.);
#2702=ORIENTED_EDGE('',*,*,#1874,.T.);
#2703=ORIENTED_EDGE('',*,*,#1956,.F.);
#2704=ORIENTED_EDGE('',*,*,#1959,.F.);
#2705=ORIENTED_EDGE('',*,*,#1960,.T.);
#2706=ORIENTED_EDGE('',*,*,#1908,.T.);
#2707=ORIENTED_EDGE('',*,*,#1958,.F.);
#2708=ORIENTED_EDGE('',*,*,#1925,.T.);
#2709=ORIENTED_EDGE('',*,*,#1934,.T.);
#2710=ORIENTED_EDGE('',*,*,#1953,.F.);
#2711=ORIENTED_EDGE('',*,*,#1961,.F.);
#2712=ORIENTED_EDGE('',*,*,#1861,.F.);
#2713=ORIENTED_EDGE('',*,*,#1962,.F.);
#2714=ORIENTED_EDGE('',*,*,#1862,.F.);
#2715=ORIENTED_EDGE('',*,*,#1961,.T.);
#2716=ORIENTED_EDGE('',*,*,#1952,.F.);
#2717=ORIENTED_EDGE('',*,*,#1963,.F.);
#2718=ORIENTED_EDGE('',*,*,#1863,.F.);
#2719=ORIENTED_EDGE('',*,*,#1962,.T.);
#2720=ORIENTED_EDGE('',*,*,#1951,.F.);
#2721=ORIENTED_EDGE('',*,*,#1963,.T.);
#2722=ORIENTED_EDGE('',*,*,#1964,.F.);
#2723=ORIENTED_EDGE('',*,*,#1864,.F.);
#2724=ORIENTED_EDGE('',*,*,#1964,.T.);
#2725=ORIENTED_EDGE('',*,*,#1950,.F.);
#2726=ORIENTED_EDGE('',*,*,#1965,.F.);
#2727=ORIENTED_EDGE('',*,*,#1865,.F.);
#2728=ORIENTED_EDGE('',*,*,#1966,.F.);
#2729=ORIENTED_EDGE('',*,*,#1866,.F.);
#2730=ORIENTED_EDGE('',*,*,#1965,.T.);
#2731=ORIENTED_EDGE('',*,*,#1949,.F.);
#2732=ORIENTED_EDGE('',*,*,#1938,.F.);
#2733=ORIENTED_EDGE('',*,*,#1867,.F.);
#2734=ORIENTED_EDGE('',*,*,#1966,.T.);
#2735=ORIENTED_EDGE('',*,*,#1948,.F.);
#2736=ORIENTED_EDGE('',*,*,#1967,.F.);
#2737=ORIENTED_EDGE('',*,*,#1904,.T.);
#2738=ORIENTED_EDGE('',*,*,#1954,.F.);
#2739=ORIENTED_EDGE('',*,*,#1937,.T.);
#2740=ORIENTED_EDGE('',*,*,#1931,.T.);
#2741=ORIENTED_EDGE('',*,*,#1968,.F.);
#2742=ORIENTED_EDGE('',*,*,#1969,.F.);
#2743=ORIENTED_EDGE('',*,*,#1968,.T.);
#2744=ORIENTED_EDGE('',*,*,#1926,.T.);
#2745=ORIENTED_EDGE('',*,*,#1907,.T.);
#2746=ORIENTED_EDGE('',*,*,#1960,.F.);
#2747=ORIENTED_EDGE('',*,*,#1970,.F.);
#2748=ORIENTED_EDGE('',*,*,#1971,.F.);
#2749=ORIENTED_EDGE('',*,*,#1972,.F.);
#2750=ORIENTED_EDGE('',*,*,#1973,.F.);
#2751=ORIENTED_EDGE('',*,*,#1974,.F.);
#2752=ORIENTED_EDGE('',*,*,#1975,.F.);
#2753=ORIENTED_EDGE('',*,*,#1976,.F.);
#2754=ORIENTED_EDGE('',*,*,#1977,.F.);
#2755=ORIENTED_EDGE('',*,*,#1978,.F.);
#2756=ORIENTED_EDGE('',*,*,#1979,.F.);
#2757=ORIENTED_EDGE('',*,*,#1980,.F.);
#2758=ORIENTED_EDGE('',*,*,#1981,.F.);
#2759=ORIENTED_EDGE('',*,*,#1982,.F.);
#2760=ORIENTED_EDGE('',*,*,#1983,.F.);
#2761=ORIENTED_EDGE('',*,*,#1984,.F.);
#2762=ORIENTED_EDGE('',*,*,#1985,.F.);
#2763=ORIENTED_EDGE('',*,*,#1986,.F.);
#2764=ORIENTED_EDGE('',*,*,#1987,.F.);
#2765=ORIENTED_EDGE('',*,*,#1876,.T.);
#2766=ORIENTED_EDGE('',*,*,#1880,.T.);
#2767=ORIENTED_EDGE('',*,*,#1883,.T.);
#2768=ORIENTED_EDGE('',*,*,#1886,.T.);
#2769=ORIENTED_EDGE('',*,*,#1889,.T.);
#2770=ORIENTED_EDGE('',*,*,#1891,.T.);
#2771=ORIENTED_EDGE('',*,*,#1894,.T.);
#2772=ORIENTED_EDGE('',*,*,#1898,.T.);
#2773=ORIENTED_EDGE('',*,*,#1902,.T.);
#2774=ORIENTED_EDGE('',*,*,#1967,.T.);
#2775=ORIENTED_EDGE('',*,*,#1969,.T.);
#2776=ORIENTED_EDGE('',*,*,#1959,.T.);
#2777=ORIENTED_EDGE('',*,*,#1957,.T.);
#2778=ORIENTED_EDGE('',*,*,#1955,.T.);
#2779=ORIENTED_EDGE('',*,*,#1946,.T.);
#2780=ORIENTED_EDGE('',*,*,#1944,.T.);
#2781=ORIENTED_EDGE('',*,*,#1942,.T.);
#2782=ORIENTED_EDGE('',*,*,#1940,.T.);
#2783=ORIENTED_EDGE('',*,*,#1979,.T.);
#2784=ORIENTED_EDGE('',*,*,#1988,.T.);
#2785=ORIENTED_EDGE('',*,*,#1989,.F.);
#2786=ORIENTED_EDGE('',*,*,#1990,.F.);
#2787=ORIENTED_EDGE('',*,*,#1978,.T.);
#2788=ORIENTED_EDGE('',*,*,#1991,.T.);
#2789=ORIENTED_EDGE('',*,*,#1992,.F.);
#2790=ORIENTED_EDGE('',*,*,#1988,.F.);
#2791=ORIENTED_EDGE('',*,*,#1977,.T.);
#2792=ORIENTED_EDGE('',*,*,#1993,.T.);
#2793=ORIENTED_EDGE('',*,*,#1994,.F.);
#2794=ORIENTED_EDGE('',*,*,#1991,.F.);
#2795=ORIENTED_EDGE('',*,*,#1976,.T.);
#2796=ORIENTED_EDGE('',*,*,#1995,.T.);
#2797=ORIENTED_EDGE('',*,*,#1996,.F.);
#2798=ORIENTED_EDGE('',*,*,#1993,.F.);
#2799=ORIENTED_EDGE('',*,*,#1975,.T.);
#2800=ORIENTED_EDGE('',*,*,#1997,.T.);
#2801=ORIENTED_EDGE('',*,*,#1998,.F.);
#2802=ORIENTED_EDGE('',*,*,#1995,.F.);
#2803=ORIENTED_EDGE('',*,*,#1974,.T.);
#2804=ORIENTED_EDGE('',*,*,#1999,.T.);
#2805=ORIENTED_EDGE('',*,*,#2000,.F.);
#2806=ORIENTED_EDGE('',*,*,#1997,.F.);
#2807=ORIENTED_EDGE('',*,*,#1973,.T.);
#2808=ORIENTED_EDGE('',*,*,#2001,.T.);
#2809=ORIENTED_EDGE('',*,*,#2002,.F.);
#2810=ORIENTED_EDGE('',*,*,#2003,.F.);
#2811=ORIENTED_EDGE('',*,*,#1999,.F.);
#2812=ORIENTED_EDGE('',*,*,#1972,.T.);
#2813=ORIENTED_EDGE('',*,*,#2004,.T.);
#2814=ORIENTED_EDGE('',*,*,#1780,.T.);
#2815=ORIENTED_EDGE('',*,*,#2005,.F.);
#2816=ORIENTED_EDGE('',*,*,#2001,.F.);
#2817=ORIENTED_EDGE('',*,*,#1971,.T.);
#2818=ORIENTED_EDGE('',*,*,#2006,.T.);
#2819=ORIENTED_EDGE('',*,*,#1781,.T.);
#2820=ORIENTED_EDGE('',*,*,#2004,.F.);
#2821=ORIENTED_EDGE('',*,*,#1730,.T.);
#2822=ORIENTED_EDGE('',*,*,#2007,.T.);
#2823=ORIENTED_EDGE('',*,*,#2008,.T.);
#2824=ORIENTED_EDGE('',*,*,#2009,.T.);
#2825=ORIENTED_EDGE('',*,*,#1675,.T.);
#2826=ORIENTED_EDGE('',*,*,#2010,.T.);
#2827=ORIENTED_EDGE('',*,*,#1676,.T.);
#2828=ORIENTED_EDGE('',*,*,#2009,.F.);
#2829=ORIENTED_EDGE('',*,*,#2011,.T.);
#2830=ORIENTED_EDGE('',*,*,#1818,.F.);
#2831=ORIENTED_EDGE('',*,*,#1677,.T.);
#2832=ORIENTED_EDGE('',*,*,#2010,.F.);
#2833=ORIENTED_EDGE('',*,*,#2012,.T.);
#2834=ORIENTED_EDGE('',*,*,#2013,.T.);
#2835=ORIENTED_EDGE('',*,*,#1653,.T.);
#2836=ORIENTED_EDGE('',*,*,#1820,.F.);
#2837=ORIENTED_EDGE('',*,*,#1814,.F.);
#2838=ORIENTED_EDGE('',*,*,#2014,.T.);
#2839=ORIENTED_EDGE('',*,*,#1654,.T.);
#2840=ORIENTED_EDGE('',*,*,#2013,.F.);
#2841=ORIENTED_EDGE('',*,*,#2015,.T.);
#2842=ORIENTED_EDGE('',*,*,#2016,.T.);
#2843=ORIENTED_EDGE('',*,*,#1655,.T.);
#2844=ORIENTED_EDGE('',*,*,#2014,.F.);
#2845=ORIENTED_EDGE('',*,*,#2017,.T.);
#2846=ORIENTED_EDGE('',*,*,#2018,.T.);
#2847=ORIENTED_EDGE('',*,*,#1656,.T.);
#2848=ORIENTED_EDGE('',*,*,#2016,.F.);
#2849=ORIENTED_EDGE('',*,*,#2019,.T.);
#2850=ORIENTED_EDGE('',*,*,#2020,.T.);
#2851=ORIENTED_EDGE('',*,*,#1657,.T.);
#2852=ORIENTED_EDGE('',*,*,#2018,.F.);
#2853=ORIENTED_EDGE('',*,*,#2021,.T.);
#2854=ORIENTED_EDGE('',*,*,#2022,.T.);
#2855=ORIENTED_EDGE('',*,*,#1658,.T.);
#2856=ORIENTED_EDGE('',*,*,#2020,.F.);
#2857=ORIENTED_EDGE('',*,*,#2023,.T.);
#2858=ORIENTED_EDGE('',*,*,#2024,.T.);
#2859=ORIENTED_EDGE('',*,*,#1659,.T.);
#2860=ORIENTED_EDGE('',*,*,#2022,.F.);
#2861=ORIENTED_EDGE('',*,*,#1989,.T.);
#2862=ORIENTED_EDGE('',*,*,#2025,.T.);
#2863=ORIENTED_EDGE('',*,*,#1660,.T.);
#2864=ORIENTED_EDGE('',*,*,#2024,.F.);
#2865=ORIENTED_EDGE('',*,*,#1992,.T.);
#2866=ORIENTED_EDGE('',*,*,#2026,.T.);
#2867=ORIENTED_EDGE('',*,*,#1661,.T.);
#2868=ORIENTED_EDGE('',*,*,#2025,.F.);
#2869=ORIENTED_EDGE('',*,*,#1994,.T.);
#2870=ORIENTED_EDGE('',*,*,#2027,.T.);
#2871=ORIENTED_EDGE('',*,*,#1662,.T.);
#2872=ORIENTED_EDGE('',*,*,#2026,.F.);
#2873=ORIENTED_EDGE('',*,*,#1996,.T.);
#2874=ORIENTED_EDGE('',*,*,#1826,.F.);
#2875=ORIENTED_EDGE('',*,*,#1663,.T.);
#2876=ORIENTED_EDGE('',*,*,#2027,.F.);
#2877=ORIENTED_EDGE('',*,*,#1998,.T.);
#2878=ORIENTED_EDGE('',*,*,#2028,.T.);
#2879=ORIENTED_EDGE('',*,*,#1664,.T.);
#2880=ORIENTED_EDGE('',*,*,#1828,.F.);
#2881=ORIENTED_EDGE('',*,*,#1822,.F.);
#2882=ORIENTED_EDGE('',*,*,#2029,.T.);
#2883=ORIENTED_EDGE('',*,*,#1665,.T.);
#2884=ORIENTED_EDGE('',*,*,#2028,.F.);
#2885=ORIENTED_EDGE('',*,*,#2000,.T.);
#2886=ORIENTED_EDGE('',*,*,#2030,.T.);
#2887=ORIENTED_EDGE('',*,*,#1666,.T.);
#2888=ORIENTED_EDGE('',*,*,#2029,.F.);
#2889=ORIENTED_EDGE('',*,*,#2003,.T.);
#2890=ORIENTED_EDGE('',*,*,#2031,.T.);
#2891=ORIENTED_EDGE('',*,*,#2032,.T.);
#2892=ORIENTED_EDGE('',*,*,#2007,.F.);
#2893=ORIENTED_EDGE('',*,*,#2033,.T.);
#2894=ORIENTED_EDGE('',*,*,#2034,.T.);
#2895=ORIENTED_EDGE('',*,*,#2035,.T.);
#2896=ORIENTED_EDGE('',*,*,#2030,.F.);
#2897=ORIENTED_EDGE('',*,*,#2002,.T.);
#2898=ORIENTED_EDGE('',*,*,#1779,.T.);
#2899=ORIENTED_EDGE('',*,*,#2036,.T.);
#2900=ORIENTED_EDGE('',*,*,#2034,.F.);
#2901=ORIENTED_EDGE('',*,*,#2005,.T.);
#2902=ORIENTED_EDGE('',*,*,#2031,.F.);
#2903=ORIENTED_EDGE('',*,*,#2037,.T.);
#2904=ORIENTED_EDGE('',*,*,#2038,.T.);
#2905=ORIENTED_EDGE('',*,*,#2039,.T.);
#2906=ORIENTED_EDGE('',*,*,#1783,.T.);
#2907=ORIENTED_EDGE('',*,*,#2040,.T.);
#2908=ORIENTED_EDGE('',*,*,#2038,.F.);
#2909=ORIENTED_EDGE('',*,*,#1784,.T.);
#2910=ORIENTED_EDGE('',*,*,#2035,.F.);
#2911=ORIENTED_EDGE('',*,*,#2036,.F.);
#2912=ORIENTED_EDGE('',*,*,#1791,.T.);
#2913=ORIENTED_EDGE('',*,*,#2041,.F.);
#2914=ORIENTED_EDGE('',*,*,#1667,.T.);
#2915=ORIENTED_EDGE('',*,*,#1980,.T.);
#2916=ORIENTED_EDGE('',*,*,#1990,.T.);
#2917=ORIENTED_EDGE('',*,*,#2023,.F.);
#2918=ORIENTED_EDGE('',*,*,#2042,.F.);
#2919=ORIENTED_EDGE('',*,*,#1981,.T.);
#2920=ORIENTED_EDGE('',*,*,#2042,.T.);
#2921=ORIENTED_EDGE('',*,*,#2021,.F.);
#2922=ORIENTED_EDGE('',*,*,#2043,.F.);
#2923=ORIENTED_EDGE('',*,*,#1982,.T.);
#2924=ORIENTED_EDGE('',*,*,#2043,.T.);
#2925=ORIENTED_EDGE('',*,*,#2019,.F.);
#2926=ORIENTED_EDGE('',*,*,#2044,.F.);
#2927=ORIENTED_EDGE('',*,*,#1983,.T.);
#2928=ORIENTED_EDGE('',*,*,#2044,.T.);
#2929=ORIENTED_EDGE('',*,*,#2017,.F.);
#2930=ORIENTED_EDGE('',*,*,#2045,.F.);
#2931=ORIENTED_EDGE('',*,*,#1984,.T.);
#2932=ORIENTED_EDGE('',*,*,#2045,.T.);
#2933=ORIENTED_EDGE('',*,*,#2015,.F.);
#2934=ORIENTED_EDGE('',*,*,#2046,.F.);
#2935=ORIENTED_EDGE('',*,*,#1985,.T.);
#2936=ORIENTED_EDGE('',*,*,#2046,.T.);
#2937=ORIENTED_EDGE('',*,*,#2012,.F.);
#2938=ORIENTED_EDGE('',*,*,#2047,.F.);
#2939=ORIENTED_EDGE('',*,*,#1986,.T.);
#2940=ORIENTED_EDGE('',*,*,#2047,.T.);
#2941=ORIENTED_EDGE('',*,*,#2011,.F.);
#2942=ORIENTED_EDGE('',*,*,#2048,.F.);
#2943=ORIENTED_EDGE('',*,*,#2033,.F.);
#2944=ORIENTED_EDGE('',*,*,#1674,.T.);
#2945=ORIENTED_EDGE('',*,*,#2049,.T.);
#2946=ORIENTED_EDGE('',*,*,#1785,.T.);
#2947=ORIENTED_EDGE('',*,*,#2037,.F.);
#2948=ORIENTED_EDGE('',*,*,#2050,.T.);
#2949=ORIENTED_EDGE('',*,*,#1786,.T.);
#2950=ORIENTED_EDGE('',*,*,#2049,.F.);
#2951=ORIENTED_EDGE('',*,*,#1673,.T.);
#2952=ORIENTED_EDGE('',*,*,#2051,.T.);
#2953=ORIENTED_EDGE('',*,*,#1787,.T.);
#2954=ORIENTED_EDGE('',*,*,#2050,.F.);
#2955=ORIENTED_EDGE('',*,*,#1672,.T.);
#2956=ORIENTED_EDGE('',*,*,#2051,.F.);
#2957=ORIENTED_EDGE('',*,*,#1671,.T.);
#2958=ORIENTED_EDGE('',*,*,#2052,.T.);
#2959=ORIENTED_EDGE('',*,*,#2052,.F.);
#2960=ORIENTED_EDGE('',*,*,#1670,.T.);
#2961=ORIENTED_EDGE('',*,*,#2053,.T.);
#2962=ORIENTED_EDGE('',*,*,#1788,.T.);
#2963=ORIENTED_EDGE('',*,*,#2054,.T.);
#2964=ORIENTED_EDGE('',*,*,#1789,.T.);
#2965=ORIENTED_EDGE('',*,*,#2053,.F.);
#2966=ORIENTED_EDGE('',*,*,#1669,.T.);
#2967=ORIENTED_EDGE('',*,*,#2041,.T.);
#2968=ORIENTED_EDGE('',*,*,#1790,.T.);
#2969=ORIENTED_EDGE('',*,*,#2054,.F.);
#2970=ORIENTED_EDGE('',*,*,#1668,.T.);
#2971=ORIENTED_EDGE('',*,*,#1970,.T.);
#2972=ORIENTED_EDGE('',*,*,#2055,.T.);
#2973=ORIENTED_EDGE('',*,*,#2039,.F.);
#2974=ORIENTED_EDGE('',*,*,#2040,.F.);
#2975=ORIENTED_EDGE('',*,*,#1782,.T.);
#2976=ORIENTED_EDGE('',*,*,#2006,.F.);
#2977=ORIENTED_EDGE('',*,*,#1987,.T.);
#2978=ORIENTED_EDGE('',*,*,#2048,.T.);
#2979=ORIENTED_EDGE('',*,*,#2008,.F.);
#2980=ORIENTED_EDGE('',*,*,#2032,.F.);
#2981=ORIENTED_EDGE('',*,*,#2055,.F.);
#2982=B_SPLINE_SURFACE_WITH_KNOTS('',3,3,((#4429,#4430,#4431,#4432,#4433,
#4434,#4435,#4436,#4437,#4438,#4439,#4440,#4441,#4442,#4443,#4444,#4445,
#4446),(#4447,#4448,#4449,#4450,#4451,#4452,#4453,#4454,#4455,#4456,#4457,
#4458,#4459,#4460,#4461,#4462,#4463,#4464),(#4465,#4466,#4467,#4468,#4469,
#4470,#4471,#4472,#4473,#4474,#4475,#4476,#4477,#4478,#4479,#4480,#4481,
#4482),(#4483,#4484,#4485,#4486,#4487,#4488,#4489,#4490,#4491,#4492,#4493,
#4494,#4495,#4496,#4497,#4498,#4499,#4500)),.UNSPECIFIED.,.F.,.F.,.F.,(4,
4),(4,2,2,2,2,2,2,2,4),(0.,1.),(-0.487102748211785,-0.433670832498479,-0.371927621074006,
-0.30637713573003,-0.248226444080761,-0.188403986375117,-0.121546809214559,
-0.0590011064971792,-0.000566973062764406),.UNSPECIFIED.);
#2983=B_SPLINE_SURFACE_WITH_KNOTS('',3,3,((#4554,#4555,#4556,#4557),(#4558,
#4559,#4560,#4561),(#4562,#4563,#4564,#4565),(#4566,#4567,#4568,#4569)),
 .UNSPECIFIED.,.F.,.F.,.F.,(4,4),(4,4),(0.,1.),(-0.000566973062764854,4.95589494607872E-17),
 .UNSPECIFIED.);
#2984=B_SPLINE_SURFACE_WITH_KNOTS('',3,3,((#4578,#4579,#4580,#4581),(#4582,
#4583,#4584,#4585),(#4586,#4587,#4588,#4589),(#4590,#4591,#4592,#4593)),
 .UNSPECIFIED.,.F.,.F.,.F.,(4,4),(4,4),(0.,1.),(-0.487669618437306,-0.487102748211771),
 .UNSPECIFIED.);
#2985=B_SPLINE_SURFACE_WITH_KNOTS('',3,3,((#4634,#4635,#4636,#4637,#4638,
#4639),(#4640,#4641,#4642,#4643,#4644,#4645),(#4646,#4647,#4648,#4649,#4650,
#4651),(#4652,#4653,#4654,#4655,#4656,#4657)),.UNSPECIFIED.,.F.,.F.,.F.,
(4,4),(4,1,1,4),(0.,1.),(-2.27612493971014,-1.66955502887683,-1.2651750883213,
-0.860795147765758),.UNSPECIFIED.);
#2986=B_SPLINE_SURFACE_WITH_KNOTS('',3,3,((#4679,#4680,#4681,#4682,#4683,
#4684),(#4685,#4686,#4687,#4688,#4689,#4690),(#4691,#4692,#4693,#4694,#4695,
#4696),(#4697,#4698,#4699,#4700,#4701,#4702)),.UNSPECIFIED.,.F.,.F.,.F.,
(4,4),(4,1,1,4),(0.,1.),(-2.27612493971004,-1.66955502887685,-1.26517508832139,
-0.860795147765927),.UNSPECIFIED.);
#2987=B_SPLINE_SURFACE_WITH_KNOTS('',3,3,((#4749,#4750,#4751,#4752,#4753,
#4754,#4755,#4756,#4757,#4758,#4759,#4760,#4761,#4762,#4763,#4764,#4765),
(#4766,#4767,#4768,#4769,#4770,#4771,#4772,#4773,#4774,#4775,#4776,#4777,
#4778,#4779,#4780,#4781,#4782),(#4783,#4784,#4785,#4786,#4787,#4788,#4789,
#4790,#4791,#4792,#4793,#4794,#4795,#4796,#4797,#4798,#4799),(#4800,#4801,
#4802,#4803,#4804,#4805,#4806,#4807,#4808,#4809,#4810,#4811,#4812,#4813,
#4814,#4815,#4816)),.UNSPECIFIED.,.F.,.F.,.F.,(4,4),(4,2,2,2,2,2,2,1,4),
(0.,1.),(-0.487102748212295,-0.433670832498929,-0.371927621074375,-0.306377135730329,
-0.248226444080992,-0.188403986375278,-0.121546809214649,-0.0610568911387063,
-0.000566973062763285),.UNSPECIFIED.);
#2988=B_SPLINE_SURFACE_WITH_KNOTS('',3,3,((#4849,#4850,#4851,#4852),(#4853,
#4854,#4855,#4856),(#4857,#4858,#4859,#4860),(#4861,#4862,#4863,#4864)),
 .UNSPECIFIED.,.F.,.F.,.F.,(4,4),(4,4),(0.,1.),(-0.000566973062763992,2.66075856699746E-17),
 .UNSPECIFIED.);
#2989=B_SPLINE_SURFACE_WITH_KNOTS('',3,3,((#4873,#4874,#4875,#4876),(#4877,
#4878,#4879,#4880),(#4881,#4882,#4883,#4884),(#4885,#4886,#4887,#4888)),
 .UNSPECIFIED.,.F.,.F.,.F.,(4,4),(4,4),(0.,1.),(-0.487669618437816,-0.487102748212282),
 .UNSPECIFIED.);
#2990=B_SPLINE_SURFACE_WITH_KNOTS('',3,3,((#5361,#5362,#5363,#5364),(#5365,
#5366,#5367,#5368),(#5369,#5370,#5371,#5372),(#5373,#5374,#5375,#5376),
(#5377,#5378,#5379,#5380)),.UNSPECIFIED.,.F.,.F.,.F.,(4,1,4),(4,4),(0.,
0.571428571428571,1.),(-9.87702095507766,-9.30785377862892),
 .UNSPECIFIED.);
#2991=B_SPLINE_SURFACE_WITH_KNOTS('',3,3,((#5386,#5387,#5388,#5389),(#5390,
#5391,#5392,#5393),(#5394,#5395,#5396,#5397),(#5398,#5399,#5400,#5401),
(#5402,#5403,#5404,#5405)),.UNSPECIFIED.,.F.,.F.,.F.,(4,1,4),(4,4),(0.,
0.571428571428571,1.),(-7.56400829266799,-6.99366511521141),
 .UNSPECIFIED.);
#2992=B_SPLINE_SURFACE_WITH_KNOTS('',3,3,((#5438,#5439,#5440,#5441),(#5442,
#5443,#5444,#5445),(#5446,#5447,#5448,#5449),(#5450,#5451,#5452,#5453),
(#5454,#5455,#5456,#5457)),.UNSPECIFIED.,.F.,.F.,.F.,(4,1,4),(4,4),(0.,
0.571428571428571,1.),(-9.92002780120177,-9.35767646428276),
 .UNSPECIFIED.);
#2993=B_SPLINE_SURFACE_WITH_KNOTS('',3,3,((#5463,#5464,#5465,#5466),(#5467,
#5468,#5469,#5470),(#5471,#5472,#5473,#5474),(#5475,#5476,#5477,#5478),
(#5479,#5480,#5481,#5482)),.UNSPECIFIED.,.F.,.F.,.F.,(4,1,4),(4,4),(0.,
0.571428571428571,1.),(-7.56849435265886,-7.00578472826652),
 .UNSPECIFIED.);
#2994=B_SPLINE_SURFACE_WITH_KNOTS('',3,3,((#5717,#5718,#5719,#5720,#5721),
(#5722,#5723,#5724,#5725,#5726),(#5727,#5728,#5729,#5730,#5731),(#5732,
#5733,#5734,#5735,#5736),(#5737,#5738,#5739,#5740,#5741),(#5742,#5743,#5744,
#5745,#5746)),.UNSPECIFIED.,.F.,.F.,.F.,(4,1,1,4),(4,1,4),(0.,0.285714285714286,
0.571428571428571,1.),(0.,0.735517712633287,1.71620799614434),
 .UNSPECIFIED.);
#2995=B_SPLINE_SURFACE_WITH_KNOTS('',3,3,((#5765,#5766,#5767,#5768,#5769),
(#5770,#5771,#5772,#5773,#5774),(#5775,#5776,#5777,#5778,#5779),(#5780,
#5781,#5782,#5783,#5784),(#5785,#5786,#5787,#5788,#5789),(#5790,#5791,#5792,
#5793,#5794)),.UNSPECIFIED.,.F.,.F.,.F.,(4,1,1,4),(4,1,4),(0.,0.285714285714286,
0.571428571428571,1.),(0.,0.980690283529405,1.71620799617646),
 .UNSPECIFIED.);
#2996=B_SPLINE_SURFACE_WITH_KNOTS('',3,3,((#5807,#5808,#5809,#5810),(#5811,
#5812,#5813,#5814),(#5815,#5816,#5817,#5818),(#5819,#5820,#5821,#5822),
(#5823,#5824,#5825,#5826),(#5827,#5828,#5829,#5830)),.UNSPECIFIED.,.F.,
 .F.,.F.,(4,1,1,4),(4,4),(0.,0.285714285714286,0.571428571428571,1.),(-0.392975093685038,
1.00130922722051),.UNSPECIFIED.);
#2997=B_SPLINE_SURFACE_WITH_KNOTS('',3,3,((#5846,#5847,#5848,#5849),(#5850,
#5851,#5852,#5853),(#5854,#5855,#5856,#5857),(#5858,#5859,#5860,#5861),
(#5862,#5863,#5864,#5865),(#5866,#5867,#5868,#5869)),.UNSPECIFIED.,.F.,
 .F.,.F.,(4,1,1,4),(4,4),(0.,0.285714285714286,0.571428571428571,1.),(0.,
1.00130922745386),.UNSPECIFIED.);
#2998=B_SPLINE_SURFACE_WITH_KNOTS('',3,3,((#5893,#5894,#5895,#5896),(#5897,
#5898,#5899,#5900),(#5901,#5902,#5903,#5904),(#5905,#5906,#5907,#5908),
(#5909,#5910,#5911,#5912)),.UNSPECIFIED.,.F.,.F.,.F.,(4,1,4),(4,4),(0.386263510029139,
0.649293434302365,1.),(0.,0.37601160599518),.UNSPECIFIED.);
#2999=B_SPLINE_SURFACE_WITH_KNOTS('',3,3,((#5931,#5932,#5933,#5934,#5935),
(#5936,#5937,#5938,#5939,#5940),(#5941,#5942,#5943,#5944,#5945),(#5946,
#5947,#5948,#5949,#5950),(#5951,#5952,#5953,#5954,#5955)),.UNSPECIFIED.,
 .F.,.F.,.F.,(4,1,4),(4,1,4),(0.0918657583697626,0.481066147639864,1.),
(7.90954123422497,8.8984712117263,10.2170445150614),.UNSPECIFIED.);
#3000=B_SPLINE_SURFACE_WITH_KNOTS('',3,3,((#6129,#6130,#6131,#6132,#6133),
(#6134,#6135,#6136,#6137,#6138),(#6139,#6140,#6141,#6142,#6143),(#6144,
#6145,#6146,#6147,#6148),(#6149,#6150,#6151,#6152,#6153)),.UNSPECIFIED.,
 .F.,.F.,.F.,(4,1,4),(4,1,4),(0.0918657583697626,0.610799610729898,1.),
(2.76915740493982,3.75756333498587,5.07543790838062),.UNSPECIFIED.);
#3001=B_SPLINE_SURFACE_WITH_KNOTS('',3,3,((#6159,#6160,#6161,#6162,#6163,
#6164,#6165),(#6166,#6167,#6168,#6169,#6170,#6171,#6172),(#6173,#6174,#6175,
#6176,#6177,#6178,#6179),(#6180,#6181,#6182,#6183,#6184,#6185,#6186)),
 .UNSPECIFIED.,.F.,.F.,.F.,(4,4),(4,1,1,1,4),(0.0446992974064786,1.),(-2.9248488722633,
-2.59322124641951,-2.26159362057572,-1.819423452784,-1.37725328499227),
 .UNSPECIFIED.);
#3002=B_SPLINE_SURFACE_WITH_KNOTS('',3,3,((#6191,#6192,#6193,#6194,#6195),
(#6196,#6197,#6198,#6199,#6200),(#6201,#6202,#6203,#6204,#6205),(#6206,
#6207,#6208,#6209,#6210)),.UNSPECIFIED.,.F.,.F.,.F.,(4,4),(4,1,4),(0.,1.),
(8.14251119064238,9.8589071426634,11.1462041066792),.UNSPECIFIED.);
#3003=B_SPLINE_SURFACE_WITH_KNOTS('',3,3,((#6215,#6216,#6217,#6218),(#6219,
#6220,#6221,#6222),(#6223,#6224,#6225,#6226),(#6227,#6228,#6229,#6230)),
 .UNSPECIFIED.,.F.,.F.,.F.,(4,4),(4,4),(0.,1.),(-1.96819168505595,0.00991430204283483),
 .UNSPECIFIED.);
#3004=B_SPLINE_SURFACE_WITH_KNOTS('',3,3,((#6234,#6235,#6236,#6237,#6238),
(#6239,#6240,#6241,#6242,#6243),(#6244,#6245,#6246,#6247,#6248),(#6249,
#6250,#6251,#6252,#6253)),.UNSPECIFIED.,.F.,.F.,.F.,(4,4),(4,1,4),(0.,1.),
(13.6466809457952,14.9366831328953,16.6566860490289),.UNSPECIFIED.);
#3005=B_SPLINE_SURFACE_WITH_KNOTS('',3,3,((#6258,#6259,#6260,#6261,#6262,
#6263,#6264),(#6265,#6266,#6267,#6268,#6269,#6270,#6271),(#6272,#6273,#6274,
#6275,#6276,#6277,#6278),(#6279,#6280,#6281,#6282,#6283,#6284,#6285)),
 .UNSPECIFIED.,.F.,.F.,.F.,(4,4),(4,1,1,1,4),(0.0446992974064783,1.),(-3.84596878949225,
-3.62522505835584,-3.18373759608301,-2.74225013381019,-2.30076267153737),
 .UNSPECIFIED.);
#3006=B_SPLINE_SURFACE_WITH_KNOTS('',3,3,((#6453,#6454,#6455,#6456,#6457),
(#6458,#6459,#6460,#6461,#6462),(#6463,#6464,#6465,#6466,#6467),(#6468,
#6469,#6470,#6471,#6472),(#6473,#6474,#6475,#6476,#6477),(#6478,#6479,#6480,
#6481,#6482)),.UNSPECIFIED.,.F.,.F.,.F.,(4,1,1,4),(4,1,4),(0.,0.285714285714286,
0.571428571428571,1.),(0.,0.735517712633287,1.71620799614434),
 .UNSPECIFIED.);
#3007=B_SPLINE_SURFACE_WITH_KNOTS('',3,3,((#6496,#6497,#6498,#6499,#6500),
(#6501,#6502,#6503,#6504,#6505),(#6506,#6507,#6508,#6509,#6510),(#6511,
#6512,#6513,#6514,#6515),(#6516,#6517,#6518,#6519,#6520),(#6521,#6522,#6523,
#6524,#6525)),.UNSPECIFIED.,.F.,.F.,.F.,(4,1,1,4),(4,1,4),(0.,0.285714285714286,
0.571428571428571,1.),(0.,0.980690283529405,1.71620799617646),
 .UNSPECIFIED.);
#3008=B_SPLINE_SURFACE_WITH_KNOTS('',3,3,((#6533,#6534,#6535,#6536,#6537),
(#6538,#6539,#6540,#6541,#6542),(#6543,#6544,#6545,#6546,#6547),(#6548,
#6549,#6550,#6551,#6552),(#6553,#6554,#6555,#6556,#6557),(#6558,#6559,#6560,
#6561,#6562)),.UNSPECIFIED.,.F.,.F.,.F.,(4,1,1,4),(4,1,4),(0.,0.285714285714286,
0.571428571428571,1.),(-0.789419317961491,-0.0219642271692042,1.00130922722051),
 .UNSPECIFIED.);
#3009=B_SPLINE_SURFACE_WITH_KNOTS('',3,3,((#6567,#6568,#6569,#6570),(#6571,
#6572,#6573,#6574),(#6575,#6576,#6577,#6578),(#6579,#6580,#6581,#6582),
(#6583,#6584,#6585,#6586),(#6587,#6588,#6589,#6590)),.UNSPECIFIED.,.F.,
 .F.,.F.,(4,1,1,4),(4,4),(0.,0.285714285714286,0.571428571428571,1.),(0.,
1.00130922745386),.UNSPECIFIED.);
#3010=B_SPLINE_SURFACE_WITH_KNOTS('',3,3,((#6601,#6602,#6603,#6604,#6605,
#6606),(#6607,#6608,#6609,#6610,#6611,#6612),(#6613,#6614,#6615,#6616,#6617,
#6618),(#6619,#6620,#6621,#6622,#6623,#6624),(#6625,#6626,#6627,#6628,#6629,
#6630),(#6631,#6632,#6633,#6634,#6635,#6636)),.UNSPECIFIED.,.F.,.F.,.F.,
(4,1,1,4),(4,1,1,4),(0.,0.285714285714286,0.571428571428571,1.),(0.,0.577317697250268,
0.962196162083781,1.34707462691729),.UNSPECIFIED.);
#3011=B_SPLINE_SURFACE_WITH_KNOTS('',3,3,((#6642,#6643,#6644,#6645,#6646),
(#6647,#6648,#6649,#6650,#6651),(#6652,#6653,#6654,#6655,#6656),(#6657,
#6658,#6659,#6660,#6661),(#6662,#6663,#6664,#6665,#6666)),.UNSPECIFIED.,
 .F.,.F.,.F.,(4,1,4),(4,1,4),(0.,0.571428571428571,1.),(7.90954123422497,
9.23434067692732,10.2279402589541),.UNSPECIFIED.);
#3012=B_SPLINE_SURFACE_WITH_KNOTS('',3,3,((#6682,#6683,#6684,#6685,#6686),
(#6687,#6688,#6689,#6690,#6691),(#6692,#6693,#6694,#6695,#6696),(#6697,
#6698,#6699,#6700,#6701),(#6702,#6703,#6704,#6705,#6706)),.UNSPECIFIED.,
 .F.,.F.,.F.,(4,1,4),(4,1,4),(0.,0.571428571428571,1.),(2.75826955591506,
4.08236575732395,5.07543790838062),.UNSPECIFIED.);
#3013=B_SPLINE_SURFACE_WITH_KNOTS('',3,3,((#6708,#6709,#6710,#6711,#6712,
#6713,#6714),(#6715,#6716,#6717,#6718,#6719,#6720,#6721),(#6722,#6723,#6724,
#6725,#6726,#6727,#6728),(#6729,#6730,#6731,#6732,#6733,#6734,#6735)),
 .UNSPECIFIED.,.F.,.F.,.F.,(4,4),(4,1,1,1,4),(0.,1.),(-2.9248488722633,
-2.59322124641951,-2.26159362057572,-1.819423452784,-1.37725328499227),
 .UNSPECIFIED.);
#3014=B_SPLINE_SURFACE_WITH_KNOTS('',3,3,((#6737,#6738,#6739,#6740,#6741),
(#6742,#6743,#6744,#6745,#6746),(#6747,#6748,#6749,#6750,#6751),(#6752,
#6753,#6754,#6755,#6756)),.UNSPECIFIED.,.F.,.F.,.F.,(4,4),(4,1,4),(0.,1.),
(8.14251119064238,9.8589071426634,11.1462041066792),.UNSPECIFIED.);
#3015=B_SPLINE_SURFACE_WITH_KNOTS('',3,3,((#6758,#6759,#6760,#6761,#6762,
#6763),(#6764,#6765,#6766,#6767,#6768,#6769),(#6770,#6771,#6772,#6773,#6774,
#6775),(#6776,#6777,#6778,#6779,#6780,#6781)),.UNSPECIFIED.,.F.,.F.,.F.,
(4,4),(4,2,4),(0.,1.),(-1.96819168505595,0.,0.00991430204283483),
 .UNSPECIFIED.);
#3016=B_SPLINE_SURFACE_WITH_KNOTS('',3,3,((#6785,#6786,#6787,#6788,#6789),
(#6790,#6791,#6792,#6793,#6794),(#6795,#6796,#6797,#6798,#6799),(#6800,
#6801,#6802,#6803,#6804)),.UNSPECIFIED.,.F.,.F.,.F.,(4,4),(4,1,4),(0.,1.),
(13.6466809457952,14.9366831328953,16.6566860490289),.UNSPECIFIED.);
#3017=B_SPLINE_SURFACE_WITH_KNOTS('',3,3,((#6806,#6807,#6808,#6809,#6810,
#6811,#6812),(#6813,#6814,#6815,#6816,#6817,#6818,#6819),(#6820,#6821,#6822,
#6823,#6824,#6825,#6826),(#6827,#6828,#6829,#6830,#6831,#6832,#6833)),
 .UNSPECIFIED.,.F.,.F.,.F.,(4,4),(4,1,1,1,4),(0.,1.),(-3.84596878949225,
-3.62522505835584,-3.18373759608301,-2.74225013381019,-2.30076267153737),
 .UNSPECIFIED.);
#3018=ADVANCED_FACE('',(#415),#2982,.T.);
#3019=ADVANCED_FACE('',(#416),#407,.F.);
#3020=ADVANCED_FACE('',(#417),#2983,.T.);
#3021=ADVANCED_FACE('',(#418),#2984,.T.);
#3022=ADVANCED_FACE('',(#419),#211,.F.);
#3023=ADVANCED_FACE('',(#420),#135,.F.);
#3024=ADVANCED_FACE('',(#421),#408,.F.);
#3025=ADVANCED_FACE('',(#422),#2985,.T.);
#3026=ADVANCED_FACE('',(#423),#136,.F.);
#3027=ADVANCED_FACE('',(#424),#409,.F.);
#3028=ADVANCED_FACE('',(#425),#2986,.T.);
#3029=ADVANCED_FACE('',(#426),#212,.F.);
#3030=ADVANCED_FACE('',(#427),#137,.F.);
#3031=ADVANCED_FACE('',(#428),#2987,.T.);
#3032=ADVANCED_FACE('',(#429),#410,.F.);
#3033=ADVANCED_FACE('',(#430),#2988,.T.);
#3034=ADVANCED_FACE('',(#431),#2989,.T.);
#3035=ADVANCED_FACE('',(#432),#138,.F.);
#3036=ADVANCED_FACE('',(#433,#31,#32,#33,#34,#35,#36),#86,.T.);
#3037=ADVANCED_FACE('',(#434),#139,.T.);
#3038=ADVANCED_FACE('',(#435),#140,.F.);
#3039=ADVANCED_FACE('',(#436),#141,.T.);
#3040=ADVANCED_FACE('',(#437),#142,.F.);
#3041=ADVANCED_FACE('',(#438),#87,.F.);
#3042=ADVANCED_FACE('',(#439),#88,.F.);
#3043=ADVANCED_FACE('',(#440),#89,.F.);
#3044=ADVANCED_FACE('',(#441),#90,.F.);
#3045=ADVANCED_FACE('',(#442),#143,.F.);
#3046=ADVANCED_FACE('',(#443),#144,.T.);
#3047=ADVANCED_FACE('',(#444,#37),#91,.F.);
#3048=ADVANCED_FACE('',(#445),#145,.F.);
#3049=ADVANCED_FACE('',(#446),#146,.T.);
#3050=ADVANCED_FACE('',(#447,#38),#92,.F.);
#3051=ADVANCED_FACE('',(#448),#147,.F.);
#3052=ADVANCED_FACE('',(#449),#148,.T.);
#3053=ADVANCED_FACE('',(#450,#39),#93,.F.);
#3054=ADVANCED_FACE('',(#451),#149,.F.);
#3055=ADVANCED_FACE('',(#452),#150,.T.);
#3056=ADVANCED_FACE('',(#453,#40),#94,.F.);
#3057=ADVANCED_FACE('',(#454),#95,.F.);
#3058=ADVANCED_FACE('',(#455),#96,.F.);
#3059=ADVANCED_FACE('',(#456),#97,.F.);
#3060=ADVANCED_FACE('',(#457),#98,.F.);
#3061=ADVANCED_FACE('',(#458),#151,.F.);
#3062=ADVANCED_FACE('',(#459),#99,.F.);
#3063=ADVANCED_FACE('',(#460),#100,.F.);
#3064=ADVANCED_FACE('',(#461),#152,.F.);
#3065=ADVANCED_FACE('',(#462),#153,.T.);
#3066=ADVANCED_FACE('',(#463,#41),#101,.F.);
#3067=ADVANCED_FACE('',(#464),#154,.F.);
#3068=ADVANCED_FACE('',(#465),#155,.F.);
#3069=ADVANCED_FACE('',(#466),#156,.T.);
#3070=ADVANCED_FACE('',(#467,#42),#102,.F.);
#3071=ADVANCED_FACE('',(#468),#103,.F.);
#3072=ADVANCED_FACE('',(#469),#104,.F.);
#3073=ADVANCED_FACE('',(#470),#105,.F.);
#3074=ADVANCED_FACE('',(#471),#106,.F.);
#3075=ADVANCED_FACE('',(#472),#157,.F.);
#3076=ADVANCED_FACE('',(#473),#158,.F.);
#3077=ADVANCED_FACE('',(#474),#159,.F.);
#3078=ADVANCED_FACE('',(#475),#160,.F.);
#3079=ADVANCED_FACE('',(#476),#161,.F.);
#3080=ADVANCED_FACE('',(#477),#162,.F.);
#3081=ADVANCED_FACE('',(#478),#163,.F.);
#3082=ADVANCED_FACE('',(#479),#164,.F.);
#3083=ADVANCED_FACE('',(#480),#411,.F.);
#3084=ADVANCED_FACE('',(#481,#43,#44,#45,#46,#47,#48,#49,#50,#51),#107,
 .F.);
#3085=ADVANCED_FACE('',(#482),#165,.F.);
#3086=ADVANCED_FACE('',(#483),#412,.F.);
#3087=ADVANCED_FACE('',(#484),#166,.F.);
#3088=ADVANCED_FACE('',(#485),#413,.F.);
#3089=ADVANCED_FACE('',(#486),#167,.F.);
#3090=ADVANCED_FACE('',(#487),#414,.F.);
#3091=ADVANCED_FACE('',(#488),#168,.F.);
#3092=ADVANCED_FACE('',(#489),#169,.F.);
#3093=ADVANCED_FACE('',(#490),#2990,.T.);
#3094=ADVANCED_FACE('',(#491),#2991,.T.);
#3095=ADVANCED_FACE('',(#492),#170,.F.);
#3096=ADVANCED_FACE('',(#493),#2992,.T.);
#3097=ADVANCED_FACE('',(#494),#2993,.T.);
#3098=ADVANCED_FACE('',(#495,#52),#108,.T.);
#3099=ADVANCED_FACE('',(#496,#53),#109,.T.);
#3100=ADVANCED_FACE('',(#497),#171,.F.);
#3101=ADVANCED_FACE('',(#498),#172,.F.);
#3102=ADVANCED_FACE('',(#499),#110,.F.);
#3103=ADVANCED_FACE('',(#500),#111,.F.);
#3104=ADVANCED_FACE('',(#501),#112,.F.);
#3105=ADVANCED_FACE('',(#502),#113,.F.);
#3106=ADVANCED_FACE('',(#503),#173,.F.);
#3107=ADVANCED_FACE('',(#504,#54,#55,#56,#57,#58,#59,#60,#61,#62,#63,#64,
#65,#66,#67,#68,#69,#70,#71,#72,#73),#114,.F.);
#3108=ADVANCED_FACE('',(#505),#174,.F.);
#3109=ADVANCED_FACE('',(#506),#115,.F.);
#3110=ADVANCED_FACE('',(#507),#175,.F.);
#3111=ADVANCED_FACE('',(#508),#116,.F.);
#3112=ADVANCED_FACE('',(#509),#176,.F.);
#3113=ADVANCED_FACE('',(#510),#117,.F.);
#3114=ADVANCED_FACE('',(#511),#177,.F.);
#3115=ADVANCED_FACE('',(#512),#118,.F.);
#3116=ADVANCED_FACE('',(#513),#178,.F.);
#3117=ADVANCED_FACE('',(#514,#74),#119,.F.);
#3118=ADVANCED_FACE('',(#515),#179,.F.);
#3119=ADVANCED_FACE('',(#516),#213,.F.);
#3120=ADVANCED_FACE('',(#517),#180,.F.);
#3121=ADVANCED_FACE('',(#518),#214,.F.);
#3122=ADVANCED_FACE('',(#519),#181,.F.);
#3123=ADVANCED_FACE('',(#520),#215,.F.);
#3124=ADVANCED_FACE('',(#521),#182,.F.);
#3125=ADVANCED_FACE('',(#522),#216,.F.);
#3126=ADVANCED_FACE('',(#523),#183,.F.);
#3127=ADVANCED_FACE('',(#524),#217,.F.);
#3128=ADVANCED_FACE('',(#525),#184,.F.);
#3129=ADVANCED_FACE('',(#526),#218,.F.);
#3130=ADVANCED_FACE('',(#527),#185,.F.);
#3131=ADVANCED_FACE('',(#528),#219,.F.);
#3132=ADVANCED_FACE('',(#529),#186,.F.);
#3133=ADVANCED_FACE('',(#530),#2994,.T.);
#3134=ADVANCED_FACE('',(#531),#2995,.T.);
#3135=ADVANCED_FACE('',(#532),#2996,.T.);
#3136=ADVANCED_FACE('',(#533),#2997,.T.);
#3137=ADVANCED_FACE('',(#534),#2998,.T.);
#3138=ADVANCED_FACE('',(#535),#2999,.F.);
#3139=ADVANCED_FACE('',(#536),#187,.T.);
#3140=ADVANCED_FACE('',(#537),#120,.F.);
#3141=ADVANCED_FACE('',(#538),#188,.F.);
#3142=ADVANCED_FACE('',(#539),#121,.F.);
#3143=ADVANCED_FACE('',(#540,#75,#76,#77,#78,#79,#80,#81,#82,#83),#122,
 .T.);
#3144=ADVANCED_FACE('',(#541),#189,.F.);
#3145=ADVANCED_FACE('',(#542),#123,.F.);
#3146=ADVANCED_FACE('',(#543),#190,.F.);
#3147=ADVANCED_FACE('',(#544),#3000,.F.);
#3148=ADVANCED_FACE('',(#545),#3001,.F.);
#3149=ADVANCED_FACE('',(#546),#3002,.F.);
#3150=ADVANCED_FACE('',(#547),#3003,.F.);
#3151=ADVANCED_FACE('',(#548),#191,.T.);
#3152=ADVANCED_FACE('',(#549),#3004,.F.);
#3153=ADVANCED_FACE('',(#550),#3005,.F.);
#3154=ADVANCED_FACE('',(#551),#192,.F.);
#3155=ADVANCED_FACE('',(#552),#124,.F.);
#3156=ADVANCED_FACE('',(#553,#84),#125,.F.);
#3157=ADVANCED_FACE('',(#554),#126,.T.);
#3158=ADVANCED_FACE('',(#555),#193,.T.);
#3159=ADVANCED_FACE('',(#556),#127,.T.);
#3160=ADVANCED_FACE('',(#557),#194,.T.);
#3161=ADVANCED_FACE('',(#558),#128,.T.);
#3162=ADVANCED_FACE('',(#559),#195,.T.);
#3163=ADVANCED_FACE('',(#560),#129,.T.);
#3164=ADVANCED_FACE('',(#561),#196,.T.);
#3165=ADVANCED_FACE('',(#562,#85),#130,.T.);
#3166=ADVANCED_FACE('',(#563),#197,.T.);
#3167=ADVANCED_FACE('',(#564),#19,.F.);
#3168=ADVANCED_FACE('',(#565),#198,.T.);
#3169=ADVANCED_FACE('',(#566),#20,.F.);
#3170=ADVANCED_FACE('',(#567),#199,.T.);
#3171=ADVANCED_FACE('',(#568),#220,.T.);
#3172=ADVANCED_FACE('',(#569),#200,.T.);
#3173=ADVANCED_FACE('',(#570),#221,.T.);
#3174=ADVANCED_FACE('',(#571),#201,.T.);
#3175=ADVANCED_FACE('',(#572),#222,.T.);
#3176=ADVANCED_FACE('',(#573),#202,.T.);
#3177=ADVANCED_FACE('',(#574),#21,.F.);
#3178=ADVANCED_FACE('',(#575),#203,.T.);
#3179=ADVANCED_FACE('',(#576),#22,.F.);
#3180=ADVANCED_FACE('',(#577),#204,.T.);
#3181=ADVANCED_FACE('',(#578),#3006,.F.);
#3182=ADVANCED_FACE('',(#579),#3007,.F.);
#3183=ADVANCED_FACE('',(#580),#3008,.F.);
#3184=ADVANCED_FACE('',(#581),#3009,.F.);
#3185=ADVANCED_FACE('',(#582),#3010,.F.);
#3186=ADVANCED_FACE('',(#583),#3011,.T.);
#3187=ADVANCED_FACE('',(#584),#205,.F.);
#3188=ADVANCED_FACE('',(#585),#131,.T.);
#3189=ADVANCED_FACE('',(#586),#206,.T.);
#3190=ADVANCED_FACE('',(#587),#132,.T.);
#3191=ADVANCED_FACE('',(#588),#207,.T.);
#3192=ADVANCED_FACE('',(#589),#133,.T.);
#3193=ADVANCED_FACE('',(#590),#208,.T.);
#3194=ADVANCED_FACE('',(#591),#3012,.T.);
#3195=ADVANCED_FACE('',(#592),#3013,.T.);
#3196=ADVANCED_FACE('',(#593),#3014,.T.);
#3197=ADVANCED_FACE('',(#594),#3015,.T.);
#3198=ADVANCED_FACE('',(#595),#209,.F.);
#3199=ADVANCED_FACE('',(#596),#3016,.T.);
#3200=ADVANCED_FACE('',(#597),#3017,.T.);
#3201=ADVANCED_FACE('',(#598),#210,.T.);
#3202=ADVANCED_FACE('',(#599),#134,.T.);
#3203=CLOSED_SHELL('',(#3018,#3019,#3020,#3021,#3022,#3023,#3024,#3025,
#3026,#3027,#3028,#3029,#3030,#3031,#3032,#3033,#3034,#3035,#3036,#3037,
#3038,#3039,#3040,#3041,#3042,#3043,#3044,#3045,#3046,#3047,#3048,#3049,
#3050,#3051,#3052,#3053,#3054,#3055,#3056,#3057,#3058,#3059,#3060,#3061,
#3062,#3063,#3064,#3065,#3066,#3067,#3068,#3069,#3070,#3071,#3072,#3073,
#3074,#3075,#3076,#3077,#3078,#3079,#3080,#3081,#3082,#3083,#3084,#3085,
#3086,#3087,#3088,#3089,#3090,#3091,#3092,#3093,#3094,#3095,#3096,#3097,
#3098,#3099,#3100,#3101,#3102,#3103,#3104,#3105,#3106,#3107,#3108,#3109,
#3110,#3111,#3112,#3113,#3114,#3115,#3116,#3117,#3118,#3119,#3120,#3121,
#3122,#3123,#3124,#3125,#3126,#3127,#3128,#3129,#3130,#3131,#3132,#3133,
#3134,#3135,#3136,#3137,#3138,#3139,#3140,#3141,#3142,#3143,#3144,#3145,
#3146,#3147,#3148,#3149,#3150,#3151,#3152,#3153,#3154,#3155,#3156,#3157,
#3158,#3159,#3160,#3161,#3162,#3163,#3164,#3165,#3166,#3167,#3168,#3169,
#3170,#3171,#3172,#3173,#3174,#3175,#3176,#3177,#3178,#3179,#3180,#3181,
#3182,#3183,#3184,#3185,#3186,#3187,#3188,#3189,#3190,#3191,#3192,#3193,
#3194,#3195,#3196,#3197,#3198,#3199,#3200,#3201,#3202));
#3204=DERIVED_UNIT_ELEMENT(#3206,1.);
#3205=DERIVED_UNIT_ELEMENT(#6845,-3.);
#3206=(
MASS_UNIT()
NAMED_UNIT(*)
SI_UNIT(.KILO.,.GRAM.)
);
#3207=DERIVED_UNIT((#3204,#3205));
#3208=MEASURE_REPRESENTATION_ITEM('density measure',
POSITIVE_RATIO_MEASURE(7850.),#3207);
#3209=PROPERTY_DEFINITION_REPRESENTATION(#3214,#3211);
#3210=PROPERTY_DEFINITION_REPRESENTATION(#3215,#3212);
#3211=REPRESENTATION('material name',(#3213),#6842);
#3212=REPRESENTATION('density',(#3208),#6842);
#3213=DESCRIPTIVE_REPRESENTATION_ITEM('Steel','Steel');
#3214=PROPERTY_DEFINITION('material property','material name',#6857);
#3215=PROPERTY_DEFINITION('material property','density of part',#6857);
#3216=AXIS2_PLACEMENT_3D('',#4427,#3556,#3557);
#3217=AXIS2_PLACEMENT_3D('',#4428,#3558,#3559);
#3218=AXIS2_PLACEMENT_3D('',#4543,#3562,#3563);
#3219=AXIS2_PLACEMENT_3D('',#4548,#3565,#3566);
#3220=AXIS2_PLACEMENT_3D('',#4552,#3568,#3569);
#3221=AXIS2_PLACEMENT_3D('',#4553,#3570,#3571);
#3222=AXIS2_PLACEMENT_3D('',#4602,#3572,#3573);
#3223=AXIS2_PLACEMENT_3D('',#4604,#3574,#3575);
#3224=AXIS2_PLACEMENT_3D('',#4606,#3576,#3577);
#3225=AXIS2_PLACEMENT_3D('',#4608,#3578,#3579);
#3226=AXIS2_PLACEMENT_3D('',#4610,#3580,#3581);
#3227=AXIS2_PLACEMENT_3D('',#4612,#3582,#3583);
#3228=AXIS2_PLACEMENT_3D('',#4620,#3584,#3585);
#3229=AXIS2_PLACEMENT_3D('',#4621,#3586,#3587);
#3230=AXIS2_PLACEMENT_3D('',#4623,#3588,#3589);
#3231=AXIS2_PLACEMENT_3D('',#4625,#3591,#3592);
#3232=AXIS2_PLACEMENT_3D('',#4629,#3594,#3595);
#3233=AXIS2_PLACEMENT_3D('',#4631,#3596,#3597);
#3234=AXIS2_PLACEMENT_3D('',#4633,#3599,#3600);
#3235=AXIS2_PLACEMENT_3D('',#4664,#3601,#3602);
#3236=AXIS2_PLACEMENT_3D('',#4666,#3603,#3604);
#3237=AXIS2_PLACEMENT_3D('',#4668,#3606,#3607);
#3238=AXIS2_PLACEMENT_3D('',#4673,#3609,#3610);
#3239=AXIS2_PLACEMENT_3D('',#4675,#3611,#3612);
#3240=AXIS2_PLACEMENT_3D('',#4678,#3614,#3615);
#3241=AXIS2_PLACEMENT_3D('',#4715,#3616,#3617);
#3242=AXIS2_PLACEMENT_3D('',#4717,#3618,#3619);
#3243=AXIS2_PLACEMENT_3D('',#4719,#3620,#3621);
#3244=AXIS2_PLACEMENT_3D('',#4721,#3622,#3623);
#3245=AXIS2_PLACEMENT_3D('',#4723,#3624,#3625);
#3246=AXIS2_PLACEMENT_3D('',#4725,#3626,#3627);
#3247=AXIS2_PLACEMENT_3D('',#4744,#3628,#3629);
#3248=AXIS2_PLACEMENT_3D('',#4745,#3630,#3631);
#3249=AXIS2_PLACEMENT_3D('',#4747,#3632,#3633);
#3250=AXIS2_PLACEMENT_3D('',#4838,#3637,#3638);
#3251=AXIS2_PLACEMENT_3D('',#4843,#3640,#3641);
#3252=AXIS2_PLACEMENT_3D('',#4847,#3643,#3644);
#3253=AXIS2_PLACEMENT_3D('',#4848,#3645,#3646);
#3254=AXIS2_PLACEMENT_3D('',#4897,#3647,#3648);
#3255=AXIS2_PLACEMENT_3D('',#4899,#3649,#3650);
#3256=AXIS2_PLACEMENT_3D('',#4901,#3652,#3653);
#3257=AXIS2_PLACEMENT_3D('',#4905,#3655,#3656);
#3258=AXIS2_PLACEMENT_3D('',#4909,#3658,#3659);
#3259=AXIS2_PLACEMENT_3D('',#4913,#3661,#3662);
#3260=AXIS2_PLACEMENT_3D('',#4917,#3664,#3665);
#3261=AXIS2_PLACEMENT_3D('',#4921,#3667,#3668);
#3262=AXIS2_PLACEMENT_3D('',#4926,#3671,#3672);
#3263=AXIS2_PLACEMENT_3D('',#4981,#3676,#3677);
#3264=AXIS2_PLACEMENT_3D('',#5000,#3687,#3688);
#3265=AXIS2_PLACEMENT_3D('',#5002,#3689,#3690);
#3266=AXIS2_PLACEMENT_3D('',#5004,#3691,#3692);
#3267=AXIS2_PLACEMENT_3D('',#5006,#3693,#3694);
#3268=AXIS2_PLACEMENT_3D('',#5007,#3695,#3696);
#3269=AXIS2_PLACEMENT_3D('',#5020,#3697,#3698);
#3270=AXIS2_PLACEMENT_3D('',#5021,#3699,#3700);
#3271=AXIS2_PLACEMENT_3D('',#5038,#3701,#3702);
#3272=AXIS2_PLACEMENT_3D('',#5039,#3703,#3704);
#3273=AXIS2_PLACEMENT_3D('',#5052,#3705,#3706);
#3274=AXIS2_PLACEMENT_3D('',#5053,#3707,#3708);
#3275=AXIS2_PLACEMENT_3D('',#5070,#3709,#3710);
#3276=AXIS2_PLACEMENT_3D('',#5071,#3711,#3712);
#3277=AXIS2_PLACEMENT_3D('',#5073,#3713,#3714);
#3278=AXIS2_PLACEMENT_3D('',#5074,#3715,#3716);
#3279=AXIS2_PLACEMENT_3D('',#5076,#3717,#3718);
#3280=AXIS2_PLACEMENT_3D('',#5077,#3719,#3720);
#3281=AXIS2_PLACEMENT_3D('',#5079,#3721,#3722);
#3282=AXIS2_PLACEMENT_3D('',#5080,#3723,#3724);
#3283=AXIS2_PLACEMENT_3D('',#5082,#3725,#3726);
#3284=AXIS2_PLACEMENT_3D('',#5083,#3727,#3728);
#3285=AXIS2_PLACEMENT_3D('',#5086,#3730,#3731);
#3286=AXIS2_PLACEMENT_3D('',#5087,#3732,#3733);
#3287=AXIS2_PLACEMENT_3D('',#5089,#3734,#3735);
#3288=AXIS2_PLACEMENT_3D('',#5092,#3737,#3738);
#3289=AXIS2_PLACEMENT_3D('',#5093,#3739,#3740);
#3290=AXIS2_PLACEMENT_3D('',#5094,#3741,#3742);
#3291=AXIS2_PLACEMENT_3D('',#5097,#3744,#3745);
#3292=AXIS2_PLACEMENT_3D('',#5098,#3746,#3747);
#3293=AXIS2_PLACEMENT_3D('',#5100,#3748,#3749);
#3294=AXIS2_PLACEMENT_3D('',#5103,#3751,#3752);
#3295=AXIS2_PLACEMENT_3D('',#5104,#3753,#3754);
#3296=AXIS2_PLACEMENT_3D('',#5105,#3755,#3756);
#3297=AXIS2_PLACEMENT_3D('',#5108,#3758,#3759);
#3298=AXIS2_PLACEMENT_3D('',#5109,#3760,#3761);
#3299=AXIS2_PLACEMENT_3D('',#5111,#3762,#3763);
#3300=AXIS2_PLACEMENT_3D('',#5114,#3765,#3766);
#3301=AXIS2_PLACEMENT_3D('',#5115,#3767,#3768);
#3302=AXIS2_PLACEMENT_3D('',#5116,#3769,#3770);
#3303=AXIS2_PLACEMENT_3D('',#5119,#3772,#3773);
#3304=AXIS2_PLACEMENT_3D('',#5120,#3774,#3775);
#3305=AXIS2_PLACEMENT_3D('',#5122,#3776,#3777);
#3306=AXIS2_PLACEMENT_3D('',#5125,#3779,#3780);
#3307=AXIS2_PLACEMENT_3D('',#5126,#3781,#3782);
#3308=AXIS2_PLACEMENT_3D('',#5127,#3783,#3784);
#3309=AXIS2_PLACEMENT_3D('',#5133,#3788,#3789);
#3310=AXIS2_PLACEMENT_3D('',#5137,#3792,#3793);
#3311=AXIS2_PLACEMENT_3D('',#5141,#3796,#3797);
#3312=AXIS2_PLACEMENT_3D('',#5143,#3799,#3800);
#3313=AXIS2_PLACEMENT_3D('',#5145,#3801,#3802);
#3314=AXIS2_PLACEMENT_3D('',#5148,#3804,#3805);
#3315=AXIS2_PLACEMENT_3D('',#5149,#3806,#3807);
#3316=AXIS2_PLACEMENT_3D('',#5151,#3808,#3809);
#3317=AXIS2_PLACEMENT_3D('',#5152,#3810,#3811);
#3318=AXIS2_PLACEMENT_3D('',#5154,#3812,#3813);
#3319=AXIS2_PLACEMENT_3D('',#5155,#3814,#3815);
#3320=AXIS2_PLACEMENT_3D('',#5158,#3817,#3818);
#3321=AXIS2_PLACEMENT_3D('',#5159,#3819,#3820);
#3322=AXIS2_PLACEMENT_3D('',#5161,#3821,#3822);
#3323=AXIS2_PLACEMENT_3D('',#5164,#3824,#3825);
#3324=AXIS2_PLACEMENT_3D('',#5165,#3826,#3827);
#3325=AXIS2_PLACEMENT_3D('',#5166,#3828,#3829);
#3326=AXIS2_PLACEMENT_3D('',#5169,#3830,#3831);
#3327=AXIS2_PLACEMENT_3D('',#5173,#3833,#3834);
#3328=AXIS2_PLACEMENT_3D('',#5175,#3836,#3837);
#3329=AXIS2_PLACEMENT_3D('',#5178,#3839,#3840);
#3330=AXIS2_PLACEMENT_3D('',#5179,#3841,#3842);
#3331=AXIS2_PLACEMENT_3D('',#5180,#3843,#3844);
#3332=AXIS2_PLACEMENT_3D('',#5181,#3845,#3846);
#3333=AXIS2_PLACEMENT_3D('',#5182,#3847,#3848);
#3334=AXIS2_PLACEMENT_3D('',#5183,#3849,#3850);
#3335=AXIS2_PLACEMENT_3D('',#5189,#3854,#3855);
#3336=AXIS2_PLACEMENT_3D('',#5193,#3858,#3859);
#3337=AXIS2_PLACEMENT_3D('',#5197,#3862,#3863);
#3338=AXIS2_PLACEMENT_3D('',#5199,#3865,#3866);
#3339=AXIS2_PLACEMENT_3D('',#5202,#3868,#3869);
#3340=AXIS2_PLACEMENT_3D('',#5203,#3870,#3871);
#3341=AXIS2_PLACEMENT_3D('',#5206,#3873,#3874);
#3342=AXIS2_PLACEMENT_3D('',#5207,#3875,#3876);
#3343=AXIS2_PLACEMENT_3D('',#5210,#3878,#3879);
#3344=AXIS2_PLACEMENT_3D('',#5211,#3880,#3881);
#3345=AXIS2_PLACEMENT_3D('',#5214,#3883,#3884);
#3346=AXIS2_PLACEMENT_3D('',#5215,#3885,#3886);
#3347=AXIS2_PLACEMENT_3D('',#5217,#3887,#3888);
#3348=AXIS2_PLACEMENT_3D('',#5220,#3890,#3891);
#3349=AXIS2_PLACEMENT_3D('',#5221,#3892,#3893);
#3350=AXIS2_PLACEMENT_3D('',#5223,#3894,#3895);
#3351=AXIS2_PLACEMENT_3D('',#5226,#3897,#3898);
#3352=AXIS2_PLACEMENT_3D('',#5227,#3899,#3900);
#3353=AXIS2_PLACEMENT_3D('',#5229,#3901,#3902);
#3354=AXIS2_PLACEMENT_3D('',#5232,#3904,#3905);
#3355=AXIS2_PLACEMENT_3D('',#5233,#3906,#3907);
#3356=AXIS2_PLACEMENT_3D('',#5235,#3908,#3909);
#3357=AXIS2_PLACEMENT_3D('',#5238,#3911,#3912);
#3358=AXIS2_PLACEMENT_3D('',#5239,#3913,#3914);
#3359=AXIS2_PLACEMENT_3D('',#5241,#3915,#3916);
#3360=AXIS2_PLACEMENT_3D('',#5244,#3918,#3919);
#3361=AXIS2_PLACEMENT_3D('',#5245,#3920,#3921);
#3362=AXIS2_PLACEMENT_3D('',#5259,#3922,#3923);
#3363=AXIS2_PLACEMENT_3D('',#5263,#3925,#3926);
#3364=AXIS2_PLACEMENT_3D('',#5282,#3929,#3930);
#3365=AXIS2_PLACEMENT_3D('',#5290,#3934,#3935);
#3366=AXIS2_PLACEMENT_3D('',#5293,#3937,#3938);
#3367=AXIS2_PLACEMENT_3D('',#5295,#3939,#3940);
#3368=AXIS2_PLACEMENT_3D('',#5305,#3945,#3946);
#3369=AXIS2_PLACEMENT_3D('',#5306,#3947,#3948);
#3370=AXIS2_PLACEMENT_3D('',#5308,#3949,#3950);
#3371=AXIS2_PLACEMENT_3D('',#5310,#3952,#3953);
#3372=AXIS2_PLACEMENT_3D('',#5313,#3955,#3956);
#3373=AXIS2_PLACEMENT_3D('',#5314,#3957,#3958);
#3374=AXIS2_PLACEMENT_3D('',#5316,#3959,#3960);
#3375=AXIS2_PLACEMENT_3D('',#5318,#3962,#3963);
#3376=AXIS2_PLACEMENT_3D('',#5321,#3965,#3966);
#3377=AXIS2_PLACEMENT_3D('',#5322,#3967,#3968);
#3378=AXIS2_PLACEMENT_3D('',#5324,#3969,#3970);
#3379=AXIS2_PLACEMENT_3D('',#5326,#3972,#3973);
#3380=AXIS2_PLACEMENT_3D('',#5329,#3975,#3976);
#3381=AXIS2_PLACEMENT_3D('',#5330,#3977,#3978);
#3382=AXIS2_PLACEMENT_3D('',#5332,#3979,#3980);
#3383=AXIS2_PLACEMENT_3D('',#5334,#3982,#3983);
#3384=AXIS2_PLACEMENT_3D('',#5381,#3986,#3987);
#3385=AXIS2_PLACEMENT_3D('',#5406,#3988,#3989);
#3386=AXIS2_PLACEMENT_3D('',#5411,#3990,#3991);
#3387=AXIS2_PLACEMENT_3D('',#5458,#3994,#3995);
#3388=AXIS2_PLACEMENT_3D('',#5483,#3996,#3997);
#3389=AXIS2_PLACEMENT_3D('',#5488,#3998,#3999);
#3390=AXIS2_PLACEMENT_3D('',#5490,#4000,#4001);
#3391=AXIS2_PLACEMENT_3D('',#5491,#4002,#4003);
#3392=AXIS2_PLACEMENT_3D('',#5493,#4004,#4005);
#3393=AXIS2_PLACEMENT_3D('',#5494,#4006,#4007);
#3394=AXIS2_PLACEMENT_3D('',#5497,#4009,#4010);
#3395=AXIS2_PLACEMENT_3D('',#5498,#4011,#4012);
#3396=AXIS2_PLACEMENT_3D('',#5501,#4014,#4015);
#3397=AXIS2_PLACEMENT_3D('',#5502,#4016,#4017);
#3398=AXIS2_PLACEMENT_3D('',#5508,#4021,#4022);
#3399=AXIS2_PLACEMENT_3D('',#5512,#4025,#4026);
#3400=AXIS2_PLACEMENT_3D('',#5516,#4029,#4030);
#3401=AXIS2_PLACEMENT_3D('',#5518,#4032,#4033);
#3402=AXIS2_PLACEMENT_3D('',#5522,#4035,#4036);
#3403=AXIS2_PLACEMENT_3D('',#5526,#4038,#4039);
#3404=AXIS2_PLACEMENT_3D('',#5528,#4041,#4042);
#3405=AXIS2_PLACEMENT_3D('',#5530,#4043,#4044);
#3406=AXIS2_PLACEMENT_3D('',#5534,#4046,#4047);
#3407=AXIS2_PLACEMENT_3D('',#5538,#4049,#4050);
#3408=AXIS2_PLACEMENT_3D('',#5542,#4052,#4053);
#3409=AXIS2_PLACEMENT_3D('',#5546,#4055,#4056);
#3410=AXIS2_PLACEMENT_3D('',#5551,#4059,#4060);
#3411=AXIS2_PLACEMENT_3D('',#5603,#4064,#4065);
#3412=AXIS2_PLACEMENT_3D('',#5606,#4068,#4069);
#3413=AXIS2_PLACEMENT_3D('',#5608,#4070,#4071);
#3414=AXIS2_PLACEMENT_3D('',#5611,#4073,#4074);
#3415=AXIS2_PLACEMENT_3D('',#5612,#4075,#4076);
#3416=AXIS2_PLACEMENT_3D('',#5621,#4081,#4082);
#3417=AXIS2_PLACEMENT_3D('',#5623,#4083,#4084);
#3418=AXIS2_PLACEMENT_3D('',#5625,#4085,#4086);
#3419=AXIS2_PLACEMENT_3D('',#5627,#4088,#4089);
#3420=AXIS2_PLACEMENT_3D('',#5633,#4093,#4094);
#3421=AXIS2_PLACEMENT_3D('',#5635,#4095,#4096);
#3422=AXIS2_PLACEMENT_3D('',#5636,#4097,#4098);
#3423=AXIS2_PLACEMENT_3D('',#5638,#4100,#4101);
#3424=AXIS2_PLACEMENT_3D('',#5642,#4104,#4105);
#3425=AXIS2_PLACEMENT_3D('',#5644,#4106,#4107);
#3426=AXIS2_PLACEMENT_3D('',#5646,#4108,#4109);
#3427=AXIS2_PLACEMENT_3D('',#5648,#4111,#4112);
#3428=AXIS2_PLACEMENT_3D('',#5660,#4116,#4117);
#3429=AXIS2_PLACEMENT_3D('',#5662,#4118,#4119);
#3430=AXIS2_PLACEMENT_3D('',#5669,#4120,#4121);
#3431=AXIS2_PLACEMENT_3D('',#5671,#4123,#4124);
#3432=AXIS2_PLACEMENT_3D('',#5677,#4128,#4129);
#3433=AXIS2_PLACEMENT_3D('',#5679,#4130,#4131);
#3434=AXIS2_PLACEMENT_3D('',#5681,#4132,#4133);
#3435=AXIS2_PLACEMENT_3D('',#5683,#4135,#4136);
#3436=AXIS2_PLACEMENT_3D('',#5684,#4137,#4138);
#3437=AXIS2_PLACEMENT_3D('',#5685,#4139,#4140);
#3438=AXIS2_PLACEMENT_3D('',#5686,#4141,#4142);
#3439=AXIS2_PLACEMENT_3D('',#5688,#4143,#4144);
#3440=AXIS2_PLACEMENT_3D('',#5689,#4145,#4146);
#3441=AXIS2_PLACEMENT_3D('',#5690,#4147,#4148);
#3442=AXIS2_PLACEMENT_3D('',#5692,#4149,#4150);
#3443=AXIS2_PLACEMENT_3D('',#5694,#4152,#4153);
#3444=AXIS2_PLACEMENT_3D('',#5696,#4154,#4155);
#3445=AXIS2_PLACEMENT_3D('',#5697,#4156,#4157);
#3446=AXIS2_PLACEMENT_3D('',#5698,#4158,#4159);
#3447=AXIS2_PLACEMENT_3D('',#5700,#4160,#4161);
#3448=AXIS2_PLACEMENT_3D('',#5702,#4163,#4164);
#3449=AXIS2_PLACEMENT_3D('',#5703,#4165,#4166);
#3450=AXIS2_PLACEMENT_3D('',#5704,#4167,#4168);
#3451=AXIS2_PLACEMENT_3D('',#5705,#4169,#4170);
#3452=AXIS2_PLACEMENT_3D('',#5706,#4171,#4172);
#3453=AXIS2_PLACEMENT_3D('',#5707,#4173,#4174);
#3454=AXIS2_PLACEMENT_3D('',#5708,#4175,#4176);
#3455=AXIS2_PLACEMENT_3D('',#5709,#4177,#4178);
#3456=AXIS2_PLACEMENT_3D('',#5710,#4179,#4180);
#3457=AXIS2_PLACEMENT_3D('',#5711,#4181,#4182);
#3458=AXIS2_PLACEMENT_3D('',#5712,#4183,#4184);
#3459=AXIS2_PLACEMENT_3D('',#5713,#4185,#4186);
#3460=AXIS2_PLACEMENT_3D('',#5714,#4187,#4188);
#3461=AXIS2_PLACEMENT_3D('',#5715,#4189,#4190);
#3462=AXIS2_PLACEMENT_3D('',#5716,#4191,#4192);
#3463=AXIS2_PLACEMENT_3D('',#6008,#4193,#4194);
#3464=AXIS2_PLACEMENT_3D('',#6010,#4195,#4196);
#3465=AXIS2_PLACEMENT_3D('',#6012,#4198,#4199);
#3466=AXIS2_PLACEMENT_3D('',#6016,#4202,#4203);
#3467=AXIS2_PLACEMENT_3D('',#6018,#4204,#4205);
#3468=AXIS2_PLACEMENT_3D('',#6020,#4207,#4208);
#3469=AXIS2_PLACEMENT_3D('',#6024,#4211,#4212);
#3470=AXIS2_PLACEMENT_3D('',#6116,#4214,#4215);
#3471=AXIS2_PLACEMENT_3D('',#6117,#4216,#4217);
#3472=AXIS2_PLACEMENT_3D('',#6119,#4218,#4219);
#3473=AXIS2_PLACEMENT_3D('',#6121,#4221,#4222);
#3474=AXIS2_PLACEMENT_3D('',#6125,#4225,#4226);
#3475=AXIS2_PLACEMENT_3D('',#6127,#4227,#4228);
#3476=AXIS2_PLACEMENT_3D('',#6231,#4230,#4231);
#3477=AXIS2_PLACEMENT_3D('',#6232,#4232,#4233);
#3478=AXIS2_PLACEMENT_3D('',#6233,#4234,#4235);
#3479=AXIS2_PLACEMENT_3D('',#6286,#4236,#4237);
#3480=AXIS2_PLACEMENT_3D('',#6288,#4238,#4239);
#3481=AXIS2_PLACEMENT_3D('',#6290,#4241,#4242);
#3482=AXIS2_PLACEMENT_3D('',#6292,#4244,#4245);
#3483=AXIS2_PLACEMENT_3D('',#6295,#4246,#4247);
#3484=AXIS2_PLACEMENT_3D('',#6299,#4249,#4250);
#3485=AXIS2_PLACEMENT_3D('',#6303,#4252,#4253);
#3486=AXIS2_PLACEMENT_3D('',#6307,#4255,#4256);
#3487=AXIS2_PLACEMENT_3D('',#6311,#4258,#4259);
#3488=AXIS2_PLACEMENT_3D('',#6315,#4261,#4262);
#3489=AXIS2_PLACEMENT_3D('',#6319,#4264,#4265);
#3490=AXIS2_PLACEMENT_3D('',#6323,#4267,#4268);
#3491=AXIS2_PLACEMENT_3D('',#6327,#4270,#4271);
#3492=AXIS2_PLACEMENT_3D('',#6329,#4273,#4274);
#3493=AXIS2_PLACEMENT_3D('',#6335,#4278,#4279);
#3494=AXIS2_PLACEMENT_3D('',#6338,#4281,#4282);
#3495=AXIS2_PLACEMENT_3D('',#6339,#4283,#4284);
#3496=AXIS2_PLACEMENT_3D('',#6343,#4287,#4288);
#3497=AXIS2_PLACEMENT_3D('',#6346,#4290,#4291);
#3498=AXIS2_PLACEMENT_3D('',#6347,#4292,#4293);
#3499=AXIS2_PLACEMENT_3D('',#6351,#4296,#4297);
#3500=AXIS2_PLACEMENT_3D('',#6354,#4299,#4300);
#3501=AXIS2_PLACEMENT_3D('',#6355,#4301,#4302);
#3502=AXIS2_PLACEMENT_3D('',#6365,#4305,#4306);
#3503=AXIS2_PLACEMENT_3D('',#6372,#4308,#4309);
#3504=AXIS2_PLACEMENT_3D('',#6374,#4311,#4312);
#3505=AXIS2_PLACEMENT_3D('',#6376,#4313,#4314);
#3506=AXIS2_PLACEMENT_3D('',#6379,#4316,#4317);
#3507=AXIS2_PLACEMENT_3D('',#6390,#4318,#4319);
#3508=AXIS2_PLACEMENT_3D('',#6391,#4320,#4321);
#3509=AXIS2_PLACEMENT_3D('',#6392,#4322,#4323);
#3510=AXIS2_PLACEMENT_3D('',#6395,#4325,#4326);
#3511=AXIS2_PLACEMENT_3D('',#6406,#4327,#4328);
#3512=AXIS2_PLACEMENT_3D('',#6407,#4329,#4330);
#3513=AXIS2_PLACEMENT_3D('',#6408,#4331,#4332);
#3514=AXIS2_PLACEMENT_3D('',#6410,#4333,#4334);
#3515=AXIS2_PLACEMENT_3D('',#6412,#4336,#4337);
#3516=AXIS2_PLACEMENT_3D('',#6414,#4338,#4339);
#3517=AXIS2_PLACEMENT_3D('',#6415,#4340,#4341);
#3518=AXIS2_PLACEMENT_3D('',#6416,#4342,#4343);
#3519=AXIS2_PLACEMENT_3D('',#6418,#4344,#4345);
#3520=AXIS2_PLACEMENT_3D('',#6420,#4347,#4348);
#3521=AXIS2_PLACEMENT_3D('',#6421,#4349,#4350);
#3522=AXIS2_PLACEMENT_3D('',#6422,#4351,#4352);
#3523=AXIS2_PLACEMENT_3D('',#6423,#4353,#4354);
#3524=AXIS2_PLACEMENT_3D('',#6424,#4355,#4356);
#3525=AXIS2_PLACEMENT_3D('',#6425,#4357,#4358);
#3526=AXIS2_PLACEMENT_3D('',#6426,#4359,#4360);
#3527=AXIS2_PLACEMENT_3D('',#6427,#4361,#4362);
#3528=AXIS2_PLACEMENT_3D('',#6428,#4363,#4364);
#3529=AXIS2_PLACEMENT_3D('',#6438,#4365,#4366);
#3530=AXIS2_PLACEMENT_3D('',#6439,#4367,#4368);
#3531=AXIS2_PLACEMENT_3D('',#6440,#4369,#4370);
#3532=AXIS2_PLACEMENT_3D('',#6450,#4371,#4372);
#3533=AXIS2_PLACEMENT_3D('',#6451,#4373,#4374);
#3534=AXIS2_PLACEMENT_3D('',#6452,#4375,#4376);
#3535=AXIS2_PLACEMENT_3D('',#6485,#4377,#4378);
#3536=AXIS2_PLACEMENT_3D('',#6527,#4379,#4380);
#3537=AXIS2_PLACEMENT_3D('',#6596,#4381,#4382);
#3538=AXIS2_PLACEMENT_3D('',#6667,#4383,#4384);
#3539=AXIS2_PLACEMENT_3D('',#6668,#4385,#4386);
#3540=AXIS2_PLACEMENT_3D('',#6670,#4388,#4389);
#3541=AXIS2_PLACEMENT_3D('',#6672,#4391,#4392);
#3542=AXIS2_PLACEMENT_3D('',#6674,#4394,#4395);
#3543=AXIS2_PLACEMENT_3D('',#6676,#4397,#4398);
#3544=AXIS2_PLACEMENT_3D('',#6678,#4400,#4401);
#3545=AXIS2_PLACEMENT_3D('',#6680,#4403,#4404);
#3546=AXIS2_PLACEMENT_3D('',#6707,#4406,#4407);
#3547=AXIS2_PLACEMENT_3D('',#6736,#4408,#4409);
#3548=AXIS2_PLACEMENT_3D('',#6757,#4410,#4411);
#3549=AXIS2_PLACEMENT_3D('',#6782,#4412,#4413);
#3550=AXIS2_PLACEMENT_3D('',#6783,#4414,#4415);
#3551=AXIS2_PLACEMENT_3D('',#6784,#4416,#4417);
#3552=AXIS2_PLACEMENT_3D('',#6805,#4418,#4419);
#3553=AXIS2_PLACEMENT_3D('',#6834,#4420,#4421);
#3554=AXIS2_PLACEMENT_3D('',#6836,#4423,#4424);
#3555=AXIS2_PLACEMENT_3D('',#6837,#4425,#4426);
#3556=DIRECTION('axis',(0.,0.,1.));
#3557=DIRECTION('refdir',(1.,0.,0.));
#3558=DIRECTION('axis',(0.,0.,1.));
#3559=DIRECTION('refdir',(1.,0.,0.));
#3560=DIRECTION('',(-0.702269276194742,0.0825911339010072,-0.707104354613843));
#3561=DIRECTION('',(-0.701830556665026,-0.0862397908613429,0.707104354535773));
#3562=DIRECTION('center_axis',(0.,0.,1.));
#3563=DIRECTION('ref_axis',(-0.00259856434302117,0.999996623725978,0.));
#3564=DIRECTION('',(0.702415850294672,-0.0813140409451891,0.707106781186531));
#3565=DIRECTION('center_axis',(0.,0.,1.));
#3566=DIRECTION('ref_axis',(-1.,-1.41178341778826E-32,0.));
#3567=DIRECTION('',(0.701983766009173,0.0849634760329608,-0.70710678118653));
#3568=DIRECTION('center_axis',(0.,0.,-1.));
#3569=DIRECTION('ref_axis',(-1.,-1.41178341778826E-32,0.));
#3570=DIRECTION('center_axis',(0.,0.,-1.));
#3571=DIRECTION('ref_axis',(-1.,-1.41178341778826E-32,0.));
#3572=DIRECTION('center_axis',(1.91101057318237E-15,1.6695707972482E-16,
1.));
#3573=DIRECTION('ref_axis',(1.,2.35628408041775E-16,-1.8850272643342E-15));
#3574=DIRECTION('center_axis',(1.91101057318237E-15,1.6695707972482E-16,
1.));
#3575=DIRECTION('ref_axis',(-1.,-8.55859235054304E-17,1.91653897845243E-15));
#3576=DIRECTION('center_axis',(-0.678546766258989,-0.734557204034832,0.));
#3577=DIRECTION('ref_axis',(0.,0.,-1.));
#3578=DIRECTION('center_axis',(1.91101057318237E-15,1.6695707972482E-16,
1.));
#3579=DIRECTION('ref_axis',(-1.,-2.60085860674902E-31,1.91101057318237E-15));
#3580=DIRECTION('center_axis',(-0.678546766258989,0.734557204034832,4.66012754756424E-16));
#3581=DIRECTION('ref_axis',(0.663678238981472,0.613072365805814,-0.428571428571381));
#3582=DIRECTION('center_axis',(1.91101057318237E-15,1.6695707972482E-16,
1.));
#3583=DIRECTION('ref_axis',(-1.,-8.55859235054304E-17,1.91653897845243E-15));
#3584=DIRECTION('center_axis',(1.91101057318237E-15,1.6695707972482E-16,
1.));
#3585=DIRECTION('ref_axis',(-1.,-8.55859235054304E-17,1.91653897845243E-15));
#3586=DIRECTION('center_axis',(0.,0.,1.));
#3587=DIRECTION('ref_axis',(1.,1.41178341778826E-32,0.));
#3588=DIRECTION('center_axis',(0.,0.,1.));
#3589=DIRECTION('ref_axis',(1.,1.41178341778826E-32,0.));
#3590=DIRECTION('',(0.,0.,1.));
#3591=DIRECTION('center_axis',(0.,0.,1.));
#3592=DIRECTION('ref_axis',(-0.00233628093162127,-0.99999727089198,0.));
#3593=DIRECTION('',(-0.460916711941339,-0.536242281672403,-0.707106781186519));
#3594=DIRECTION('center_axis',(0.,0.,-1.));
#3595=DIRECTION('ref_axis',(1.,1.41178341778824E-32,0.));
#3596=DIRECTION('center_axis',(0.,0.,-1.));
#3597=DIRECTION('ref_axis',(1.,1.41178341778824E-32,0.));
#3598=DIRECTION('',(-0.458406061985547,0.538390083800714,0.707106781186522));
#3599=DIRECTION('center_axis',(0.,0.,1.));
#3600=DIRECTION('ref_axis',(1.,1.41178341778824E-32,0.));
#3601=DIRECTION('center_axis',(0.,0.,1.));
#3602=DIRECTION('ref_axis',(1.,1.41178341778824E-32,0.));
#3603=DIRECTION('center_axis',(0.,0.,1.));
#3604=DIRECTION('ref_axis',(1.,1.41178341778824E-32,0.));
#3605=DIRECTION('',(0.,0.,1.));
#3606=DIRECTION('center_axis',(0.,0.,1.));
#3607=DIRECTION('ref_axis',(-0.0023362809315893,-0.99999727089198,0.));
#3608=DIRECTION('',(-0.460916711941223,-0.536242281672441,-0.707106781186566));
#3609=DIRECTION('center_axis',(0.,0.,-1.));
#3610=DIRECTION('ref_axis',(1.,1.41178341778824E-32,0.));
#3611=DIRECTION('center_axis',(0.,0.,-1.));
#3612=DIRECTION('ref_axis',(1.,1.41178341778824E-32,0.));
#3613=DIRECTION('',(-0.458406061985457,0.538390083800728,0.707106781186569));
#3614=DIRECTION('center_axis',(0.,0.,1.));
#3615=DIRECTION('ref_axis',(1.,1.41178341778824E-32,0.));
#3616=DIRECTION('center_axis',(1.67716815681529E-15,9.01492747084651E-17,
1.));
#3617=DIRECTION('ref_axis',(-1.,3.1417121072237E-16,1.72794165897303E-15));
#3618=DIRECTION('center_axis',(1.67716815681529E-15,9.01492747084651E-17,
1.));
#3619=DIRECTION('ref_axis',(1.,4.8112082305893E-16,-1.68423122348851E-15));
#3620=DIRECTION('center_axis',(0.684165853629861,0.729326459637194,1.62157334575277E-15));
#3621=DIRECTION('ref_axis',(5.07530525542932E-15,-2.53765262771466E-15,
-1.));
#3622=DIRECTION('center_axis',(1.67716815681529E-15,9.01492747084651E-17,
1.));
#3623=DIRECTION('ref_axis',(-1.,-2.11896134546187E-31,1.67716815681529E-15));
#3624=DIRECTION('center_axis',(0.68416585362986,-0.729326459637195,-1.85077720676016E-15));
#3625=DIRECTION('ref_axis',(-0.6589522200801,-0.618149255652483,-0.428571428571467));
#3626=DIRECTION('center_axis',(1.67716815681529E-15,9.01492747084651E-17,
1.));
#3627=DIRECTION('ref_axis',(1.,4.8112082305893E-16,-1.68423122348851E-15));
#3628=DIRECTION('center_axis',(1.67716815681529E-15,9.01492747084651E-17,
1.));
#3629=DIRECTION('ref_axis',(1.,4.8112082305893E-16,-1.68423122348851E-15));
#3630=DIRECTION('center_axis',(0.,0.,1.));
#3631=DIRECTION('ref_axis',(1.,1.41178341778824E-32,0.));
#3632=DIRECTION('center_axis',(0.,0.,1.));
#3633=DIRECTION('ref_axis',(1.,1.41178341778824E-32,0.));
#3634=DIRECTION('',(0.,0.,1.));
#3635=DIRECTION('',(-0.702269276194737,0.0825911339010307,-0.707104354613844));
#3636=DIRECTION('',(-0.701830556665028,-0.0862397908613327,0.707104354535772));
#3637=DIRECTION('center_axis',(0.,0.,1.));
#3638=DIRECTION('ref_axis',(-0.00259856434299275,0.999996623725978,0.));
#3639=DIRECTION('',(0.702415850294623,-0.0813140409452106,0.707106781186578));
#3640=DIRECTION('center_axis',(0.,0.,1.));
#3641=DIRECTION('ref_axis',(-1.,-1.41178341778826E-32,0.));
#3642=DIRECTION('',(0.70198376600913,0.0849634760329421,-0.707106781186575));
#3643=DIRECTION('center_axis',(0.,0.,-1.));
#3644=DIRECTION('ref_axis',(-1.,-1.41178341778826E-32,0.));
#3645=DIRECTION('center_axis',(0.,0.,-1.));
#3646=DIRECTION('ref_axis',(-1.,-1.41178341778826E-32,0.));
#3647=DIRECTION('center_axis',(0.,0.,1.));
#3648=DIRECTION('ref_axis',(1.,1.41178341778826E-32,0.));
#3649=DIRECTION('center_axis',(0.,0.,1.));
#3650=DIRECTION('ref_axis',(1.,1.41178341778826E-32,0.));
#3651=DIRECTION('',(0.,0.,1.));
#3652=DIRECTION('center_axis',(0.,0.,1.));
#3653=DIRECTION('ref_axis',(1.,0.,0.));
#3654=DIRECTION('',(0.,1.,0.));
#3655=DIRECTION('center_axis',(0.,0.,-1.));
#3656=DIRECTION('ref_axis',(-0.707106781186548,-0.707106781186548,0.));
#3657=DIRECTION('',(-1.,0.,0.));
#3658=DIRECTION('center_axis',(0.,0.,-1.));
#3659=DIRECTION('ref_axis',(0.0498137018801608,-0.998758526924799,0.));
#3660=DIRECTION('',(-0.995037190209989,-0.0995037190210007,0.));
#3661=DIRECTION('center_axis',(0.,0.,1.));
#3662=DIRECTION('ref_axis',(1.11619362825291E-15,1.,0.));
#3663=DIRECTION('',(-0.995037190209989,0.0995037190210037,0.));
#3664=DIRECTION('center_axis',(0.,0.,-1.));
#3665=DIRECTION('ref_axis',(-0.0498137018801592,-0.998758526924799,0.));
#3666=DIRECTION('',(-1.,0.,0.));
#3667=DIRECTION('center_axis',(0.,0.,-1.));
#3668=DIRECTION('ref_axis',(0.707106781186548,-0.707106781186547,0.));
#3669=DIRECTION('',(0.,-1.,0.));
#3670=DIRECTION('',(0.,-1.,0.));
#3671=DIRECTION('center_axis',(0.,0.,-1.));
#3672=DIRECTION('ref_axis',(0.792988855709945,0.609236140359247,0.));
#3673=DIRECTION('',(0.966234939601246,-0.257662650560332,0.));
#3674=DIRECTION('',(1.,0.,0.));
#3675=DIRECTION('',(0.966234939601246,0.257662650560332,0.));
#3676=DIRECTION('center_axis',(0.,0.,-1.));
#3677=DIRECTION('ref_axis',(-0.792988855709944,0.609236140359248,0.));
#3678=DIRECTION('',(0.,1.,0.));
#3679=DIRECTION('',(3.22757693587456E-15,-1.,0.));
#3680=DIRECTION('',(-1.,-1.77179427902508E-16,0.));
#3681=DIRECTION('',(-3.22757693587455E-15,1.,0.));
#3682=DIRECTION('',(1.,1.16345289566884E-16,0.));
#3683=DIRECTION('',(-1.,-1.17736022189009E-15,0.));
#3684=DIRECTION('',(-1.17736022189009E-15,1.,0.));
#3685=DIRECTION('',(1.,1.17736022189009E-15,0.));
#3686=DIRECTION('',(1.08246936508452E-15,-1.,0.));
#3687=DIRECTION('center_axis',(0.,0.,-1.));
#3688=DIRECTION('ref_axis',(-6.12323399573681E-17,-1.,-5.08277382104388E-15));
#3689=DIRECTION('center_axis',(0.,0.,-1.));
#3690=DIRECTION('ref_axis',(-6.12323399573681E-17,-1.,-5.11432419212286E-15));
#3691=DIRECTION('center_axis',(0.,0.,-1.));
#3692=DIRECTION('ref_axis',(-6.12323399573681E-17,-1.,-5.08738079666092E-15));
#3693=DIRECTION('center_axis',(0.,0.,-1.));
#3694=DIRECTION('ref_axis',(-1.1773602218901E-15,1.,1.66228701075135E-15));
#3695=DIRECTION('center_axis',(0.,0.,1.));
#3696=DIRECTION('ref_axis',(-1.,4.27776011686652E-16,0.));
#3697=DIRECTION('center_axis',(0.,0.,-1.));
#3698=DIRECTION('ref_axis',(1.,1.38777878078146E-16,0.));
#3699=DIRECTION('center_axis',(0.,0.,1.));
#3700=DIRECTION('ref_axis',(-1.,-2.61242557992881E-16,0.));
#3701=DIRECTION('center_axis',(0.,0.,1.));
#3702=DIRECTION('ref_axis',(1.,1.38777878078146E-16,0.));
#3703=DIRECTION('center_axis',(0.,0.,1.));
#3704=DIRECTION('ref_axis',(1.,-8.13501899688983E-32,0.));
#3705=DIRECTION('center_axis',(0.,0.,-1.));
#3706=DIRECTION('ref_axis',(1.,-8.13501899688983E-32,0.));
#3707=DIRECTION('center_axis',(0.,0.,1.));
#3708=DIRECTION('ref_axis',(1.,-8.13501899688982E-32,0.));
#3709=DIRECTION('center_axis',(0.,0.,1.));
#3710=DIRECTION('ref_axis',(1.,-8.13501899688982E-32,0.));
#3711=DIRECTION('center_axis',(0.,0.,1.));
#3712=DIRECTION('ref_axis',(1.,0.,0.));
#3713=DIRECTION('center_axis',(0.,0.,1.));
#3714=DIRECTION('ref_axis',(-1.,-1.11022302462515E-16,-1.65658569374266E-15));
#3715=DIRECTION('center_axis',(0.,0.,1.));
#3716=DIRECTION('ref_axis',(1.,0.,0.));
#3717=DIRECTION('center_axis',(0.,0.,1.));
#3718=DIRECTION('ref_axis',(-1.,-1.11022302462515E-16,-1.65658569374266E-15));
#3719=DIRECTION('center_axis',(0.,0.,1.));
#3720=DIRECTION('ref_axis',(1.,0.,0.));
#3721=DIRECTION('center_axis',(0.,0.,1.));
#3722=DIRECTION('ref_axis',(-1.,-1.11022302462515E-16,-1.65658569374266E-15));
#3723=DIRECTION('center_axis',(0.,0.,1.));
#3724=DIRECTION('ref_axis',(1.,0.,0.));
#3725=DIRECTION('center_axis',(0.,0.,1.));
#3726=DIRECTION('ref_axis',(-1.,-1.11022302462515E-16,-1.65658569374266E-15));
#3727=DIRECTION('center_axis',(-1.65658569374266E-15,-1.24243927030699E-15,
1.));
#3728=DIRECTION('ref_axis',(-1.,-1.11022302462515E-16,-1.65658569374266E-15));
#3729=DIRECTION('',(1.65658569374266E-15,1.24243927030699E-15,-1.));
#3730=DIRECTION('center_axis',(1.74002464862648E-15,1.11932017520828E-15,
-1.));
#3731=DIRECTION('ref_axis',(-1.,-1.11022302462515E-16,-1.74002464862648E-15));
#3732=DIRECTION('center_axis',(-1.65658569374266E-15,-1.24243927030699E-15,
1.));
#3733=DIRECTION('ref_axis',(-1.,-1.11022302462515E-16,-1.65658569374266E-15));
#3734=DIRECTION('center_axis',(0.,0.,1.));
#3735=DIRECTION('ref_axis',(-1.,-1.11022302462515E-16,-1.65658569374266E-15));
#3736=DIRECTION('',(1.65658569374266E-15,1.24243927030699E-15,-1.));
#3737=DIRECTION('center_axis',(-1.74002464862648E-15,-1.11932017520828E-15,
1.));
#3738=DIRECTION('ref_axis',(-1.,-1.11022302462515E-16,-1.74002464862648E-15));
#3739=DIRECTION('center_axis',(-1.74002464862648E-15,-1.11932017520828E-15,
1.));
#3740=DIRECTION('ref_axis',(-1.,-1.11022302462515E-16,-1.74002464862648E-15));
#3741=DIRECTION('center_axis',(-1.65658569374266E-15,-1.24243927030699E-15,
1.));
#3742=DIRECTION('ref_axis',(-1.,-1.11022302462515E-16,-1.65658569374266E-15));
#3743=DIRECTION('',(1.65658569374266E-15,1.24243927030699E-15,-1.));
#3744=DIRECTION('center_axis',(1.74002464862648E-15,1.11932017520828E-15,
-1.));
#3745=DIRECTION('ref_axis',(-1.,-1.11022302462515E-16,-1.74002464862648E-15));
#3746=DIRECTION('center_axis',(-1.65658569374266E-15,-1.24243927030699E-15,
1.));
#3747=DIRECTION('ref_axis',(-1.,-1.11022302462515E-16,-1.65658569374266E-15));
#3748=DIRECTION('center_axis',(0.,0.,1.));
#3749=DIRECTION('ref_axis',(-1.,-1.11022302462515E-16,-1.65658569374266E-15));
#3750=DIRECTION('',(1.65658569374266E-15,1.24243927030699E-15,-1.));
#3751=DIRECTION('center_axis',(-1.74002464862648E-15,-1.11932017520828E-15,
1.));
#3752=DIRECTION('ref_axis',(-1.,-1.11022302462515E-16,-1.74002464862648E-15));
#3753=DIRECTION('center_axis',(-1.74002464862648E-15,-1.11932017520828E-15,
1.));
#3754=DIRECTION('ref_axis',(-1.,-1.11022302462515E-16,-1.74002464862648E-15));
#3755=DIRECTION('center_axis',(-1.65658569374266E-15,-8.28292846871328E-16,
1.));
#3756=DIRECTION('ref_axis',(-1.,-1.11022302462515E-16,-1.65658569374266E-15));
#3757=DIRECTION('',(1.65658569374266E-15,8.28292846871328E-16,-1.));
#3758=DIRECTION('center_axis',(1.74002464862648E-15,1.11932017520828E-15,
-1.));
#3759=DIRECTION('ref_axis',(-1.,-1.11022302462515E-16,-1.74002464862648E-15));
#3760=DIRECTION('center_axis',(-1.65658569374266E-15,-8.28292846871328E-16,
1.));
#3761=DIRECTION('ref_axis',(-1.,-1.11022302462515E-16,-1.65658569374266E-15));
#3762=DIRECTION('center_axis',(0.,0.,1.));
#3763=DIRECTION('ref_axis',(-1.,-1.11022302462515E-16,-1.65658569374266E-15));
#3764=DIRECTION('',(1.65658569374266E-15,8.28292846871328E-16,-1.));
#3765=DIRECTION('center_axis',(-1.74002464862648E-15,-1.11932017520828E-15,
1.));
#3766=DIRECTION('ref_axis',(-1.,-1.11022302462515E-16,-1.74002464862648E-15));
#3767=DIRECTION('center_axis',(-1.74002464862648E-15,-1.11932017520828E-15,
1.));
#3768=DIRECTION('ref_axis',(-1.,-1.11022302462515E-16,-1.74002464862648E-15));
#3769=DIRECTION('center_axis',(-1.65658569374266E-15,-8.28292846871328E-16,
1.));
#3770=DIRECTION('ref_axis',(-1.,-1.11022302462515E-16,-1.65658569374266E-15));
#3771=DIRECTION('',(1.65658569374266E-15,8.28292846871328E-16,-1.));
#3772=DIRECTION('center_axis',(1.74002464862648E-15,1.11932017520828E-15,
-1.));
#3773=DIRECTION('ref_axis',(-1.,-1.11022302462515E-16,-1.74002464862648E-15));
#3774=DIRECTION('center_axis',(-1.65658569374266E-15,-8.28292846871328E-16,
1.));
#3775=DIRECTION('ref_axis',(-1.,-1.11022302462515E-16,-1.65658569374266E-15));
#3776=DIRECTION('center_axis',(0.,0.,1.));
#3777=DIRECTION('ref_axis',(-1.,-1.11022302462515E-16,-1.65658569374266E-15));
#3778=DIRECTION('',(1.65658569374266E-15,8.28292846871328E-16,-1.));
#3779=DIRECTION('center_axis',(-1.74002464862648E-15,-1.11932017520828E-15,
1.));
#3780=DIRECTION('ref_axis',(-1.,-1.11022302462515E-16,-1.74002464862648E-15));
#3781=DIRECTION('center_axis',(-1.74002464862648E-15,-1.11932017520828E-15,
1.));
#3782=DIRECTION('ref_axis',(-1.,-1.11022302462515E-16,-1.74002464862648E-15));
#3783=DIRECTION('center_axis',(-1.,-3.22757693587455E-15,-5.40064842193978E-30));
#3784=DIRECTION('ref_axis',(-3.22757693587455E-15,1.,1.55420169718267E-15));
#3785=DIRECTION('',(3.22757693587455E-15,-1.,0.));
#3786=DIRECTION('',(0.,1.67328262942752E-15,-1.));
#3787=DIRECTION('',(0.,1.67328262942752E-15,-1.));
#3788=DIRECTION('center_axis',(1.77179427902508E-16,-1.,-1.67328262942752E-15));
#3789=DIRECTION('ref_axis',(-1.,-1.77179427902508E-16,-1.17024713345147E-16));
#3790=DIRECTION('',(1.,1.77179427902508E-16,0.));
#3791=DIRECTION('',(0.,1.67328262942752E-15,-1.));
#3792=DIRECTION('center_axis',(1.,3.22757693587456E-15,5.40064842193978E-30));
#3793=DIRECTION('ref_axis',(3.22757693587456E-15,-1.,-1.55420169718267E-15));
#3794=DIRECTION('',(-3.22757693587456E-15,1.,0.));
#3795=DIRECTION('',(0.,1.67328262942752E-15,-1.));
#3796=DIRECTION('center_axis',(-1.16345289566884E-16,1.,1.67328262942752E-15));
#3797=DIRECTION('ref_axis',(1.,1.16345289566883E-16,1.17024713345147E-16));
#3798=DIRECTION('',(-1.,-1.16345289566884E-16,0.));
#3799=DIRECTION('center_axis',(-2.09537042522886E-9,-1.,1.59721338602382E-15));
#3800=DIRECTION('ref_axis',(-1.,2.09537042522886E-9,-1.17024727034088E-16));
#3801=DIRECTION('center_axis',(0.,-1.,0.));
#3802=DIRECTION('ref_axis',(-1.,0.,-1.17024723687334E-16));
#3803=DIRECTION('',(-2.09537042522886E-9,-1.,1.59721338602382E-15));
#3804=DIRECTION('center_axis',(0.,1.,0.));
#3805=DIRECTION('ref_axis',(-1.,0.,-1.17024723687334E-16));
#3806=DIRECTION('center_axis',(0.,0.,1.));
#3807=DIRECTION('ref_axis',(1.,0.,0.));
#3808=DIRECTION('center_axis',(0.,0.,1.));
#3809=DIRECTION('ref_axis',(-1.,8.38902466330868E-32,-1.72378150354221E-15));
#3810=DIRECTION('center_axis',(0.,0.,1.));
#3811=DIRECTION('ref_axis',(1.,0.,0.));
#3812=DIRECTION('center_axis',(0.,0.,1.));
#3813=DIRECTION('ref_axis',(-1.,8.38902466330868E-32,-1.72378150354221E-15));
#3814=DIRECTION('center_axis',(-1.72378150354221E-15,0.,1.));
#3815=DIRECTION('ref_axis',(-1.,8.38902466330868E-32,-1.72378150354221E-15));
#3816=DIRECTION('',(1.72378150354221E-15,0.,-1.));
#3817=DIRECTION('center_axis',(1.74736407445577E-15,1.55420169718268E-15,
-1.));
#3818=DIRECTION('ref_axis',(-1.,8.38902466330868E-32,-1.74736407445577E-15));
#3819=DIRECTION('center_axis',(-1.72378150354221E-15,0.,1.));
#3820=DIRECTION('ref_axis',(-1.,8.38902466330868E-32,-1.72378150354221E-15));
#3821=DIRECTION('center_axis',(0.,0.,1.));
#3822=DIRECTION('ref_axis',(-1.,8.38902466330868E-32,-1.72378150354221E-15));
#3823=DIRECTION('',(1.72378150354221E-15,0.,-1.));
#3824=DIRECTION('center_axis',(-1.74736407445577E-15,-1.55420169718268E-15,
1.));
#3825=DIRECTION('ref_axis',(-1.,8.38902466330868E-32,-1.74736407445577E-15));
#3826=DIRECTION('center_axis',(-1.74736407445577E-15,-1.55420169718268E-15,
1.));
#3827=DIRECTION('ref_axis',(-1.,8.38902466330868E-32,-1.74736407445577E-15));
#3828=DIRECTION('center_axis',(-1.72378150354221E-15,0.,1.));
#3829=DIRECTION('ref_axis',(-1.,-9.79897614602719E-32,-1.72378150354221E-15));
#3830=DIRECTION('center_axis',(0.,0.,-1.));
#3831=DIRECTION('ref_axis',(-1.,-9.79897614602719E-32,-1.72378150354221E-15));
#3832=DIRECTION('',(-1.72378150354221E-15,0.,1.));
#3833=DIRECTION('center_axis',(-1.63033936111061E-15,-1.77493703674728E-30,
1.));
#3834=DIRECTION('ref_axis',(-1.,-9.79897614602719E-32,-1.63033936111062E-15));
#3835=DIRECTION('',(-1.72378150354221E-15,0.,1.));
#3836=DIRECTION('center_axis',(-1.72378150354221E-15,0.,1.));
#3837=DIRECTION('ref_axis',(-1.,8.38902466330868E-32,-1.72378150354221E-15));
#3838=DIRECTION('',(1.72378150354221E-15,0.,-1.));
#3839=DIRECTION('center_axis',(1.74736407445577E-15,1.55420169718268E-15,
-1.));
#3840=DIRECTION('ref_axis',(-1.,8.38902466330868E-32,-1.74736407445577E-15));
#3841=DIRECTION('center_axis',(-1.72378150354221E-15,0.,1.));
#3842=DIRECTION('ref_axis',(-0.579963354364244,0.814642564315525,-9.99730102985382E-16));
#3843=DIRECTION('center_axis',(0.,0.,1.));
#3844=DIRECTION('ref_axis',(-1.,8.38902466330868E-32,-1.72378150354221E-15));
#3845=DIRECTION('center_axis',(-1.74736407445577E-15,-1.55420169718268E-15,
1.));
#3846=DIRECTION('ref_axis',(-1.,8.38902466330868E-32,-1.74736407445577E-15));
#3847=DIRECTION('center_axis',(-1.63033936111061E-15,-1.77493703674728E-30,
1.));
#3848=DIRECTION('ref_axis',(-1.,-9.79897614602737E-32,-1.63033936111061E-15));
#3849=DIRECTION('center_axis',(-1.17736022189009E-15,1.,1.68390176960788E-15));
#3850=DIRECTION('ref_axis',(-1.,-1.17736022189009E-15,-4.17329813988931E-16));
#3851=DIRECTION('',(-4.43132044633654E-16,-1.68390176960788E-15,1.));
#3852=DIRECTION('',(-1.,-1.17736022189009E-15,0.));
#3853=DIRECTION('',(-4.43132044633654E-16,-1.68390176960788E-15,1.));
#3854=DIRECTION('center_axis',(1.,1.08246936508452E-15,4.43132044633656E-16));
#3855=DIRECTION('ref_axis',(-1.08246936508452E-15,1.,1.68168237441655E-15));
#3856=DIRECTION('',(-1.08246936508452E-15,1.,0.));
#3857=DIRECTION('',(-4.43132044633654E-16,-1.68390176960788E-15,1.));
#3858=DIRECTION('center_axis',(1.17736022189009E-15,-1.,-1.68390176960788E-15));
#3859=DIRECTION('ref_axis',(1.,1.17736022189009E-15,4.17329813988931E-16));
#3860=DIRECTION('',(1.,1.17736022189009E-15,0.));
#3861=DIRECTION('',(-4.43132044633654E-16,-1.68390176960788E-15,1.));
#3862=DIRECTION('center_axis',(-1.,-1.17736022189009E-15,-4.43132044633656E-16));
#3863=DIRECTION('ref_axis',(1.17736022189009E-15,-1.,-1.68168237441655E-15));
#3864=DIRECTION('',(1.17736022189009E-15,-1.,0.));
#3865=DIRECTION('center_axis',(5.80888436690729E-16,5.08277382104388E-15,
-1.));
#3866=DIRECTION('ref_axis',(-6.12323399573681E-17,-1.,-5.08277382104388E-15));
#3867=DIRECTION('',(5.80888436690729E-16,5.08277382104388E-15,-1.));
#3868=DIRECTION('center_axis',(0.,0.,1.));
#3869=DIRECTION('ref_axis',(-6.12323399573681E-17,-1.,-5.08277382104388E-15));
#3870=DIRECTION('center_axis',(5.52899912661931E-16,5.11432419212286E-15,
-1.));
#3871=DIRECTION('ref_axis',(-6.12323399573681E-17,-1.,-5.11432419212286E-15));
#3872=DIRECTION('',(5.52899912661931E-16,5.11432419212286E-15,-1.));
#3873=DIRECTION('center_axis',(0.,0.,1.));
#3874=DIRECTION('ref_axis',(-6.12323399573681E-17,-1.,-5.11432419212286E-15));
#3875=DIRECTION('center_axis',(5.87005476537799E-16,5.08738079666092E-15,
-1.));
#3876=DIRECTION('ref_axis',(-6.12323399573681E-17,-1.,-5.08738079666092E-15));
#3877=DIRECTION('',(5.87005476537799E-16,5.08738079666092E-15,-1.));
#3878=DIRECTION('center_axis',(0.,0.,1.));
#3879=DIRECTION('ref_axis',(-6.12323399573681E-17,-1.,-5.08738079666092E-15));
#3880=DIRECTION('center_axis',(2.21638268100181E-15,1.66228701075136E-15,
-1.));
#3881=DIRECTION('ref_axis',(-1.1773602218901E-15,1.,1.66228701075135E-15));
#3882=DIRECTION('',(2.21638268100181E-15,1.66228701075136E-15,-1.));
#3883=DIRECTION('center_axis',(0.,0.,1.));
#3884=DIRECTION('ref_axis',(-1.1773602218901E-15,1.,1.66228701075135E-15));
#3885=DIRECTION('center_axis',(1.01090191179163E-15,0.232528970817644,-0.972589470295914));
#3886=DIRECTION('ref_axis',(1.,-5.5185187954006E-14,-1.21544119164019E-14));
#3887=DIRECTION('center_axis',(0.,0.232528970817644,-0.972589470295914));
#3888=DIRECTION('ref_axis',(1.,-5.5185187954006E-14,-1.21544119164019E-14));
#3889=DIRECTION('',(1.01090191179163E-15,0.232528970817644,-0.972589470295914));
#3890=DIRECTION('center_axis',(0.,-0.232528970817644,0.972589470295914));
#3891=DIRECTION('ref_axis',(1.,-5.5185187954006E-14,-1.21544119164019E-14));
#3892=DIRECTION('center_axis',(1.01090191179163E-15,0.232528970817644,-0.972589470295914));
#3893=DIRECTION('ref_axis',(1.,-5.5185187954006E-14,-1.21544119164019E-14));
#3894=DIRECTION('center_axis',(0.,0.232528970817644,-0.972589470295914));
#3895=DIRECTION('ref_axis',(1.,-5.5185187954006E-14,-1.21544119164019E-14));
#3896=DIRECTION('',(1.01090191179163E-15,0.232528970817644,-0.972589470295914));
#3897=DIRECTION('center_axis',(0.,-0.232528970817644,0.972589470295914));
#3898=DIRECTION('ref_axis',(1.,-5.5185187954006E-14,-1.21544119164019E-14));
#3899=DIRECTION('center_axis',(2.55974728852082E-15,0.232528970817644,-0.972589470295914));
#3900=DIRECTION('ref_axis',(1.,-5.84153531538492E-14,-1.13341908348432E-14));
#3901=DIRECTION('center_axis',(0.,0.232528970817644,-0.972589470295914));
#3902=DIRECTION('ref_axis',(1.,-5.84153531538492E-14,-1.13341908348432E-14));
#3903=DIRECTION('',(2.55974728852082E-15,0.232528970817644,-0.972589470295914));
#3904=DIRECTION('center_axis',(0.,-0.232528970817644,0.972589470295914));
#3905=DIRECTION('ref_axis',(1.,-5.84153531538492E-14,-1.13341908348432E-14));
#3906=DIRECTION('center_axis',(2.55974728852082E-15,0.232528970817644,-0.972589470295914));
#3907=DIRECTION('ref_axis',(1.,-5.84153531538492E-14,-1.13341908348432E-14));
#3908=DIRECTION('center_axis',(0.,0.232528970817644,-0.972589470295914));
#3909=DIRECTION('ref_axis',(1.,-5.84153531538492E-14,-1.13341908348432E-14));
#3910=DIRECTION('',(2.55974728852082E-15,0.232528970817644,-0.972589470295914));
#3911=DIRECTION('center_axis',(0.,-0.232528970817644,0.972589470295914));
#3912=DIRECTION('ref_axis',(1.,-5.84153531538492E-14,-1.13341908348432E-14));
#3913=DIRECTION('center_axis',(0.,-0.232528970817645,0.972589470295914));
#3914=DIRECTION('ref_axis',(-1.,-1.10019357790457E-15,-3.25251607681342E-16));
#3915=DIRECTION('center_axis',(0.,-0.232528970817644,0.972589470295914));
#3916=DIRECTION('ref_axis',(-1.,-1.11426376837794E-15,-2.66400794161879E-16));
#3917=DIRECTION('',(-0.707106781186545,0.164422812087485,-0.687724609756876));
#3918=DIRECTION('center_axis',(0.,0.232528970817644,-0.972589470295914));
#3919=DIRECTION('ref_axis',(-1.,-1.07272320602798E-15,-4.40150815028866E-16));
#3920=DIRECTION('center_axis',(0.,0.232528970817644,-0.972589470295914));
#3921=DIRECTION('ref_axis',(0.,-0.972589470295914,-0.232528970817644));
#3922=DIRECTION('center_axis',(0.,0.232528970817644,-0.972589470295914));
#3923=DIRECTION('ref_axis',(-1.72766595748886E-16,0.972589470295914,0.232528970817644));
#3924=DIRECTION('',(1.,0.,0.));
#3925=DIRECTION('center_axis',(0.,0.232528970817644,-0.972589470295914));
#3926=DIRECTION('ref_axis',(2.28915739367275E-15,0.972589470295914,0.232528970817644));
#3927=DIRECTION('',(0.,0.972589470295914,0.232528970817644));
#3928=DIRECTION('',(0.,0.972589470295914,0.232528970817644));
#3929=DIRECTION('center_axis',(0.,0.232528970817644,-0.972589470295914));
#3930=DIRECTION('ref_axis',(-1.72766595748882E-15,-0.972589470295914,-0.232528970817644));
#3931=DIRECTION('',(-0.983960143216343,0.173498721190807,0.0414804810342035));
#3932=DIRECTION('',(-1.,0.,0.));
#3933=DIRECTION('',(-0.983960143216343,-0.173498721190806,-0.0414804810342033));
#3934=DIRECTION('center_axis',(0.,0.232528970817644,-0.972589470295914));
#3935=DIRECTION('ref_axis',(4.04921708786441E-16,-0.972589470295914,-0.232528970817644));
#3936=DIRECTION('',(-7.06632832444822E-16,-0.972589470295914,-0.232528970817644));
#3937=DIRECTION('center_axis',(0.,-0.232528970817644,0.972589470295914));
#3938=DIRECTION('ref_axis',(-1.,-1.11426376837794E-15,-2.66400794161879E-16));
#3939=DIRECTION('center_axis',(0.,-0.232528970817644,0.972589470295914));
#3940=DIRECTION('ref_axis',(-1.,-1.11426376837794E-15,-2.66400794161879E-16));
#3941=DIRECTION('',(2.54408861100402E-15,0.972589470295914,0.232528970817644));
#3942=DIRECTION('',(1.,9.35497189092299E-18,2.23660861263743E-18));
#3943=DIRECTION('',(1.63557454052602E-15,-0.972589470295914,-0.232528970817644));
#3944=DIRECTION('',(-1.,-9.35497189092564E-18,-2.23660861263806E-18));
#3945=DIRECTION('center_axis',(0.,-0.232528970817644,0.972589470295914));
#3946=DIRECTION('ref_axis',(-1.,-1.11426376837794E-15,-2.66400794161879E-16));
#3947=DIRECTION('center_axis',(-1.78646824969352E-16,-0.232528970817643,
0.972589470295915));
#3948=DIRECTION('ref_axis',(-1.,-1.07272320602798E-15,-4.40150815028866E-16));
#3949=DIRECTION('center_axis',(0.,-0.232528970817644,0.972589470295914));
#3950=DIRECTION('ref_axis',(-1.,-1.07272320602798E-15,-4.40150815028866E-16));
#3951=DIRECTION('',(-1.78646824969352E-16,-0.232528970817643,0.972589470295915));
#3952=DIRECTION('center_axis',(0.,-0.232528970817643,0.972589470295915));
#3953=DIRECTION('ref_axis',(-1.,-1.10019357790457E-15,-3.25251607681342E-16));
#3954=DIRECTION('',(-0.707106781186568,0.164422812087478,-0.687724609756854));
#3955=DIRECTION('center_axis',(0.,0.232528970817644,-0.972589470295914));
#3956=DIRECTION('ref_axis',(-1.,-1.07272320602798E-15,-4.40150815028866E-16));
#3957=DIRECTION('center_axis',(-1.78646824969352E-16,-0.232528970817643,
0.972589470295915));
#3958=DIRECTION('ref_axis',(-1.,-1.07272320602798E-15,-4.40150815028866E-16));
#3959=DIRECTION('center_axis',(0.,-0.232528970817644,0.972589470295914));
#3960=DIRECTION('ref_axis',(-1.,-1.07272320602798E-15,-4.40150815028866E-16));
#3961=DIRECTION('',(-1.78646824969352E-16,-0.232528970817643,0.972589470295915));
#3962=DIRECTION('center_axis',(0.,-0.232528970817647,0.972589470295914));
#3963=DIRECTION('ref_axis',(-1.,-1.10019357790457E-15,-3.25251607681342E-16));
#3964=DIRECTION('',(-0.707106781186574,0.16442281208748,-0.687724609756847));
#3965=DIRECTION('center_axis',(0.,0.232528970817644,-0.972589470295914));
#3966=DIRECTION('ref_axis',(-1.,-1.07272320602798E-15,-4.40150815028866E-16));
#3967=DIRECTION('center_axis',(-1.78646824969352E-16,-0.232528970817643,
0.972589470295914));
#3968=DIRECTION('ref_axis',(-1.,-1.07272320602798E-15,-4.40150815028866E-16));
#3969=DIRECTION('center_axis',(0.,-0.232528970817644,0.972589470295914));
#3970=DIRECTION('ref_axis',(-1.,-1.07272320602798E-15,-4.40150815028866E-16));
#3971=DIRECTION('',(-1.78646824969352E-16,-0.232528970817643,0.972589470295915));
#3972=DIRECTION('center_axis',(0.,-0.232528970817641,0.972589470295915));
#3973=DIRECTION('ref_axis',(-1.,-1.10019357790457E-15,-3.25251607681342E-16));
#3974=DIRECTION('',(-0.707106781186552,0.164422812087481,-0.68772460975687));
#3975=DIRECTION('center_axis',(0.,0.232528970817644,-0.972589470295914));
#3976=DIRECTION('ref_axis',(-1.,-1.07272320602798E-15,-4.40150815028866E-16));
#3977=DIRECTION('center_axis',(-1.78646824969352E-16,-0.232528970817643,
0.972589470295915));
#3978=DIRECTION('ref_axis',(-1.,-1.07272320602798E-15,-4.40150815028866E-16));
#3979=DIRECTION('center_axis',(0.,-0.232528970817644,0.972589470295914));
#3980=DIRECTION('ref_axis',(-1.,-1.07272320602798E-15,-4.40150815028866E-16));
#3981=DIRECTION('',(-1.78646824969352E-16,-0.232528970817643,0.972589470295915));
#3982=DIRECTION('center_axis',(0.,1.,0.));
#3983=DIRECTION('ref_axis',(0.246527471994631,0.,-0.969135803462));
#3984=DIRECTION('',(0.,-1.,0.));
#3985=DIRECTION('',(-1.3373095657084E-31,-1.,-2.06077780401773E-16));
#3986=DIRECTION('center_axis',(1.91101057318237E-15,1.6695707972482E-16,
1.));
#3987=DIRECTION('ref_axis',(-1.,-2.60085860674902E-31,1.91101057318237E-15));
#3988=DIRECTION('center_axis',(1.91101057318237E-15,1.6695707972482E-16,
1.));
#3989=DIRECTION('ref_axis',(-1.,-2.60085860674902E-31,1.91101057318237E-15));
#3990=DIRECTION('center_axis',(0.,-1.,0.));
#3991=DIRECTION('ref_axis',(-0.246527471994611,0.,-0.969135803462005));
#3992=DIRECTION('',(0.,1.,0.));
#3993=DIRECTION('',(1.3373095657084E-31,1.,2.06077780401773E-16));
#3994=DIRECTION('center_axis',(1.67716815681529E-15,9.01492747084651E-17,
1.));
#3995=DIRECTION('ref_axis',(-1.,-2.11896134546187E-31,1.67716815681529E-15));
#3996=DIRECTION('center_axis',(1.67716815681529E-15,9.01492747084651E-17,
1.));
#3997=DIRECTION('ref_axis',(-1.,-2.11896134546187E-31,1.67716815681529E-15));
#3998=DIRECTION('center_axis',(1.91101057318237E-15,1.66957079724819E-16,
1.));
#3999=DIRECTION('ref_axis',(-1.,-2.60085860674903E-31,1.91101057318237E-15));
#4000=DIRECTION('center_axis',(-1.91101057318237E-15,-1.6695707972482E-16,
-1.));
#4001=DIRECTION('ref_axis',(-1.,-2.60085860674902E-31,1.91101057318237E-15));
#4002=DIRECTION('center_axis',(1.67716815681529E-15,9.01492747084654E-17,
1.));
#4003=DIRECTION('ref_axis',(-1.,-2.11896134546187E-31,1.67716815681529E-15));
#4004=DIRECTION('center_axis',(-1.67716815681529E-15,-9.01492747084651E-17,
-1.));
#4005=DIRECTION('ref_axis',(-1.,-2.11896134546187E-31,1.67716815681529E-15));
#4006=DIRECTION('center_axis',(-1.35217845733444E-15,-1.69022307166805E-16,
-1.));
#4007=DIRECTION('ref_axis',(1.,-1.77635683940026E-15,-1.35217845733444E-15));
#4008=DIRECTION('',(-1.35217845733444E-15,-1.69022307166805E-16,-1.));
#4009=DIRECTION('center_axis',(0.,0.,1.));
#4010=DIRECTION('ref_axis',(1.,-1.77635683940026E-15,-1.35217845733444E-15));
#4011=DIRECTION('center_axis',(-1.35217845733444E-15,-1.69022307166805E-16,
-1.));
#4012=DIRECTION('ref_axis',(1.,-1.77635683940026E-15,-1.35217845733444E-15));
#4013=DIRECTION('',(-1.35217845733444E-15,-1.69022307166805E-16,-1.));
#4014=DIRECTION('center_axis',(0.,0.,1.));
#4015=DIRECTION('ref_axis',(1.,-1.77635683940026E-15,-1.35217845733444E-15));
#4016=DIRECTION('center_axis',(1.,1.59074257599968E-15,3.80318464604055E-16));
#4017=DIRECTION('ref_axis',(1.63557454052602E-15,-0.972589470295914,-0.232528970817644));
#4018=DIRECTION('',(-1.63557454052602E-15,0.972589470295914,0.232528970817644));
#4019=DIRECTION('',(0.,0.232528970817644,-0.972589470295915));
#4020=DIRECTION('',(0.,0.232528970817644,-0.972589470295915));
#4021=DIRECTION('center_axis',(-9.61862345484442E-18,0.972589470295915,
0.232528970817644));
#4022=DIRECTION('ref_axis',(1.,-2.29552088153198E-17,1.37379087537958E-16));
#4023=DIRECTION('',(-1.,-9.35497189092299E-18,-2.23660861263743E-18));
#4024=DIRECTION('',(0.,0.232528970817644,-0.972589470295915));
#4025=DIRECTION('center_axis',(-1.,2.47435379456227E-15,5.91574306385654E-16));
#4026=DIRECTION('ref_axis',(2.54408861100402E-15,0.972589470295914,0.232528970817644));
#4027=DIRECTION('',(-2.54408861100402E-15,-0.972589470295914,-0.232528970817644));
#4028=DIRECTION('',(0.,0.232528970817644,-0.972589470295915));
#4029=DIRECTION('center_axis',(9.61862345484714E-18,-0.972589470295915,
-0.232528970817644));
#4030=DIRECTION('ref_axis',(-1.,2.19213912403399E-17,-1.33054980807971E-16));
#4031=DIRECTION('',(1.,9.35497189092564E-18,2.23660861263806E-18));
#4032=DIRECTION('center_axis',(0.,1.,0.));
#4033=DIRECTION('ref_axis',(0.707106781186547,0.,0.707106781186547));
#4034=DIRECTION('',(0.,-1.,0.));
#4035=DIRECTION('center_axis',(4.44089209850063E-16,-1.,0.));
#4036=DIRECTION('ref_axis',(1.,4.44089209850063E-16,0.));
#4037=DIRECTION('',(0.,1.,0.));
#4038=DIRECTION('center_axis',(-8.88178419700125E-16,-1.,0.));
#4039=DIRECTION('ref_axis',(1.,-8.88178419700125E-16,0.));
#4040=DIRECTION('',(0.,-1.,0.));
#4041=DIRECTION('center_axis',(0.,0.,1.));
#4042=DIRECTION('ref_axis',(1.,0.,0.));
#4043=DIRECTION('center_axis',(0.,0.,-1.));
#4044=DIRECTION('ref_axis',(0.707106781186548,-0.707106781186547,0.));
#4045=DIRECTION('',(-1.,0.,0.));
#4046=DIRECTION('center_axis',(0.,0.,-1.));
#4047=DIRECTION('ref_axis',(-0.0498137018801592,-0.998758526924799,0.));
#4048=DIRECTION('',(-0.995037190209989,0.0995037190210037,0.));
#4049=DIRECTION('center_axis',(0.,0.,1.));
#4050=DIRECTION('ref_axis',(1.11619362825291E-15,1.,0.));
#4051=DIRECTION('',(-0.995037190209989,-0.0995037190210007,0.));
#4052=DIRECTION('center_axis',(0.,0.,-1.));
#4053=DIRECTION('ref_axis',(0.0498137018801608,-0.998758526924799,0.));
#4054=DIRECTION('',(-1.,0.,0.));
#4055=DIRECTION('center_axis',(0.,0.,-1.));
#4056=DIRECTION('ref_axis',(-0.707106781186548,-0.707106781186548,0.));
#4057=DIRECTION('',(0.,1.,0.));
#4058=DIRECTION('',(0.,1.,0.));
#4059=DIRECTION('center_axis',(0.,0.,-1.));
#4060=DIRECTION('ref_axis',(-0.792988855709944,0.609236140359248,0.));
#4061=DIRECTION('',(0.966234939601246,0.257662650560332,0.));
#4062=DIRECTION('',(1.,0.,0.));
#4063=DIRECTION('',(0.966234939601246,-0.257662650560332,0.));
#4064=DIRECTION('center_axis',(0.,0.,-1.));
#4065=DIRECTION('ref_axis',(0.792988855709945,0.609236140359247,0.));
#4066=DIRECTION('',(0.,1.,0.));
#4067=DIRECTION('',(0.,-1.,0.));
#4068=DIRECTION('center_axis',(0.,-1.,0.));
#4069=DIRECTION('ref_axis',(-0.707106781186547,0.,0.707106781186547));
#4070=DIRECTION('center_axis',(0.,1.,0.));
#4071=DIRECTION('ref_axis',(-1.,0.,0.));
#4072=DIRECTION('',(0.,-1.,0.));
#4073=DIRECTION('center_axis',(1.77635683940025E-15,1.,0.));
#4074=DIRECTION('ref_axis',(-1.,1.77635683940025E-15,0.));
#4075=DIRECTION('center_axis',(-0.0995037190210037,-0.995037190209989,0.));
#4076=DIRECTION('ref_axis',(0.995037190209989,-0.0995037190210037,0.));
#4077=DIRECTION('',(0.995037190209989,-0.0995037190210037,0.));
#4078=DIRECTION('',(0.,0.,1.));
#4079=DIRECTION('',(0.995037190209989,-0.0995037190210037,0.));
#4080=DIRECTION('',(0.,0.,1.));
#4081=DIRECTION('center_axis',(0.,0.,1.));
#4082=DIRECTION('ref_axis',(-0.0995037190209993,-0.995037190209989,0.));
#4083=DIRECTION('center_axis',(0.,0.,1.));
#4084=DIRECTION('ref_axis',(-0.0995037190209993,-0.995037190209989,0.));
#4085=DIRECTION('center_axis',(0.,0.,1.));
#4086=DIRECTION('ref_axis',(-0.0498137018801592,-0.998758526924799,0.));
#4087=DIRECTION('',(0.,0.,1.));
#4088=DIRECTION('center_axis',(0.,-1.,0.));
#4089=DIRECTION('ref_axis',(1.,0.,0.));
#4090=DIRECTION('',(1.,0.,0.));
#4091=DIRECTION('',(1.,0.,0.));
#4092=DIRECTION('',(0.,0.,1.));
#4093=DIRECTION('center_axis',(0.,0.,1.));
#4094=DIRECTION('ref_axis',(8.88178419700124E-16,-1.,0.));
#4095=DIRECTION('center_axis',(0.,0.,1.));
#4096=DIRECTION('ref_axis',(8.88178419700124E-16,-1.,0.));
#4097=DIRECTION('center_axis',(0.,0.,1.));
#4098=DIRECTION('ref_axis',(0.707106781186548,-0.707106781186547,0.));
#4099=DIRECTION('',(0.,0.,1.));
#4100=DIRECTION('center_axis',(1.,0.,0.));
#4101=DIRECTION('ref_axis',(0.,1.,0.));
#4102=DIRECTION('',(0.,1.,0.));
#4103=DIRECTION('',(0.,0.,1.));
#4104=DIRECTION('center_axis',(0.,0.,1.));
#4105=DIRECTION('ref_axis',(1.,1.99840144432527E-15,0.));
#4106=DIRECTION('center_axis',(0.,0.,1.));
#4107=DIRECTION('ref_axis',(1.,1.99840144432527E-15,0.));
#4108=DIRECTION('center_axis',(0.,0.,1.));
#4109=DIRECTION('ref_axis',(0.792988855709945,0.609236140359247,0.));
#4110=DIRECTION('',(0.,0.,1.));
#4111=DIRECTION('center_axis',(0.257662650560332,0.966234939601246,0.));
#4112=DIRECTION('ref_axis',(-0.966234939601246,0.257662650560332,0.));
#4113=DIRECTION('',(-0.966234939601246,0.257662650560332,0.));
#4114=DIRECTION('',(-0.966234939601246,0.257662650560332,0.));
#4115=DIRECTION('',(0.,0.,1.));
#4116=DIRECTION('center_axis',(0.,0.,1.));
#4117=DIRECTION('ref_axis',(0.257662650560337,0.966234939601245,0.));
#4118=DIRECTION('center_axis',(0.,0.,1.));
#4119=DIRECTION('ref_axis',(0.257662650560337,0.966234939601245,0.));
#4120=DIRECTION('center_axis',(0.,-0.232528970817644,0.972589470295914));
#4121=DIRECTION('ref_axis',(1.78109892524625E-16,0.972589470295914,0.232528970817644));
#4122=DIRECTION('',(0.,0.,1.));
#4123=DIRECTION('center_axis',(0.,1.,0.));
#4124=DIRECTION('ref_axis',(-1.,0.,0.));
#4125=DIRECTION('',(-1.,0.,0.));
#4126=DIRECTION('',(-1.,0.,0.));
#4127=DIRECTION('',(0.,0.,1.));
#4128=DIRECTION('center_axis',(-0.966234939601246,-0.257662650560332,0.));
#4129=DIRECTION('ref_axis',(-0.182195007469711,0.683231278011415,0.707106781186547));
#4130=DIRECTION('center_axis',(-0.966234939601246,-0.257662650560332,3.43275608685603E-16));
#4131=DIRECTION('ref_axis',(6.57252030578093E-14,-2.45137243837235E-13,
1.));
#4132=DIRECTION('center_axis',(0.966234939601246,0.257662650560332,0.));
#4133=DIRECTION('ref_axis',(-0.257662650560332,0.966234939601246,0.));
#4134=DIRECTION('',(-0.966234939601246,-0.257662650560332,0.));
#4135=DIRECTION('center_axis',(0.,0.,1.));
#4136=DIRECTION('ref_axis',(1.,0.,0.));
#4137=DIRECTION('center_axis',(0.,0.,1.));
#4138=DIRECTION('ref_axis',(-0.792988855709944,0.609236140359248,0.));
#4139=DIRECTION('center_axis',(0.,-1.,0.));
#4140=DIRECTION('ref_axis',(-0.707106781186547,0.,0.707106781186547));
#4141=DIRECTION('center_axis',(0.,0.,1.));
#4142=DIRECTION('ref_axis',(1.,0.,0.));
#4143=DIRECTION('center_axis',(-1.,0.,0.));
#4144=DIRECTION('ref_axis',(0.,-1.,0.));
#4145=DIRECTION('center_axis',(0.,0.,1.));
#4146=DIRECTION('ref_axis',(-0.707106781186548,-0.707106781186548,0.));
#4147=DIRECTION('center_axis',(1.,0.,0.));
#4148=DIRECTION('ref_axis',(0.,-0.707106781186547,0.707106781186547));
#4149=DIRECTION('center_axis',(-1.,0.,0.));
#4150=DIRECTION('ref_axis',(0.,-1.,0.));
#4151=DIRECTION('',(1.,0.,0.));
#4152=DIRECTION('center_axis',(0.,0.,1.));
#4153=DIRECTION('ref_axis',(1.,0.,0.));
#4154=DIRECTION('center_axis',(-0.995037190209989,-0.0995037190210014,0.));
#4155=DIRECTION('ref_axis',(0.0995037190210014,-0.995037190209989,0.));
#4156=DIRECTION('center_axis',(0.,0.,1.));
#4157=DIRECTION('ref_axis',(0.0498137018801608,-0.998758526924799,0.));
#4158=DIRECTION('center_axis',(0.995037190209989,0.0995037190210007,0.));
#4159=DIRECTION('ref_axis',(0.0703597544730303,-0.703597544730292,0.707106781186548));
#4160=DIRECTION('center_axis',(-0.995037190209989,-0.0995037190210009,0.));
#4161=DIRECTION('ref_axis',(0.099503719021001,-0.995037190209989,0.));
#4162=DIRECTION('',(0.995037190209989,0.0995037190210007,0.));
#4163=DIRECTION('center_axis',(0.,0.,-1.));
#4164=DIRECTION('ref_axis',(-1.,0.,0.));
#4165=DIRECTION('center_axis',(-0.995037190209989,0.0995037190210042,0.));
#4166=DIRECTION('ref_axis',(-0.0995037190210042,-0.995037190209989,0.));
#4167=DIRECTION('center_axis',(0.,0.,-1.));
#4168=DIRECTION('ref_axis',(1.11619362825291E-15,1.,0.));
#4169=DIRECTION('center_axis',(0.995037190209989,-0.0995037190210037,0.));
#4170=DIRECTION('ref_axis',(-0.0703597544730328,-0.703597544730291,0.707106781186548));
#4171=DIRECTION('center_axis',(-0.995037190209989,0.0995037190210046,0.));
#4172=DIRECTION('ref_axis',(-0.0995037190210046,-0.995037190209989,0.));
#4173=DIRECTION('center_axis',(0.,0.,1.));
#4174=DIRECTION('ref_axis',(1.,0.,0.));
#4175=DIRECTION('center_axis',(-1.,-1.77635683940026E-15,0.));
#4176=DIRECTION('ref_axis',(1.77635683940026E-15,-1.,0.));
#4177=DIRECTION('center_axis',(1.,0.,0.));
#4178=DIRECTION('ref_axis',(0.,-0.707106781186547,0.707106781186547));
#4179=DIRECTION('center_axis',(-1.,0.,0.));
#4180=DIRECTION('ref_axis',(0.,-1.,0.));
#4181=DIRECTION('center_axis',(0.,0.,1.));
#4182=DIRECTION('ref_axis',(1.,0.,0.));
#4183=DIRECTION('center_axis',(0.,1.,0.));
#4184=DIRECTION('ref_axis',(0.707106781186547,0.,0.707106781186547));
#4185=DIRECTION('center_axis',(0.,0.,1.));
#4186=DIRECTION('ref_axis',(1.,0.,0.));
#4187=DIRECTION('center_axis',(0.966234939601246,-0.257662650560334,0.));
#4188=DIRECTION('ref_axis',(0.257662650560334,0.966234939601246,0.));
#4189=DIRECTION('center_axis',(-0.966234939601246,0.257662650560332,0.));
#4190=DIRECTION('ref_axis',(0.182195007469711,0.683231278011415,0.707106781186547));
#4191=DIRECTION('center_axis',(0.966234939601246,-0.257662650560332,0.));
#4192=DIRECTION('ref_axis',(0.257662650560332,0.966234939601246,0.));
#4193=DIRECTION('center_axis',(0.,0.,1.));
#4194=DIRECTION('ref_axis',(0.0995037190210042,0.995037190209989,0.));
#4195=DIRECTION('center_axis',(0.,0.,-1.));
#4196=DIRECTION('ref_axis',(0.0995037190210042,0.995037190209989,0.));
#4197=DIRECTION('',(0.,0.,1.));
#4198=DIRECTION('center_axis',(0.0995037190210007,-0.995037190209989,0.));
#4199=DIRECTION('ref_axis',(0.995037190209989,0.0995037190210007,0.));
#4200=DIRECTION('',(0.995037190209989,0.0995037190210007,0.));
#4201=DIRECTION('',(0.,0.,1.));
#4202=DIRECTION('center_axis',(0.,0.,1.));
#4203=DIRECTION('ref_axis',(0.,-1.,0.));
#4204=DIRECTION('center_axis',(0.,0.,1.));
#4205=DIRECTION('ref_axis',(0.,-1.,0.));
#4206=DIRECTION('',(0.,0.,1.));
#4207=DIRECTION('center_axis',(0.,-1.,0.));
#4208=DIRECTION('ref_axis',(1.,0.,0.));
#4209=DIRECTION('',(1.,0.,0.));
#4210=DIRECTION('',(0.,0.,1.));
#4211=DIRECTION('center_axis',(0.,0.232528970817644,-0.972589470295914));
#4212=DIRECTION('ref_axis',(0.,-0.972589470295914,-0.232528970817644));
#4213=DIRECTION('',(-1.,0.,0.));
#4214=DIRECTION('center_axis',(0.,0.232528970817644,-0.972589470295914));
#4215=DIRECTION('ref_axis',(2.28915739367275E-15,0.972589470295914,0.232528970817644));
#4216=DIRECTION('center_axis',(0.,0.,1.));
#4217=DIRECTION('ref_axis',(-1.,-8.88178419700124E-16,0.));
#4218=DIRECTION('center_axis',(0.,0.,1.));
#4219=DIRECTION('ref_axis',(-1.,-8.88178419700124E-16,0.));
#4220=DIRECTION('',(0.,0.,1.));
#4221=DIRECTION('center_axis',(-1.,0.,0.));
#4222=DIRECTION('ref_axis',(0.,-1.,0.));
#4223=DIRECTION('',(0.,-1.,0.));
#4224=DIRECTION('',(0.,0.,1.));
#4225=DIRECTION('center_axis',(0.,0.,1.));
#4226=DIRECTION('ref_axis',(-0.257662650560336,0.966234939601245,0.));
#4227=DIRECTION('center_axis',(0.,0.,1.));
#4228=DIRECTION('ref_axis',(-0.257662650560336,0.966234939601245,0.));
#4229=DIRECTION('',(0.,0.,1.));
#4230=DIRECTION('center_axis',(-0.207009078950658,-0.978339021623895,0.));
#4231=DIRECTION('ref_axis',(-0.978339021623895,0.207009078950658,0.));
#4232=DIRECTION('center_axis',(1.,0.,0.));
#4233=DIRECTION('ref_axis',(0.,0.,-1.));
#4234=DIRECTION('center_axis',(1.,0.,0.));
#4235=DIRECTION('ref_axis',(0.,0.,-1.));
#4236=DIRECTION('center_axis',(0.,0.,1.));
#4237=DIRECTION('ref_axis',(2.3536728122054E-15,1.,0.));
#4238=DIRECTION('center_axis',(0.,0.,1.));
#4239=DIRECTION('ref_axis',(2.3536728122054E-15,1.,0.));
#4240=DIRECTION('',(0.,0.,1.));
#4241=DIRECTION('center_axis',(-0.257662650560332,0.966234939601246,0.));
#4242=DIRECTION('ref_axis',(-0.966234939601246,-0.257662650560332,0.));
#4243=DIRECTION('',(-0.966234939601246,-0.257662650560332,0.));
#4244=DIRECTION('center_axis',(0.,0.,1.));
#4245=DIRECTION('ref_axis',(1.,0.,0.));
#4246=DIRECTION('center_axis',(0.,0.,1.));
#4247=DIRECTION('ref_axis',(2.3536728122054E-15,1.,0.));
#4248=DIRECTION('',(-1.,0.,0.));
#4249=DIRECTION('center_axis',(0.,0.,1.));
#4250=DIRECTION('ref_axis',(0.257662650560337,0.966234939601245,0.));
#4251=DIRECTION('',(-0.966234939601246,0.257662650560332,0.));
#4252=DIRECTION('center_axis',(0.,0.,1.));
#4253=DIRECTION('ref_axis',(1.,1.99840144432527E-15,0.));
#4254=DIRECTION('',(0.,1.,0.));
#4255=DIRECTION('center_axis',(0.,0.,1.));
#4256=DIRECTION('ref_axis',(8.88178419700124E-16,-1.,0.));
#4257=DIRECTION('',(1.,0.,0.));
#4258=DIRECTION('center_axis',(0.,0.,1.));
#4259=DIRECTION('ref_axis',(-0.0995037190209994,-0.995037190209989,0.));
#4260=DIRECTION('',(0.995037190209989,-0.0995037190210037,0.));
#4261=DIRECTION('center_axis',(0.,0.,-1.));
#4262=DIRECTION('ref_axis',(0.0995037190210042,0.995037190209988,0.));
#4263=DIRECTION('',(0.995037190209989,0.0995037190210007,0.));
#4264=DIRECTION('center_axis',(0.,0.,1.));
#4265=DIRECTION('ref_axis',(0.,-1.,0.));
#4266=DIRECTION('',(1.,0.,0.));
#4267=DIRECTION('center_axis',(0.,0.,1.));
#4268=DIRECTION('ref_axis',(-1.,-8.88178419700124E-16,0.));
#4269=DIRECTION('',(0.,-1.,0.));
#4270=DIRECTION('center_axis',(0.,0.,1.));
#4271=DIRECTION('ref_axis',(-0.257662650560336,0.966234939601245,0.));
#4272=DIRECTION('',(-0.966234939601246,-0.257662650560332,0.));
#4273=DIRECTION('center_axis',(-0.0995037190210037,-0.995037190209989,0.));
#4274=DIRECTION('ref_axis',(0.995037190209989,-0.0995037190210037,0.));
#4275=DIRECTION('',(0.,0.,1.));
#4276=DIRECTION('',(0.995037190209989,-0.0995037190210037,0.));
#4277=DIRECTION('',(0.,0.,1.));
#4278=DIRECTION('center_axis',(0.,0.,1.));
#4279=DIRECTION('ref_axis',(-0.0995037190209994,-0.995037190209989,0.));
#4280=DIRECTION('',(0.,0.,1.));
#4281=DIRECTION('center_axis',(0.,0.,1.));
#4282=DIRECTION('ref_axis',(-0.0498137018801592,-0.998758526924799,0.));
#4283=DIRECTION('center_axis',(0.,-1.,0.));
#4284=DIRECTION('ref_axis',(1.,0.,0.));
#4285=DIRECTION('',(0.,0.,1.));
#4286=DIRECTION('',(1.,0.,0.));
#4287=DIRECTION('center_axis',(0.,0.,1.));
#4288=DIRECTION('ref_axis',(8.88178419700124E-16,-1.,0.));
#4289=DIRECTION('',(0.,0.,1.));
#4290=DIRECTION('center_axis',(0.,0.,1.));
#4291=DIRECTION('ref_axis',(0.707106781186548,-0.707106781186547,0.));
#4292=DIRECTION('center_axis',(1.,0.,0.));
#4293=DIRECTION('ref_axis',(0.,1.,0.));
#4294=DIRECTION('',(0.,0.,1.));
#4295=DIRECTION('',(0.,1.,0.));
#4296=DIRECTION('center_axis',(0.,0.,1.));
#4297=DIRECTION('ref_axis',(1.,1.99840144432527E-15,0.));
#4298=DIRECTION('',(0.,0.,1.));
#4299=DIRECTION('center_axis',(0.,0.,1.));
#4300=DIRECTION('ref_axis',(0.792988855709945,0.609236140359247,0.));
#4301=DIRECTION('center_axis',(0.257662650560332,0.966234939601246,0.));
#4302=DIRECTION('ref_axis',(-0.966234939601246,0.257662650560332,0.));
#4303=DIRECTION('',(0.,0.,1.));
#4304=DIRECTION('',(-0.966234939601246,0.257662650560332,0.));
#4305=DIRECTION('center_axis',(0.,0.,1.));
#4306=DIRECTION('ref_axis',(0.257662650560337,0.966234939601245,0.));
#4307=DIRECTION('',(0.,0.,1.));
#4308=DIRECTION('center_axis',(0.,1.,0.));
#4309=DIRECTION('ref_axis',(-1.,0.,0.));
#4310=DIRECTION('',(0.,0.,1.));
#4311=DIRECTION('center_axis',(-0.966234939601246,-0.257662650560332,0.));
#4312=DIRECTION('ref_axis',(-0.182195007469711,0.683231278011415,0.707106781186547));
#4313=DIRECTION('center_axis',(-0.966234939601246,-0.257662650560332,3.43275608685603E-16));
#4314=DIRECTION('ref_axis',(6.57252030578093E-14,-2.45137243837235E-13,
1.));
#4315=DIRECTION('',(-0.966234939601246,-0.257662650560332,0.));
#4316=DIRECTION('center_axis',(0.966234939601246,0.257662650560332,0.));
#4317=DIRECTION('ref_axis',(-0.257662650560332,0.966234939601246,0.));
#4318=DIRECTION('center_axis',(1.77635683940025E-15,1.,0.));
#4319=DIRECTION('ref_axis',(-1.,1.77635683940025E-15,0.));
#4320=DIRECTION('center_axis',(0.,0.,1.));
#4321=DIRECTION('ref_axis',(-0.792988855709944,0.609236140359248,0.));
#4322=DIRECTION('center_axis',(0.,-1.,0.));
#4323=DIRECTION('ref_axis',(-0.707106781186547,0.,0.707106781186547));
#4324=DIRECTION('',(0.,-1.,0.));
#4325=DIRECTION('center_axis',(0.,1.,0.));
#4326=DIRECTION('ref_axis',(-1.,0.,0.));
#4327=DIRECTION('center_axis',(-1.,0.,0.));
#4328=DIRECTION('ref_axis',(0.,-1.,0.));
#4329=DIRECTION('center_axis',(0.,0.,1.));
#4330=DIRECTION('ref_axis',(-0.707106781186547,-0.707106781186547,0.));
#4331=DIRECTION('center_axis',(1.,0.,0.));
#4332=DIRECTION('ref_axis',(0.,-0.707106781186547,0.707106781186547));
#4333=DIRECTION('center_axis',(-1.,0.,0.));
#4334=DIRECTION('ref_axis',(0.,-1.,0.));
#4335=DIRECTION('',(1.,0.,0.));
#4336=DIRECTION('center_axis',(0.,0.,1.));
#4337=DIRECTION('ref_axis',(1.,0.,0.));
#4338=DIRECTION('center_axis',(-0.995037190209989,-0.0995037190210014,0.));
#4339=DIRECTION('ref_axis',(0.0995037190210014,-0.995037190209989,0.));
#4340=DIRECTION('center_axis',(0.,0.,1.));
#4341=DIRECTION('ref_axis',(0.0498137018801608,-0.998758526924799,0.));
#4342=DIRECTION('center_axis',(0.995037190209989,0.0995037190210007,0.));
#4343=DIRECTION('ref_axis',(0.0703597544730303,-0.703597544730291,0.707106781186548));
#4344=DIRECTION('center_axis',(-0.995037190209989,-0.0995037190210009,0.));
#4345=DIRECTION('ref_axis',(0.0995037190210009,-0.995037190209989,0.));
#4346=DIRECTION('',(0.995037190209989,0.0995037190210007,0.));
#4347=DIRECTION('center_axis',(0.,0.,-1.));
#4348=DIRECTION('ref_axis',(-1.,0.,0.));
#4349=DIRECTION('center_axis',(-0.995037190209989,0.0995037190210042,0.));
#4350=DIRECTION('ref_axis',(-0.0995037190210042,-0.995037190209989,0.));
#4351=DIRECTION('center_axis',(0.,0.,-1.));
#4352=DIRECTION('ref_axis',(1.11619362825291E-15,1.,0.));
#4353=DIRECTION('center_axis',(0.995037190209989,-0.0995037190210037,0.));
#4354=DIRECTION('ref_axis',(-0.0703597544730328,-0.703597544730291,0.707106781186548));
#4355=DIRECTION('center_axis',(-0.995037190209989,0.0995037190210046,0.));
#4356=DIRECTION('ref_axis',(-0.0995037190210046,-0.995037190209988,0.));
#4357=DIRECTION('center_axis',(0.,0.,1.));
#4358=DIRECTION('ref_axis',(1.,0.,0.));
#4359=DIRECTION('center_axis',(-1.,-1.77635683940026E-15,0.));
#4360=DIRECTION('ref_axis',(1.77635683940026E-15,-1.,0.));
#4361=DIRECTION('center_axis',(1.,0.,0.));
#4362=DIRECTION('ref_axis',(0.,-0.707106781186547,0.707106781186547));
#4363=DIRECTION('center_axis',(-1.,0.,0.));
#4364=DIRECTION('ref_axis',(0.,-1.,0.));
#4365=DIRECTION('center_axis',(-8.88178419700125E-16,-1.,0.));
#4366=DIRECTION('ref_axis',(1.,-8.88178419700125E-16,0.));
#4367=DIRECTION('center_axis',(0.,1.,0.));
#4368=DIRECTION('ref_axis',(0.707106781186547,0.,0.707106781186547));
#4369=DIRECTION('center_axis',(4.44089209850063E-16,-1.,0.));
#4370=DIRECTION('ref_axis',(1.,4.44089209850063E-16,0.));
#4371=DIRECTION('center_axis',(0.966234939601246,-0.257662650560334,0.));
#4372=DIRECTION('ref_axis',(0.257662650560334,0.966234939601246,0.));
#4373=DIRECTION('center_axis',(-0.966234939601246,0.257662650560332,0.));
#4374=DIRECTION('ref_axis',(0.182195007469711,0.683231278011415,0.707106781186547));
#4375=DIRECTION('center_axis',(0.966234939601246,-0.257662650560332,0.));
#4376=DIRECTION('ref_axis',(0.257662650560332,0.966234939601246,0.));
#4377=DIRECTION('center_axis',(-0.752595018199825,-0.200692004853287,-0.627155050819791));
#4378=DIRECTION('ref_axis',(-0.624935186176433,-0.0824383829236534,0.7763117454345));
#4379=DIRECTION('center_axis',(0.752595018199823,-0.200692004853286,-0.627155050819792));
#4380=DIRECTION('ref_axis',(0.257662650560332,0.966234939601246,0.));
#4381=DIRECTION('center_axis',(-0.46204933521852,-0.0889320408065994,-0.882383988942511));
#4382=DIRECTION('ref_axis',(-0.875590780229058,-0.112323957686441,0.469812850087695));
#4383=DIRECTION('center_axis',(0.33198373023047,0.943285112180969,2.79268493421183E-16));
#4384=DIRECTION('ref_axis',(0.,2.96059473233375E-16,-1.));
#4385=DIRECTION('center_axis',(0.,0.,1.));
#4386=DIRECTION('ref_axis',(0.0995037190210042,0.995037190209988,0.));
#4387=DIRECTION('',(0.,0.,1.));
#4388=DIRECTION('center_axis',(0.0995037190210007,-0.995037190209989,0.));
#4389=DIRECTION('ref_axis',(0.995037190209989,0.0995037190210007,0.));
#4390=DIRECTION('',(0.,0.,1.));
#4391=DIRECTION('center_axis',(0.,0.,1.));
#4392=DIRECTION('ref_axis',(0.,-1.,0.));
#4393=DIRECTION('',(0.,0.,1.));
#4394=DIRECTION('center_axis',(0.,-1.,0.));
#4395=DIRECTION('ref_axis',(1.,0.,0.));
#4396=DIRECTION('',(0.,0.,1.));
#4397=DIRECTION('center_axis',(0.,0.,1.));
#4398=DIRECTION('ref_axis',(-1.,-8.88178419700124E-16,0.));
#4399=DIRECTION('',(0.,0.,1.));
#4400=DIRECTION('center_axis',(-1.,0.,0.));
#4401=DIRECTION('ref_axis',(0.,-1.,0.));
#4402=DIRECTION('',(0.,0.,1.));
#4403=DIRECTION('center_axis',(0.,0.,1.));
#4404=DIRECTION('ref_axis',(-0.257662650560336,0.966234939601245,0.));
#4405=DIRECTION('',(0.,0.,1.));
#4406=DIRECTION('center_axis',(0.331983730230467,-0.94328511218097,0.));
#4407=DIRECTION('ref_axis',(0.,0.,-1.));
#4408=DIRECTION('center_axis',(0.995638848828452,-0.0932913860093991,0.));
#4409=DIRECTION('ref_axis',(0.,0.,-1.));
#4410=DIRECTION('center_axis',(1.,7.00268485710776E-15,0.));
#4411=DIRECTION('ref_axis',(0.,0.,-1.));
#4412=DIRECTION('center_axis',(-0.17364817766693,-0.984807753012208,0.));
#4413=DIRECTION('ref_axis',(-0.984807753012208,0.17364817766693,0.));
#4414=DIRECTION('center_axis',(1.,0.,0.));
#4415=DIRECTION('ref_axis',(0.,0.,-1.));
#4416=DIRECTION('center_axis',(1.,0.,0.));
#4417=DIRECTION('ref_axis',(0.,0.,-1.));
#4418=DIRECTION('center_axis',(0.995638848828452,0.093291386009398,0.));
#4419=DIRECTION('ref_axis',(0.,0.,-1.));
#4420=DIRECTION('center_axis',(0.,0.,1.));
#4421=DIRECTION('ref_axis',(2.3536728122054E-15,1.,0.));
#4422=DIRECTION('',(0.,0.,1.));
#4423=DIRECTION('center_axis',(-0.257662650560332,0.966234939601246,0.));
#4424=DIRECTION('ref_axis',(-0.966234939601246,-0.257662650560332,0.));
#4425=DIRECTION('',(0.060126715865217,0.00813301231639621,0.998157618890887));
#4426=DIRECTION('',(0.998163842675421,0.00685263242602543,-0.0601829261856948));
#4427=CARTESIAN_POINT('',(0.,0.,0.));
#4428=CARTESIAN_POINT('',(0.,0.,0.));
#4429=CARTESIAN_POINT('Ctrl Pts',(-82.8800541573257,31.5360984216507,25.));
#4430=CARTESIAN_POINT('Ctrl Pts',(-82.9203100960262,31.1985124496328,24.9999999992735));
#4431=CARTESIAN_POINT('Ctrl Pts',(-83.0145599895377,30.8730261800971,25.0508500228705));
#4432=CARTESIAN_POINT('Ctrl Pts',(-83.3171837664903,30.2459265030404,25.2464742657018));
#4433=CARTESIAN_POINT('Ctrl Pts',(-83.5361867730353,29.9641541000632,25.4008879514711));
#4434=CARTESIAN_POINT('Ctrl Pts',(-84.0839548591726,29.5083731709359,25.7394327589518));
#4435=CARTESIAN_POINT('Ctrl Pts',(-84.4195040567191,29.3412868547124,25.924186232655));
#4436=CARTESIAN_POINT('Ctrl Pts',(-85.1469007100985,29.1380959973379,26.1859099079665));
#4437=CARTESIAN_POINT('Ctrl Pts',(-85.523801451787,29.0892162868394,26.2674099228805));
#4438=CARTESIAN_POINT('Ctrl Pts',(-86.3154349715623,29.0743255706089,26.2882750215262));
#4439=CARTESIAN_POINT('Ctrl Pts',(-86.7100387461157,29.1106174747664,26.222210239404));
#4440=CARTESIAN_POINT('Ctrl Pts',(-87.4752627889481,29.2903480368368,25.9752942722736));
#4441=CARTESIAN_POINT('Ctrl Pts',(-87.8288338363226,29.4461677650549,25.7901327976961));
#4442=CARTESIAN_POINT('Ctrl Pts',(-88.4060368181197,29.883207208496,25.4434994359689));
#4443=CARTESIAN_POINT('Ctrl Pts',(-88.6380418535315,30.1567019427109,25.2816976187114));
#4444=CARTESIAN_POINT('Ctrl Pts',(-88.9775153164928,30.7975493342227,25.0610561733001));
#4445=CARTESIAN_POINT('Ctrl Pts',(-89.0878195228977,31.1509621773523,24.9999999999896));
#4446=CARTESIAN_POINT('Ctrl Pts',(-89.1337534584217,31.5198477194276,25.));
#4447=CARTESIAN_POINT('Ctrl Pts',(-83.3766330611187,31.5944991179732,24.5000021827685));
#4448=CARTESIAN_POINT('Ctrl Pts',(-83.4134924656347,31.2851708314503,24.5002341611432));
#4449=CARTESIAN_POINT('Ctrl Pts',(-83.5063808449198,30.9886900316968,24.5408543418956));
#4450=CARTESIAN_POINT('Ctrl Pts',(-83.799053186111,30.4283887459085,24.6952274494345));
#4451=CARTESIAN_POINT('Ctrl Pts',(-84.0071138611118,30.1845597427058,24.8158369073044));
#4452=CARTESIAN_POINT('Ctrl Pts',(-84.4961284735682,29.8032291810941,25.0747732449562));
#4453=CARTESIAN_POINT('Ctrl Pts',(-84.7796352064905,29.6715438467854,25.212721461808));
#4454=CARTESIAN_POINT('Ctrl Pts',(-85.3569177011521,29.5154664335122,25.403287708296));
#4455=CARTESIAN_POINT('Ctrl Pts',(-85.6431941620178,29.4798420402706,25.461272525851));
#4456=CARTESIAN_POINT('Ctrl Pts',(-86.2381264257046,29.4688415992562,25.4760421961091));
#4457=CARTESIAN_POINT('Ctrl Pts',(-86.5353316674028,29.4950212026165,25.4292715266247));
#4458=CARTESIAN_POINT('Ctrl Pts',(-87.1361512678692,29.6319012928175,25.2504200339584));
#4459=CARTESIAN_POINT('Ctrl Pts',(-87.4309565633455,29.7532814637069,25.1129607288881));
#4460=CARTESIAN_POINT('Ctrl Pts',(-87.9409955033367,30.1160541434338,24.8488388128724));
#4461=CARTESIAN_POINT('Ctrl Pts',(-88.1595389532597,30.3510455314833,24.7228200766405));
#4462=CARTESIAN_POINT('Ctrl Pts',(-88.4864944606155,30.9211845378696,24.5490410801585));
#4463=CARTESIAN_POINT('Ctrl Pts',(-88.5954614554852,31.242795701807,24.5002739181806));
#4464=CARTESIAN_POINT('Ctrl Pts',(-88.6374847759467,31.5808284034136,24.5000021827715));
#4465=CARTESIAN_POINT('Ctrl Pts',(-83.8732119649116,31.6528998142958,24.0000043655369));
#4466=CARTESIAN_POINT('Ctrl Pts',(-83.9070907879085,31.3721763575152,24.0001837716282));
#4467=CARTESIAN_POINT('Ctrl Pts',(-83.9984611394507,31.1043207344235,24.0309189241312));
#4468=CARTESIAN_POINT('Ctrl Pts',(-84.2807199852697,30.6110175924044,24.143796998191));
#4469=CARTESIAN_POINT('Ctrl Pts',(-84.4784347525492,30.4051435222141,24.2307663715705));
#4470=CARTESIAN_POINT('Ctrl Pts',(-84.9078804767242,30.0980439481967,24.4100158951152));
#4471=CARTESIAN_POINT('Ctrl Pts',(-85.1394662197042,30.0019558681216,24.5007391829827));
#4472=CARTESIAN_POINT('Ctrl Pts',(-85.5671639555016,29.8928294283543,24.6210503866534));
#4473=CARTESIAN_POINT('Ctrl Pts',(-85.7616562974835,29.8705409558192,24.6550022823205));
#4474=CARTESIAN_POINT('Ctrl Pts',(-86.1617595862465,29.8634164716266,24.6638638971657));
#4475=CARTESIAN_POINT('Ctrl Pts',(-86.3602797629878,29.8794361996003,24.6367703757044));
#4476=CARTESIAN_POINT('Ctrl Pts',(-86.7974306740882,29.9735945263086,24.5249782153322));
#4477=CARTESIAN_POINT('Ctrl Pts',(-87.0335445604337,30.0603377678509,24.4357116683112));
#4478=CARTESIAN_POINT('Ctrl Pts',(-87.4754870797258,30.3491109231965,24.2541380628415));
#4479=CARTESIAN_POINT('Ctrl Pts',(-87.6812871337792,30.5455315657412,24.1637604170621));
#4480=CARTESIAN_POINT('Ctrl Pts',(-87.9951142255169,31.0448303338591,24.0370763121723));
#4481=CARTESIAN_POINT('Ctrl Pts',(-88.1025416888474,31.3350850375847,24.0001824423907));
#4482=CARTESIAN_POINT('Ctrl Pts',(-88.1412160934718,31.6418090873995,24.0000043655429));
#4483=CARTESIAN_POINT('Ctrl Pts',(-84.3697908687045,31.7113005106183,23.5000065483054));
#4484=CARTESIAN_POINT('Ctrl Pts',(-84.4002731575169,31.4588347393327,23.5004179334979));
#4485=CARTESIAN_POINT('Ctrl Pts',(-84.4902819948327,31.2199845860232,23.5209232431562));
#4486=CARTESIAN_POINT('Ctrl Pts',(-84.7625894048903,30.7934798352724,23.5925501819237));
#4487=CARTESIAN_POINT('Ctrl Pts',(-84.9493618406257,30.6255491648566,23.6457153274037));
#4488=CARTESIAN_POINT('Ctrl Pts',(-85.3200540911197,30.3928999583548,23.7453563811196));
#4489=CARTESIAN_POINT('Ctrl Pts',(-85.4995973694756,30.3322128601945,23.7892744121356));
#4490=CARTESIAN_POINT('Ctrl Pts',(-85.7771809465551,30.2701998645286,23.8384281869829));
#4491=CARTESIAN_POINT('Ctrl Pts',(-85.8810490077143,30.2611667092504,23.848864885291));
#4492=CARTESIAN_POINT('Ctrl Pts',(-86.0844510403889,30.2579325002738,23.8516310717486));
#4493=CARTESIAN_POINT('Ctrl Pts',(-86.1855726842749,30.2638399274505,23.8438316629252));
#4494=CARTESIAN_POINT('Ctrl Pts',(-86.4583191530092,30.3151477822893,23.800103977017));
#4495=CARTESIAN_POINT('Ctrl Pts',(-86.6356672874567,30.367451466503,23.7585395995031));
#4496=CARTESIAN_POINT('Ctrl Pts',(-87.0104457649428,30.5819578581343,23.6594774397451));
#4497=CARTESIAN_POINT('Ctrl Pts',(-87.2027842335074,30.7398751545136,23.6048828749912));
#4498=CARTESIAN_POINT('Ctrl Pts',(-87.5040933696397,31.1684655375059,23.5250612190308));
#4499=CARTESIAN_POINT('Ctrl Pts',(-87.6101836214349,31.4269185620394,23.5004563605817));
#4500=CARTESIAN_POINT('Ctrl Pts',(-87.6449474109968,31.7027897713855,23.5000065483144));
#4501=CARTESIAN_POINT('',(-82.8800541576449,31.5360984216885,25.));
#4502=CARTESIAN_POINT('',(-84.3697908687045,31.7113005106181,23.5000065483054));
#4503=CARTESIAN_POINT('',(-82.8800541576449,31.5360984216885,25.));
#4504=CARTESIAN_POINT('',(-87.6449474109968,31.7027897713855,23.5000065483144));
#4505=CARTESIAN_POINT('Ctrl Pts',(-84.3697908687045,31.7113005106183,23.5000065483054));
#4506=CARTESIAN_POINT('Ctrl Pts',(-84.4002731575169,31.4588347393327,23.5004179334979));
#4507=CARTESIAN_POINT('Ctrl Pts',(-84.4902819948327,31.2199845860232,23.5209232431562));
#4508=CARTESIAN_POINT('Ctrl Pts',(-84.7625894048903,30.7934798352724,23.5925501819237));
#4509=CARTESIAN_POINT('Ctrl Pts',(-84.9493618406257,30.6255491648566,23.6457153274037));
#4510=CARTESIAN_POINT('Ctrl Pts',(-85.3200540911197,30.3928999583548,23.7453563811196));
#4511=CARTESIAN_POINT('Ctrl Pts',(-85.4995973694756,30.3322128601945,23.7892744121356));
#4512=CARTESIAN_POINT('Ctrl Pts',(-85.7771809465551,30.2701998645286,23.8384281869829));
#4513=CARTESIAN_POINT('Ctrl Pts',(-85.8810490077143,30.2611667092504,23.848864885291));
#4514=CARTESIAN_POINT('Ctrl Pts',(-86.0844510403889,30.2579325002738,23.8516310717486));
#4515=CARTESIAN_POINT('Ctrl Pts',(-86.1855726842749,30.2638399274505,23.8438316629252));
#4516=CARTESIAN_POINT('Ctrl Pts',(-86.4583191530092,30.3151477822893,23.800103977017));
#4517=CARTESIAN_POINT('Ctrl Pts',(-86.6356672874567,30.367451466503,23.7585395995031));
#4518=CARTESIAN_POINT('Ctrl Pts',(-87.0104457649428,30.5819578581343,23.6594774397451));
#4519=CARTESIAN_POINT('Ctrl Pts',(-87.2027842335074,30.7398751545136,23.6048828749912));
#4520=CARTESIAN_POINT('Ctrl Pts',(-87.5040933696397,31.1684655375059,23.5250612190308));
#4521=CARTESIAN_POINT('Ctrl Pts',(-87.6101836214349,31.4269185620394,23.5004563605817));
#4522=CARTESIAN_POINT('Ctrl Pts',(-87.6449474109968,31.7027897713855,23.5000065483144));
#4523=CARTESIAN_POINT('',(-89.1337534584175,31.5198477194281,25.));
#4524=CARTESIAN_POINT('',(-87.6449474109968,31.7027897713855,23.5000065483144));
#4525=CARTESIAN_POINT('Ctrl Pts',(-89.1337534584217,31.5198477194276,25.));
#4526=CARTESIAN_POINT('Ctrl Pts',(-89.0878195228977,31.1509621773523,24.9999999999896));
#4527=CARTESIAN_POINT('Ctrl Pts',(-88.9775153164928,30.7975493342227,25.0610561733001));
#4528=CARTESIAN_POINT('Ctrl Pts',(-88.6380418535315,30.1567019427109,25.2816976187114));
#4529=CARTESIAN_POINT('Ctrl Pts',(-88.4060368181197,29.883207208496,25.4434994359689));
#4530=CARTESIAN_POINT('Ctrl Pts',(-87.8288338363226,29.4461677650549,25.7901327976961));
#4531=CARTESIAN_POINT('Ctrl Pts',(-87.4752627889481,29.2903480368368,25.9752942722736));
#4532=CARTESIAN_POINT('Ctrl Pts',(-86.7100387461157,29.1106174747664,26.222210239404));
#4533=CARTESIAN_POINT('Ctrl Pts',(-86.3154349715623,29.0743255706089,26.2882750215262));
#4534=CARTESIAN_POINT('Ctrl Pts',(-85.523801451787,29.0892162868394,26.2674099228805));
#4535=CARTESIAN_POINT('Ctrl Pts',(-85.1469007100985,29.1380959973379,26.1859099079665));
#4536=CARTESIAN_POINT('Ctrl Pts',(-84.4195040567191,29.3412868547124,25.924186232655));
#4537=CARTESIAN_POINT('Ctrl Pts',(-84.0839548591726,29.5083731709359,25.7394327589518));
#4538=CARTESIAN_POINT('Ctrl Pts',(-83.5361867730353,29.9641541000632,25.4008879514711));
#4539=CARTESIAN_POINT('Ctrl Pts',(-83.3171837664903,30.2459265030404,25.2464742657018));
#4540=CARTESIAN_POINT('Ctrl Pts',(-83.0145599895377,30.8730261800971,25.0508500228705));
#4541=CARTESIAN_POINT('Ctrl Pts',(-82.9203100960262,31.1985124496328,24.9999999992735));
#4542=CARTESIAN_POINT('Ctrl Pts',(-82.8800541573257,31.5360984216507,25.));
#4543=CARTESIAN_POINT('Origin',(-86.0078941485735,31.9090823209101,24.25));
#4544=CARTESIAN_POINT('',(-84.3688402124179,31.7193398787087,23.5000000000001));
#4545=CARTESIAN_POINT('',(-82.8787911795491,31.5468467494346,25.));
#4546=CARTESIAN_POINT('',(-84.3688402124179,31.7193398787087,23.5000000000001));
#4547=CARTESIAN_POINT('',(-89.1350722803096,31.5305893455568,25.));
#4548=CARTESIAN_POINT('Origin',(-86.0078941485735,31.9090823209101,25.));
#4549=CARTESIAN_POINT('',(-87.6459398366257,31.7108240957251,23.5000000000001));
#4550=CARTESIAN_POINT('',(-89.1350722803096,31.5305893455568,25.));
#4551=CARTESIAN_POINT('',(-87.6578941485735,31.9090823209101,23.5000000000001));
#4552=CARTESIAN_POINT('Origin',(-86.0078941485735,31.9090823209101,23.5000000000001));
#4553=CARTESIAN_POINT('Origin',(-86.0078941485735,31.9090823209101,23.5000000000001));
#4554=CARTESIAN_POINT('Ctrl Pts',(-89.1337534584217,31.5198477194276,25.));
#4555=CARTESIAN_POINT('Ctrl Pts',(-89.1341991449166,31.5234269316672,25.));
#4556=CARTESIAN_POINT('Ctrl Pts',(-89.1346387544076,31.5270074753282,25.));
#4557=CARTESIAN_POINT('Ctrl Pts',(-89.1350722803096,31.5305893455568,25.));
#4558=CARTESIAN_POINT('Ctrl Pts',(-88.6374847759467,31.5808284034136,24.5000021827715));
#4559=CARTESIAN_POINT('Ctrl Pts',(-88.6378943353158,31.5841067833713,24.5000007279629));
#4560=CARTESIAN_POINT('Ctrl Pts',(-88.6382976793695,31.5873865199777,24.5));
#4561=CARTESIAN_POINT('Ctrl Pts',(-88.6386947990816,31.5906675956129,24.5));
#4562=CARTESIAN_POINT('Ctrl Pts',(-88.1412160934718,31.6418090873995,24.0000043655429));
#4563=CARTESIAN_POINT('Ctrl Pts',(-88.141589525715,31.6447866350753,24.0000014559257));
#4564=CARTESIAN_POINT('Ctrl Pts',(-88.1419566043314,31.6477655646273,24.));
#4565=CARTESIAN_POINT('Ctrl Pts',(-88.1423173178537,31.650745845669,24.));
#4566=CARTESIAN_POINT('Ctrl Pts',(-87.6449474109968,31.7027897713855,23.5000065483144));
#4567=CARTESIAN_POINT('Ctrl Pts',(-87.6452847161142,31.7054664867793,23.5000021838886));
#4568=CARTESIAN_POINT('Ctrl Pts',(-87.6456155292932,31.7081446092768,23.5));
#4569=CARTESIAN_POINT('Ctrl Pts',(-87.6459398366257,31.7108240957251,23.5));
#4570=CARTESIAN_POINT('Ctrl Pts',(-89.1350722803096,31.5305893455568,25.));
#4571=CARTESIAN_POINT('Ctrl Pts',(-89.1346387544076,31.5270074753282,25.));
#4572=CARTESIAN_POINT('Ctrl Pts',(-89.1341991449166,31.5234269316672,25.));
#4573=CARTESIAN_POINT('Ctrl Pts',(-89.1337534584217,31.5198477194276,25.));
#4574=CARTESIAN_POINT('Ctrl Pts',(-87.6449474109968,31.7027897713855,23.5000065483144));
#4575=CARTESIAN_POINT('Ctrl Pts',(-87.6452847161142,31.7054664867793,23.5000021838886));
#4576=CARTESIAN_POINT('Ctrl Pts',(-87.6456155292932,31.7081446092768,23.5));
#4577=CARTESIAN_POINT('Ctrl Pts',(-87.6459398366257,31.7108240957251,23.5));
#4578=CARTESIAN_POINT('Ctrl Pts',(-82.8787911795491,31.5468467494346,25.));
#4579=CARTESIAN_POINT('Ctrl Pts',(-82.8792060791215,31.5432627185269,25.));
#4580=CARTESIAN_POINT('Ctrl Pts',(-82.8796270737607,31.5396799409267,25.));
#4581=CARTESIAN_POINT('Ctrl Pts',(-82.8800541573258,31.5360984216505,25.));
#4582=CARTESIAN_POINT('Ctrl Pts',(-83.3754741905053,31.6043444591926,24.5));
#4583=CARTESIAN_POINT('Ctrl Pts',(-83.3758542480706,31.6010614043256,24.5));
#4584=CARTESIAN_POINT('Ctrl Pts',(-83.3762405411101,31.597779617988,24.500000727945));
#4585=CARTESIAN_POINT('Ctrl Pts',(-83.3766330611187,31.594499117973,24.5000021827685));
#4586=CARTESIAN_POINT('Ctrl Pts',(-83.8721572014616,31.6618421689506,24.));
#4587=CARTESIAN_POINT('Ctrl Pts',(-83.8725024170197,31.6588600901244,24.));
#4588=CARTESIAN_POINT('Ctrl Pts',(-83.8728540084596,31.6558792950493,24.00000145589));
#4589=CARTESIAN_POINT('Ctrl Pts',(-83.8732119649116,31.6528998142956,24.000004365537));
#4590=CARTESIAN_POINT('Ctrl Pts',(-84.3688402124179,31.7193398787087,23.5));
#4591=CARTESIAN_POINT('Ctrl Pts',(-84.3691505859688,31.7166587759232,23.5));
#4592=CARTESIAN_POINT('Ctrl Pts',(-84.369467475809,31.7139789721106,23.500002183835));
#4593=CARTESIAN_POINT('Ctrl Pts',(-84.3697908687045,31.7113005106181,23.5000065483054));
#4594=CARTESIAN_POINT('Ctrl Pts',(-82.8800541573258,31.5360984216505,25.));
#4595=CARTESIAN_POINT('Ctrl Pts',(-82.8796270737607,31.5396799409267,25.));
#4596=CARTESIAN_POINT('Ctrl Pts',(-82.8792060791215,31.5432627185269,25.));
#4597=CARTESIAN_POINT('Ctrl Pts',(-82.8787911795491,31.5468467494346,25.));
#4598=CARTESIAN_POINT('Ctrl Pts',(-84.3688402124179,31.7193398787087,23.5));
#4599=CARTESIAN_POINT('Ctrl Pts',(-84.3691505859688,31.7166587759232,23.5));
#4600=CARTESIAN_POINT('Ctrl Pts',(-84.369467475809,31.7139789721106,23.500002183835));
#4601=CARTESIAN_POINT('Ctrl Pts',(-84.3697908687045,31.7113005106181,23.5000065483054));
#4602=CARTESIAN_POINT('Origin',(-85.9578976009583,12.6690819924607,28.5));
#4603=CARTESIAN_POINT('',(-100.,25.6404654626791,25.));
#4604=CARTESIAN_POINT('Origin',(-85.9578976009583,12.6690819924607,25.));
#4605=CARTESIAN_POINT('',(-97.6771261635648,23.4947121823588,27.0000000000002));
#4606=CARTESIAN_POINT('Origin',(-100.,25.6404654626791,28.5));
#4607=CARTESIAN_POINT('',(-97.6771261635648,1.84345180256253,27.0000000000002));
#4608=CARTESIAN_POINT('Origin',(-85.9578976009583,12.6690819924607,27.0000000000002));
#4609=CARTESIAN_POINT('',(-100.,-0.302301477757807,25.));
#4610=CARTESIAN_POINT('Origin',(-100.,-0.302301477757809,28.5));
#4611=CARTESIAN_POINT('',(-88.0499889688656,-6.33251222026153,25.));
#4612=CARTESIAN_POINT('Origin',(-85.9578976009583,12.6690819924607,25.));
#4613=CARTESIAN_POINT('',(-83.9546149533453,-6.34208019059386,25.));
#4614=CARTESIAN_POINT('Ctrl Pts',(-83.9546149533453,-6.34208019059388,25.));
#4615=CARTESIAN_POINT('Ctrl Pts',(-84.2766142738769,-6.06531188429043,25.));
#4616=CARTESIAN_POINT('Ctrl Pts',(-85.0349598751876,-5.64716112637261,25.0821777248121));
#4617=CARTESIAN_POINT('Ctrl Pts',(-86.5420032714432,-5.49272100187672,25.1410749129135));
#4618=CARTESIAN_POINT('Ctrl Pts',(-87.5650554404311,-5.91962112924229,25.));
#4619=CARTESIAN_POINT('Ctrl Pts',(-88.0499889688656,-6.33251222026152,25.));
#4620=CARTESIAN_POINT('Origin',(-85.9578976009583,12.6690819924607,25.));
#4621=CARTESIAN_POINT('Origin',(-86.0078941485735,31.9090823209101,22.0000000000001));
#4622=CARTESIAN_POINT('',(-87.6578941485735,31.9090823209101,22.0000000000001));
#4623=CARTESIAN_POINT('Origin',(-86.0078941485735,31.9090823209101,22.));
#4624=CARTESIAN_POINT('',(-87.6578941485735,31.9090823209101,22.0000000000001));
#4625=CARTESIAN_POINT('Origin',(-86.0078941485736,-8.73091767908963,24.25));
#4626=CARTESIAN_POINT('',(-84.932366951073,-7.47962185178233,23.5000000000001));
#4627=CARTESIAN_POINT('',(-83.9546149533453,-6.34208019059386,25.));
#4628=CARTESIAN_POINT('',(-87.6578941485735,-8.73091767908963,23.5000000000001));
#4629=CARTESIAN_POINT('Origin',(-86.0078941485736,-8.73091767908963,23.5000000000001));
#4630=CARTESIAN_POINT('',(-87.0775628639646,-7.47461005779873,23.5000000000001));
#4631=CARTESIAN_POINT('Origin',(-86.0078941485736,-8.73091767908963,23.5000000000001));
#4632=CARTESIAN_POINT('',(-87.0775628639646,-7.47461005779873,23.5000000000001));
#4633=CARTESIAN_POINT('Origin',(-86.0078941485736,-8.73091767908963,25.));
#4634=CARTESIAN_POINT('Ctrl Pts',(-88.0499889688656,-6.33251222026152,25.));
#4635=CARTESIAN_POINT('Ctrl Pts',(-87.5650554404311,-5.91962112924229,25.));
#4636=CARTESIAN_POINT('Ctrl Pts',(-86.5420032714432,-5.49272100187672,25.1410749129135));
#4637=CARTESIAN_POINT('Ctrl Pts',(-85.0349598751876,-5.64716112637261,25.0821777248121));
#4638=CARTESIAN_POINT('Ctrl Pts',(-84.2766142738769,-6.06531188429043,25.));
#4639=CARTESIAN_POINT('Ctrl Pts',(-83.9546149533453,-6.34208019059388,25.));
#4640=CARTESIAN_POINT('Ctrl Pts',(-87.7258469338986,-6.71321149944059,24.5));
#4641=CARTESIAN_POINT('Ctrl Pts',(-87.3178869814061,-6.36585867683711,24.5));
#4642=CARTESIAN_POINT('Ctrl Pts',(-86.4573882678936,-6.00566647935839,24.5940499419424));
#4643=CARTESIAN_POINT('Ctrl Pts',(-85.1891469011601,-6.13623833666817,24.5547851498748));
#4644=CARTESIAN_POINT('Ctrl Pts',(-84.5514206031938,-6.48842391521094,24.5));
#4645=CARTESIAN_POINT('Ctrl Pts',(-84.2805322859212,-6.72126074432336,24.5));
#4646=CARTESIAN_POINT('Ctrl Pts',(-87.4017048989316,-7.09391077861966,24.0000000000001));
#4647=CARTESIAN_POINT('Ctrl Pts',(-87.0707185223811,-6.81209622443193,24.0000000000001));
#4648=CARTESIAN_POINT('Ctrl Pts',(-86.372773264344,-6.51861195684006,24.0470249709713));
#4649=CARTESIAN_POINT('Ctrl Pts',(-85.3433339271326,-6.62531554696374,24.0273925749375));
#4650=CARTESIAN_POINT('Ctrl Pts',(-84.8262269325107,-6.91153594613145,24.0000000000001));
#4651=CARTESIAN_POINT('Ctrl Pts',(-84.6064496184971,-7.10044129805285,24.0000000000001));
#4652=CARTESIAN_POINT('Ctrl Pts',(-87.0775628639646,-7.47461005779872,23.5000000000001));
#4653=CARTESIAN_POINT('Ctrl Pts',(-86.8235500633561,-7.25833377202675,23.5000000000001));
#4654=CARTESIAN_POINT('Ctrl Pts',(-86.2881582607944,-7.03155743432173,23.5000000000001));
#4655=CARTESIAN_POINT('Ctrl Pts',(-85.4975209531052,-7.11439275725931,23.5000000000001));
#4656=CARTESIAN_POINT('Ctrl Pts',(-85.1010332618277,-7.33464797705196,23.5000000000001));
#4657=CARTESIAN_POINT('Ctrl Pts',(-84.932366951073,-7.47962185178233,23.5000000000001));
#4658=CARTESIAN_POINT('Ctrl Pts',(-87.0775628639646,-7.47461005779872,23.5000000000001));
#4659=CARTESIAN_POINT('Ctrl Pts',(-86.8235500633561,-7.25833377202675,23.5000000000001));
#4660=CARTESIAN_POINT('Ctrl Pts',(-86.2881582607944,-7.03155743432173,23.5000000000001));
#4661=CARTESIAN_POINT('Ctrl Pts',(-85.4975209531052,-7.11439275725931,23.5000000000001));
#4662=CARTESIAN_POINT('Ctrl Pts',(-85.1010332618277,-7.33464797705196,23.5000000000001));
#4663=CARTESIAN_POINT('Ctrl Pts',(-84.932366951073,-7.47962185178233,23.5000000000001));
#4664=CARTESIAN_POINT('Origin',(-86.0078941485736,-8.73091767908963,22.0000000000001));
#4665=CARTESIAN_POINT('',(-87.6578941485735,-8.73091767908963,22.0000000000001));
#4666=CARTESIAN_POINT('Origin',(-86.0078941485736,-8.73091767908963,22.));
#4667=CARTESIAN_POINT('',(-87.6578941485735,-8.73091767908963,22.0000000000001));
#4668=CARTESIAN_POINT('Origin',(86.0078941485736,-8.73091767908963,24.25));
#4669=CARTESIAN_POINT('',(88.0611733438014,-6.34208019059353,25.));
#4670=CARTESIAN_POINT('',(87.0834213460739,-7.47962185178215,23.4999999999999));
#4671=CARTESIAN_POINT('',(88.0611733438014,-6.34208019059353,25.));
#4672=CARTESIAN_POINT('',(84.3578941485736,-8.73091767908963,23.4999999999999));
#4673=CARTESIAN_POINT('Origin',(86.0078941485736,-8.73091767908963,23.4999999999999));
#4674=CARTESIAN_POINT('',(84.9382254331826,-7.47461005779861,23.4999999999999));
#4675=CARTESIAN_POINT('Origin',(86.0078941485736,-8.73091767908963,23.4999999999999));
#4676=CARTESIAN_POINT('',(83.9657993282818,-6.3325122202613,25.));
#4677=CARTESIAN_POINT('',(84.9382254331826,-7.47461005779861,23.4999999999999));
#4678=CARTESIAN_POINT('Origin',(86.0078941485736,-8.73091767908963,25.));
#4679=CARTESIAN_POINT('Ctrl Pts',(83.9657993282818,-6.33251222026132,25.));
#4680=CARTESIAN_POINT('Ctrl Pts',(84.4507328567162,-5.91962112924222,25.));
#4681=CARTESIAN_POINT('Ctrl Pts',(85.47378503043,-5.4927210595076,25.1410748793452));
#4682=CARTESIAN_POINT('Ctrl Pts',(86.9808284199742,-5.64716115922236,25.0821777123548));
#4683=CARTESIAN_POINT('Ctrl Pts',(87.7391740232699,-6.06531188429019,25.));
#4684=CARTESIAN_POINT('Ctrl Pts',(88.0611733438014,-6.34208019059353,25.));
#4685=CARTESIAN_POINT('Ctrl Pts',(84.2899413632487,-6.71321149944042,24.5));
#4686=CARTESIAN_POINT('Ctrl Pts',(84.6979013157412,-6.36585867683705,24.5));
#4687=CARTESIAN_POINT('Ctrl Pts',(85.5584000341992,-6.00566652279145,24.5940499195635));
#4688=CARTESIAN_POINT('Ctrl Pts',(86.826641395207,-6.1362383613289,24.5547851415698));
#4689=CARTESIAN_POINT('Ctrl Pts',(87.464367693953,-6.48842391521074,24.5));
#4690=CARTESIAN_POINT('Ctrl Pts',(87.7352560112256,-6.72126074432307,24.5));
#4691=CARTESIAN_POINT('Ctrl Pts',(84.6140833982157,-7.09391077861952,23.9999999999999));
#4692=CARTESIAN_POINT('Ctrl Pts',(84.9450697747662,-6.81209622443188,23.9999999999999));
#4693=CARTESIAN_POINT('Ctrl Pts',(85.6430150379684,-6.5186119860753,24.0470249597817));
#4694=CARTESIAN_POINT('Ctrl Pts',(86.6724543704398,-6.62531556343544,24.0273925707849));
#4695=CARTESIAN_POINT('Ctrl Pts',(87.1895613646361,-6.91153594613129,23.9999999999999));
#4696=CARTESIAN_POINT('Ctrl Pts',(87.4093386786497,-7.10044129805261,23.9999999999999));
#4697=CARTESIAN_POINT('Ctrl Pts',(84.9382254331826,-7.47461005779862,23.4999999999999));
#4698=CARTESIAN_POINT('Ctrl Pts',(85.1922382337911,-7.25833377202671,23.4999999999999));
#4699=CARTESIAN_POINT('Ctrl Pts',(85.7276300417377,-7.03155744935914,23.4999999999999));
#4700=CARTESIAN_POINT('Ctrl Pts',(86.5182673456727,-7.11439276554198,23.4999999999999));
#4701=CARTESIAN_POINT('Ctrl Pts',(86.9147550353192,-7.33464797705183,23.4999999999999));
#4702=CARTESIAN_POINT('Ctrl Pts',(87.0834213460739,-7.47962185178215,23.4999999999999));
#4703=CARTESIAN_POINT('Ctrl Pts',(88.0611733438014,-6.34208019059353,25.));
#4704=CARTESIAN_POINT('Ctrl Pts',(87.7391740232699,-6.06531188429019,25.));
#4705=CARTESIAN_POINT('Ctrl Pts',(86.9808284199742,-5.64716115922236,25.0821777123548));
#4706=CARTESIAN_POINT('Ctrl Pts',(85.47378503043,-5.4927210595076,25.1410748793452));
#4707=CARTESIAN_POINT('Ctrl Pts',(84.4507328567162,-5.91962112924222,25.));
#4708=CARTESIAN_POINT('Ctrl Pts',(83.9657993282818,-6.33251222026132,25.));
#4709=CARTESIAN_POINT('Ctrl Pts',(84.9382254331826,-7.47461005779862,23.4999999999999));
#4710=CARTESIAN_POINT('Ctrl Pts',(85.1922382337911,-7.25833377202671,23.4999999999999));
#4711=CARTESIAN_POINT('Ctrl Pts',(85.7276300417377,-7.03155744935914,23.4999999999999));
#4712=CARTESIAN_POINT('Ctrl Pts',(86.5182673456727,-7.11439276554198,23.4999999999999));
#4713=CARTESIAN_POINT('Ctrl Pts',(86.9147550353192,-7.33464797705183,23.4999999999999));
#4714=CARTESIAN_POINT('Ctrl Pts',(87.0834213460739,-7.47962185178215,23.4999999999999));
#4715=CARTESIAN_POINT('Origin',(86.0578906961883,12.6690819924608,28.5));
#4716=CARTESIAN_POINT('',(100.,-0.4097182995075,25.));
#4717=CARTESIAN_POINT('Origin',(86.0578906961883,12.6690819924608,25.));
#4718=CARTESIAN_POINT('',(97.6936672297196,1.7538040952762,26.9999999999998));
#4719=CARTESIAN_POINT('Origin',(100.,-0.409718299507491,28.5));
#4720=CARTESIAN_POINT('',(97.6936672297196,23.5843598896454,26.9999999999998));
#4721=CARTESIAN_POINT('Origin',(86.0578906961883,12.6690819924608,26.9999999999999));
#4722=CARTESIAN_POINT('',(100.,25.7478822844291,25.));
#4723=CARTESIAN_POINT('Origin',(100.,25.7478822844291,28.5));
#4724=CARTESIAN_POINT('',(89.1357341395022,31.5360984216884,25.));
#4725=CARTESIAN_POINT('Origin',(86.0578906961883,12.6690819924608,25.));
#4726=CARTESIAN_POINT('',(82.8820348387295,31.5198477194282,25.));
#4727=CARTESIAN_POINT('Ctrl Pts',(82.8820348387253,31.5198477194277,25.));
#4728=CARTESIAN_POINT('Ctrl Pts',(82.9295847865631,31.1379843305475,24.9999999999892));
#4729=CARTESIAN_POINT('Ctrl Pts',(83.1653280244196,30.4040325325044,25.1343799265096));
#4730=CARTESIAN_POINT('Ctrl Pts',(83.6197713236427,29.8752042867094,25.4499786036202));
#4731=CARTESIAN_POINT('Ctrl Pts',(84.1876060682536,29.4453641206592,25.7906861972004));
#4732=CARTESIAN_POINT('Ctrl Pts',(84.541133080689,29.2895951362453,25.9758934781207));
#4733=CARTESIAN_POINT('Ctrl Pts',(85.3062674383992,29.1099766136352,26.222703394471));
#4734=CARTESIAN_POINT('Ctrl Pts',(85.7008162521115,29.0737525266829,26.2887221735927));
#4735=CARTESIAN_POINT('Ctrl Pts',(86.492384458536,29.0887241882505,26.2677927208245));
#4736=CARTESIAN_POINT('Ctrl Pts',(86.8692356693357,29.1376652411551,26.1862456297784));
#4737=CARTESIAN_POINT('Ctrl Pts',(87.5965673922934,29.340936591129,25.9244593470699));
#4738=CARTESIAN_POINT('Ctrl Pts',(87.932052971523,29.5081016961571,25.7396446472033));
#4739=CARTESIAN_POINT('Ctrl Pts',(88.4797571038711,29.9639618654457,25.4010381436706));
#4740=CARTESIAN_POINT('Ctrl Pts',(88.6987055675813,30.2458017274432,25.2465718377876));
#4741=CARTESIAN_POINT('Ctrl Pts',(89.0012816392365,30.8729603385309,25.0509015668141));
#4742=CARTESIAN_POINT('Ctrl Pts',(89.0954782011208,31.1985124496326,24.9999999992735));
#4743=CARTESIAN_POINT('Ctrl Pts',(89.1357341398213,31.5360984216506,25.));
#4744=CARTESIAN_POINT('Origin',(86.0578906961883,12.6690819924608,25.));
#4745=CARTESIAN_POINT('Origin',(86.0078941485736,-8.73091767908963,21.9999999999999));
#4746=CARTESIAN_POINT('',(84.3578941485736,-8.73091767908963,21.9999999999999));
#4747=CARTESIAN_POINT('Origin',(86.0078941485736,-8.73091767908963,22.));
#4748=CARTESIAN_POINT('',(84.3578941485736,-8.73091767908963,21.9999999999999));
#4749=CARTESIAN_POINT('Ctrl Pts',(89.1357341398213,31.5360984216506,25.));
#4750=CARTESIAN_POINT('Ctrl Pts',(89.0954782011208,31.1985124496326,24.9999999992735));
#4751=CARTESIAN_POINT('Ctrl Pts',(89.0012816392365,30.8729603385309,25.0509015668141));
#4752=CARTESIAN_POINT('Ctrl Pts',(88.6987055675813,30.2458017274432,25.2465718377876));
#4753=CARTESIAN_POINT('Ctrl Pts',(88.4797571038711,29.9639618654457,25.4010381436706));
#4754=CARTESIAN_POINT('Ctrl Pts',(87.932052971523,29.5081016961571,25.7396446472033));
#4755=CARTESIAN_POINT('Ctrl Pts',(87.5965673922934,29.340936591129,25.9244593470699));
#4756=CARTESIAN_POINT('Ctrl Pts',(86.8692356693357,29.1376652411551,26.1862456297784));
#4757=CARTESIAN_POINT('Ctrl Pts',(86.492384458536,29.0887241882505,26.2677927208245));
#4758=CARTESIAN_POINT('Ctrl Pts',(85.7008162521115,29.0737525266829,26.2887221735927));
#4759=CARTESIAN_POINT('Ctrl Pts',(85.3062674383992,29.1099766136352,26.222703394471));
#4760=CARTESIAN_POINT('Ctrl Pts',(84.541133080689,29.2895951362453,25.9758934781207));
#4761=CARTESIAN_POINT('Ctrl Pts',(84.1876060682536,29.4453641206592,25.7906861972004));
#4762=CARTESIAN_POINT('Ctrl Pts',(83.6197713236427,29.8752042867094,25.4499786036202));
#4763=CARTESIAN_POINT('Ctrl Pts',(83.1653280244196,30.4040325325044,25.1343799265096));
#4764=CARTESIAN_POINT('Ctrl Pts',(82.9295847865631,31.1379843305475,24.9999999999892));
#4765=CARTESIAN_POINT('Ctrl Pts',(82.8820348387253,31.5198477194277,25.));
#4766=CARTESIAN_POINT('Ctrl Pts',(88.6391552360284,31.5944991179732,24.5000021827685));
#4767=CARTESIAN_POINT('Ctrl Pts',(88.6022959621074,31.2851709085131,24.5002341135079));
#4768=CARTESIAN_POINT('Ctrl Pts',(88.5094605955768,30.9886240790297,24.5409059545146));
#4769=CARTESIAN_POINT('Ctrl Pts',(88.2168364539217,30.428264150856,24.6953249099191));
#4770=CARTESIAN_POINT('Ctrl Pts',(88.0088294427552,30.1843671699431,24.8159873085236));
#4771=CARTESIAN_POINT('Ctrl Pts',(87.5198802938007,29.8029582590374,25.07498479155));
#4772=CARTESIAN_POINT('Ctrl Pts',(87.2364343531903,29.6711924683208,25.2129952653751));
#4773=CARTESIAN_POINT('Ctrl Pts',(86.659221479417,29.5150373302748,25.4036224083438));
#4774=CARTESIAN_POINT('Ctrl Pts',(86.372985719881,29.4793463840055,25.4616575232292));
#4775=CARTESIAN_POINT('Ctrl Pts',(85.7781347006027,29.4682744006708,25.4764857333528));
#4776=CARTESIAN_POINT('Ctrl Pts',(85.4809544424803,29.4943684676054,25.429772045187));
#4777=CARTESIAN_POINT('Ctrl Pts',(84.8802788823405,29.6311687744358,25.2510065103147));
#4778=CARTESIAN_POINT('Ctrl Pts',(84.5854182299172,29.7524372260334,25.1135410661987));
#4779=CARTESIAN_POINT('Ctrl Pts',(84.0838307398328,30.1092917399473,24.8539607760879));
#4780=CARTESIAN_POINT('Ctrl Pts',(83.6560996191954,30.5635002789152,24.6080125857523));
#4781=CARTESIAN_POINT('Ctrl Pts',(83.4213124782893,31.2306092548012,24.5004255298971));
#4782=CARTESIAN_POINT('Ctrl Pts',(83.3783035212003,31.5808284034136,24.5000021827715));
#4783=CARTESIAN_POINT('Ctrl Pts',(88.1425763322355,31.6528998142957,24.0000043655369));
#4784=CARTESIAN_POINT('Ctrl Pts',(88.1086973786435,31.3721762804522,24.0001838192635));
#4785=CARTESIAN_POINT('Ctrl Pts',(88.0174386876641,31.104283487332,24.0309550242765));
#4786=CARTESIAN_POINT('Ctrl Pts',(87.7352790494206,30.6109465546635,24.1438655843041));
#4787=CARTESIAN_POINT('Ctrl Pts',(87.537679143879,30.4050345981492,24.2308715995569));
#4788=CARTESIAN_POINT('Ctrl Pts',(87.1083656965564,30.0978889317421,24.410165001934));
#4789=CARTESIAN_POINT('Ctrl Pts',(86.8769157187908,30.0017574865608,24.500930358024));
#4790=CARTESIAN_POINT('Ctrl Pts',(86.4493488676668,29.8925824244169,24.6212872941883));
#4791=CARTESIAN_POINT('Ctrl Pts',(86.2549688784823,29.8702634680538,24.6552694898049));
#4792=CARTESIAN_POINT('Ctrl Pts',(85.8549855158306,29.8630849899765,24.6641811151566));
#4793=CARTESIAN_POINT('Ctrl Pts',(85.6566113187132,29.8790762411966,24.6371136714382));
#4794=CARTESIAN_POINT('Ctrl Pts',(85.2195897131939,29.9731594154355,24.525402593759));
#4795=CARTESIAN_POINT('Ctrl Pts',(84.9836833289941,30.0598396527445,24.4361245408161));
#4796=CARTESIAN_POINT('Ctrl Pts',(84.5489845409501,30.3440227660479,24.257647311265));
#4797=CARTESIAN_POINT('Ctrl Pts',(84.1463989866388,30.7229973852027,24.0814032008966));
#4798=CARTESIAN_POINT('Ctrl Pts',(83.9151000168345,31.3245881495397,24.0000466556223));
#4799=CARTESIAN_POINT('Ctrl Pts',(83.8745722036753,31.6418090873996,24.0000043655429));
#4800=CARTESIAN_POINT('Ctrl Pts',(87.6459974284425,31.7113005106182,23.5000065483054));
#4801=CARTESIAN_POINT('Ctrl Pts',(87.6155151396301,31.4588347393326,23.5004179334979));
#4802=CARTESIAN_POINT('Ctrl Pts',(87.5256176440044,31.2199472278308,23.520959411977));
#4803=CARTESIAN_POINT('Ctrl Pts',(87.253409935761,30.7934089780763,23.5926186564356));
#4804=CARTESIAN_POINT('Ctrl Pts',(87.0667514827631,30.6254399026466,23.6458207644098));
#4805=CARTESIAN_POINT('Ctrl Pts',(86.6961930188341,30.3927454946225,23.7455051462806));
#4806=CARTESIAN_POINT('Ctrl Pts',(86.5167826796877,30.3320133637525,23.7894662763291));
#4807=CARTESIAN_POINT('Ctrl Pts',(86.2393346777481,30.2699545135365,23.8386640727537));
#4808=CARTESIAN_POINT('Ctrl Pts',(86.1355701398274,30.2608856638088,23.8491342922096));
#4809=CARTESIAN_POINT('Ctrl Pts',(85.9323039643217,30.2576068639644,23.8519446749166));
#4810=CARTESIAN_POINT('Ctrl Pts',(85.8312983227944,30.2634680951668,23.8441823221541));
#4811=CARTESIAN_POINT('Ctrl Pts',(85.5587355148455,30.314733053626,23.800515625953));
#4812=CARTESIAN_POINT('Ctrl Pts',(85.3814954906576,30.3669127581187,23.7589794098144));
#4813=CARTESIAN_POINT('Ctrl Pts',(85.0130439571402,30.5781102192858,23.6616294837328));
#4814=CARTESIAN_POINT('Ctrl Pts',(84.6371705814146,30.8824651316135,23.5550358601393));
#4815=CARTESIAN_POINT('Ctrl Pts',(84.4068277085606,31.4172130737934,23.5004721855301));
#4816=CARTESIAN_POINT('Ctrl Pts',(84.3708408861503,31.7027897713855,23.5000065483144));
#4817=CARTESIAN_POINT('',(87.6459974284425,31.711300510618,23.5000065483054));
#4818=CARTESIAN_POINT('',(89.1357341395022,31.5360984216884,25.));
#4819=CARTESIAN_POINT('',(84.3708408861503,31.7027897713855,23.5000065483144));
#4820=CARTESIAN_POINT('Ctrl Pts',(87.6459974284425,31.7113005106182,23.5000065483054));
#4821=CARTESIAN_POINT('Ctrl Pts',(87.6155151396301,31.4588347393326,23.5004179334979));
#4822=CARTESIAN_POINT('Ctrl Pts',(87.5256176440044,31.2199472278308,23.520959411977));
#4823=CARTESIAN_POINT('Ctrl Pts',(87.253409935761,30.7934089780763,23.5926186564356));
#4824=CARTESIAN_POINT('Ctrl Pts',(87.0667514827631,30.6254399026466,23.6458207644098));
#4825=CARTESIAN_POINT('Ctrl Pts',(86.6961930188341,30.3927454946225,23.7455051462806));
#4826=CARTESIAN_POINT('Ctrl Pts',(86.5167826796877,30.3320133637525,23.7894662763291));
#4827=CARTESIAN_POINT('Ctrl Pts',(86.2393346777481,30.2699545135365,23.8386640727537));
#4828=CARTESIAN_POINT('Ctrl Pts',(86.1355701398274,30.2608856638088,23.8491342922096));
#4829=CARTESIAN_POINT('Ctrl Pts',(85.9323039643217,30.2576068639644,23.8519446749166));
#4830=CARTESIAN_POINT('Ctrl Pts',(85.8312983227944,30.2634680951668,23.8441823221541));
#4831=CARTESIAN_POINT('Ctrl Pts',(85.5587355148455,30.314733053626,23.800515625953));
#4832=CARTESIAN_POINT('Ctrl Pts',(85.3814954906576,30.3669127581187,23.7589794098144));
#4833=CARTESIAN_POINT('Ctrl Pts',(85.0130439571402,30.5781102192858,23.6616294837328));
#4834=CARTESIAN_POINT('Ctrl Pts',(84.6371705814146,30.8824651316135,23.5550358601393));
#4835=CARTESIAN_POINT('Ctrl Pts',(84.4068277085606,31.4172130737934,23.5004721855301));
#4836=CARTESIAN_POINT('Ctrl Pts',(84.3708408861503,31.7027897713855,23.5000065483144));
#4837=CARTESIAN_POINT('',(84.3708408861503,31.7027897713855,23.5000065483144));
#4838=CARTESIAN_POINT('Origin',(86.0078941485735,31.9090823209101,24.2499999999999));
#4839=CARTESIAN_POINT('',(87.6469480847292,31.7193398787086,23.4999999999999));
#4840=CARTESIAN_POINT('',(89.136997117598,31.5468467494345,25.));
#4841=CARTESIAN_POINT('',(87.6469480847292,31.7193398787086,23.4999999999999));
#4842=CARTESIAN_POINT('',(82.8807160168375,31.5305893455568,25.));
#4843=CARTESIAN_POINT('Origin',(86.0078941485735,31.9090823209101,25.));
#4844=CARTESIAN_POINT('',(84.3698484605213,31.7108240957251,23.4999999999999));
#4845=CARTESIAN_POINT('',(82.8807160168375,31.5305893455568,25.));
#4846=CARTESIAN_POINT('',(84.3578941485735,31.9090823209101,23.4999999999999));
#4847=CARTESIAN_POINT('Origin',(86.0078941485735,31.9090823209101,23.4999999999999));
#4848=CARTESIAN_POINT('Origin',(86.0078941485735,31.9090823209101,23.4999999999999));
#4849=CARTESIAN_POINT('Ctrl Pts',(82.8820348387253,31.5198477194277,25.));
#4850=CARTESIAN_POINT('Ctrl Pts',(82.8815891522305,31.5234269316673,25.));
#4851=CARTESIAN_POINT('Ctrl Pts',(82.8811495427394,31.5270074753282,25.));
#4852=CARTESIAN_POINT('Ctrl Pts',(82.8807160168375,31.5305893455568,25.));
#4853=CARTESIAN_POINT('Ctrl Pts',(83.3783035212003,31.5808284034136,24.5000021827715));
#4854=CARTESIAN_POINT('Ctrl Pts',(83.3778939618313,31.5841067833713,24.5000007279629));
#4855=CARTESIAN_POINT('Ctrl Pts',(83.3774906177776,31.5873865199778,24.5));
#4856=CARTESIAN_POINT('Ctrl Pts',(83.3770934980654,31.5906675956129,24.5));
#4857=CARTESIAN_POINT('Ctrl Pts',(83.8745722036753,31.6418090873996,24.0000043655429));
#4858=CARTESIAN_POINT('Ctrl Pts',(83.874198771432,31.6447866350753,24.0000014559257));
#4859=CARTESIAN_POINT('Ctrl Pts',(83.8738316928157,31.6477655646273,24.));
#4860=CARTESIAN_POINT('Ctrl Pts',(83.8734709792934,31.650745845669,24.));
#4861=CARTESIAN_POINT('Ctrl Pts',(84.3708408861503,31.7027897713855,23.5000065483144));
#4862=CARTESIAN_POINT('Ctrl Pts',(84.3705035810328,31.7054664867794,23.5000021838886));
#4863=CARTESIAN_POINT('Ctrl Pts',(84.3701727678538,31.7081446092769,23.5));
#4864=CARTESIAN_POINT('Ctrl Pts',(84.3698484605213,31.7108240957251,23.5));
#4865=CARTESIAN_POINT('Ctrl Pts',(82.8807160168375,31.5305893455568,25.));
#4866=CARTESIAN_POINT('Ctrl Pts',(82.8811495427394,31.5270074753282,25.));
#4867=CARTESIAN_POINT('Ctrl Pts',(82.8815891522305,31.5234269316673,25.));
#4868=CARTESIAN_POINT('Ctrl Pts',(82.8820348387253,31.5198477194277,25.));
#4869=CARTESIAN_POINT('Ctrl Pts',(84.3708408861503,31.7027897713855,23.5000065483144));
#4870=CARTESIAN_POINT('Ctrl Pts',(84.3705035810328,31.7054664867794,23.5000021838886));
#4871=CARTESIAN_POINT('Ctrl Pts',(84.3701727678538,31.7081446092769,23.5));
#4872=CARTESIAN_POINT('Ctrl Pts',(84.3698484605213,31.7108240957251,23.5));
#4873=CARTESIAN_POINT('Ctrl Pts',(89.136997117598,31.5468467494345,25.));
#4874=CARTESIAN_POINT('Ctrl Pts',(89.1365822180255,31.5432627185268,25.));
#4875=CARTESIAN_POINT('Ctrl Pts',(89.1361612233864,31.5396799409266,25.));
#4876=CARTESIAN_POINT('Ctrl Pts',(89.1357341398213,31.5360984216504,25.));
#4877=CARTESIAN_POINT('Ctrl Pts',(88.6403141066417,31.6043444591925,24.5));
#4878=CARTESIAN_POINT('Ctrl Pts',(88.6399340490764,31.6010614043256,24.5));
#4879=CARTESIAN_POINT('Ctrl Pts',(88.6395477560369,31.5977796179879,24.500000727945));
#4880=CARTESIAN_POINT('Ctrl Pts',(88.6391552360284,31.5944991179729,24.5000021827685));
#4881=CARTESIAN_POINT('Ctrl Pts',(88.1436310956855,31.6618421689506,24.));
#4882=CARTESIAN_POINT('Ctrl Pts',(88.1432858801274,31.6588600901243,24.));
#4883=CARTESIAN_POINT('Ctrl Pts',(88.1429342886874,31.6558792950492,24.00000145589));
#4884=CARTESIAN_POINT('Ctrl Pts',(88.1425763322354,31.6528998142955,24.0000043655369));
#4885=CARTESIAN_POINT('Ctrl Pts',(87.6469480847292,31.7193398787086,23.5));
#4886=CARTESIAN_POINT('Ctrl Pts',(87.6466377111783,31.7166587759231,23.5));
#4887=CARTESIAN_POINT('Ctrl Pts',(87.646320821338,31.7139789721105,23.500002183835));
#4888=CARTESIAN_POINT('Ctrl Pts',(87.6459974284425,31.711300510618,23.5000065483054));
#4889=CARTESIAN_POINT('Ctrl Pts',(89.1357341398213,31.5360984216504,25.));
#4890=CARTESIAN_POINT('Ctrl Pts',(89.1361612233864,31.5396799409266,25.));
#4891=CARTESIAN_POINT('Ctrl Pts',(89.1365822180255,31.5432627185268,25.));
#4892=CARTESIAN_POINT('Ctrl Pts',(89.136997117598,31.5468467494345,25.));
#4893=CARTESIAN_POINT('Ctrl Pts',(87.6469480847292,31.7193398787086,23.5));
#4894=CARTESIAN_POINT('Ctrl Pts',(87.6466377111783,31.7166587759231,23.5));
#4895=CARTESIAN_POINT('Ctrl Pts',(87.646320821338,31.7139789721105,23.500002183835));
#4896=CARTESIAN_POINT('Ctrl Pts',(87.6459974284425,31.711300510618,23.5000065483054));
#4897=CARTESIAN_POINT('Origin',(86.0078941485735,31.9090823209101,21.9999999999999));
#4898=CARTESIAN_POINT('',(84.3578941485735,31.9090823209101,21.9999999999999));
#4899=CARTESIAN_POINT('Origin',(86.0078941485735,31.9090823209101,22.));
#4900=CARTESIAN_POINT('',(84.3578941485735,31.9090823209101,21.9999999999999));
#4901=CARTESIAN_POINT('Origin',(0.,-8.88178419700125E-15,25.));
#4902=CARTESIAN_POINT('',(-100.,-45.,25.));
#4903=CARTESIAN_POINT('',(-100.,14.81721686916,25.));
#4904=CARTESIAN_POINT('',(-90.,-55.,25.));
#4905=CARTESIAN_POINT('Origin',(-90.,-45.,25.));
#4906=CARTESIAN_POINT('',(-69.9907367237777,-55.,25.));
#4907=CARTESIAN_POINT('',(-45.,-55.,25.));
#4908=CARTESIAN_POINT('',(-51.0538825924536,-54.0555126381245,25.));
#4909=CARTESIAN_POINT('Origin',(-69.9907367237777,135.313028675113,25.));
#4910=CARTESIAN_POINT('',(-45.3342540243944,-53.4835497813186,25.));
#4911=CARTESIAN_POINT('',(-23.1036678121238,-51.2604911600915,25.));
#4912=CARTESIAN_POINT('',(45.3342540243954,-53.4835497813186,25.));
#4913=CARTESIAN_POINT('Origin',(0.,-506.826090025248,25.));
#4914=CARTESIAN_POINT('',(51.0538825924539,-54.0555126381245,25.));
#4915=CARTESIAN_POINT('',(20.2438535280947,-50.9745097316885,25.));
#4916=CARTESIAN_POINT('',(69.990736723778,-55.0000000000001,25.));
#4917=CARTESIAN_POINT('Origin',(69.9907367237777,135.313028675113,25.));
#4918=CARTESIAN_POINT('',(90.,-55.,25.));
#4919=CARTESIAN_POINT('',(34.995368361889,-55.,25.));
#4920=CARTESIAN_POINT('',(100.,-45.,25.));
#4921=CARTESIAN_POINT('Origin',(90.,-45.,25.));
#4922=CARTESIAN_POINT('',(100.,-22.5,25.));
#4923=CARTESIAN_POINT('',(100.,29.6344337383199,25.));
#4924=CARTESIAN_POINT('',(100.,-22.5,25.));
#4925=CARTESIAN_POINT('',(92.5766265056033,39.2967831343324,25.));
#4926=CARTESIAN_POINT('Origin',(89.9999999999999,29.6344337383199,25.));
#4927=CARTESIAN_POINT('',(60.4292249058474,47.869423560934,25.));
#4928=CARTESIAN_POINT('',(54.253112033195,49.5163869936413,25.));
#4929=CARTESIAN_POINT('',(55.9306181542647,27.9088638398981,25.));
#4930=CARTESIAN_POINT('Ctrl Pts',(55.9306181542648,27.9088638398981,25.));
#4931=CARTESIAN_POINT('Ctrl Pts',(57.39665769025,32.0744091429874,25.));
#4932=CARTESIAN_POINT('Ctrl Pts',(58.9709729502365,38.7383086555422,25.));
#4933=CARTESIAN_POINT('Ctrl Pts',(60.0857071962492,45.4865385975936,25.));
#4934=CARTESIAN_POINT('Ctrl Pts',(60.4285418177366,47.8695218347907,25.));
#4935=CARTESIAN_POINT('',(44.1683191089831,19.084063339022,25.));
#4936=CARTESIAN_POINT('Ctrl Pts',(44.1683191089831,19.084063339022,25.));
#4937=CARTESIAN_POINT('Ctrl Pts',(44.9009225568322,19.152708301124,25.));
#4938=CARTESIAN_POINT('Ctrl Pts',(47.1083175319967,19.5138649256021,25.));
#4939=CARTESIAN_POINT('Ctrl Pts',(50.5741534718179,20.9199998039584,25.));
#4940=CARTESIAN_POINT('Ctrl Pts',(53.9748489888651,23.8846599716135,25.));
#4941=CARTESIAN_POINT('Ctrl Pts',(55.4408064648234,26.5171327628919,25.));
#4942=CARTESIAN_POINT('Ctrl Pts',(55.9306181542647,27.9088638398981,25.));
#4943=CARTESIAN_POINT('',(14.1275271837026,17.222545103661,25.));
#4944=CARTESIAN_POINT('Ctrl Pts',(14.1275271837026,17.222545103661,25.));
#4945=CARTESIAN_POINT('Ctrl Pts',(18.4275344740364,17.222545103661,25.));
#4946=CARTESIAN_POINT('Ctrl Pts',(28.4516379789937,17.7125828873132,25.));
#4947=CARTESIAN_POINT('Ctrl Pts',(38.4600619572856,18.5491994955646,25.));
#4948=CARTESIAN_POINT('Ctrl Pts',(44.1683191089831,19.084063339022,25.));
#4949=CARTESIAN_POINT('',(5.65353268728534,17.222545103661,25.));
#4950=CARTESIAN_POINT('',(0.,17.222545103661,25.));
#4951=CARTESIAN_POINT('',(-14.1275271837025,17.222545103661,25.));
#4952=CARTESIAN_POINT('Ctrl Pts',(-14.1275271837025,17.222545103661,25.));
#4953=CARTESIAN_POINT('Ctrl Pts',(-7.56688823351599,17.222545103661,25.));
#4954=CARTESIAN_POINT('Ctrl Pts',(-1.00624928326303,17.2225451045807,25.0000000000018));
#4955=CARTESIAN_POINT('Ctrl Pts',(5.58743734027287,17.22254510353,24.9999999999999));
#4956=CARTESIAN_POINT('Ctrl Pts',(5.62048501376891,17.2225451034295,25.));
#4957=CARTESIAN_POINT('Ctrl Pts',(5.65353268728534,17.222545103661,25.));
#4958=CARTESIAN_POINT('',(-44.168319108983,19.0840633390221,25.));
#4959=CARTESIAN_POINT('Ctrl Pts',(-44.168319108983,19.0840633390221,25.));
#4960=CARTESIAN_POINT('Ctrl Pts',(-38.4719508096363,18.5503134813389,25.));
#4961=CARTESIAN_POINT('Ctrl Pts',(-28.3687396513262,17.7058940369413,25.));
#4962=CARTESIAN_POINT('Ctrl Pts',(-18.3972662343715,17.222545103661,25.));
#4963=CARTESIAN_POINT('Ctrl Pts',(-14.1275271837025,17.222545103661,25.));
#4964=CARTESIAN_POINT('',(-55.9306181542647,27.9088638398982,25.));
#4965=CARTESIAN_POINT('Ctrl Pts',(-55.9306181542647,27.9088638398982,25.));
#4966=CARTESIAN_POINT('Ctrl Pts',(-55.5636349000144,26.866132499077,25.));
#4967=CARTESIAN_POINT('Ctrl Pts',(-54.5516511896805,24.8541049888657,25.));
#4968=CARTESIAN_POINT('Ctrl Pts',(-52.0800222058589,22.0601559897582,25.));
#4969=CARTESIAN_POINT('Ctrl Pts',(-48.5564232208365,19.9051184159431,25.));
#4970=CARTESIAN_POINT('Ctrl Pts',(-45.6384871670771,19.2218181242715,25.));
#4971=CARTESIAN_POINT('Ctrl Pts',(-44.168319108983,19.0840633390221,25.));
#4972=CARTESIAN_POINT('',(-60.4292249058473,47.8694235609314,25.));
#4973=CARTESIAN_POINT('Ctrl Pts',(-60.4298783751554,47.8693298640961,25.));
#4974=CARTESIAN_POINT('Ctrl Pts',(-59.93340032561,44.3981160999689,25.));
#4975=CARTESIAN_POINT('Ctrl Pts',(-58.7681421339196,37.6832562535459,25.));
#4976=CARTESIAN_POINT('Ctrl Pts',(-57.0299628612441,31.0324973219627,25.));
#4977=CARTESIAN_POINT('Ctrl Pts',(-55.9306181542647,27.9088638398982,25.));
#4978=CARTESIAN_POINT('',(-92.5766265056033,39.2967831343324,25.));
#4979=CARTESIAN_POINT('',(-30.5074343523581,55.8485677085312,25.));
#4980=CARTESIAN_POINT('',(-100.,29.6344337383199,25.));
#4981=CARTESIAN_POINT('Origin',(-89.9999999999999,29.6344337383199,25.));
#4982=CARTESIAN_POINT('',(-100.,14.81721686916,25.));
#4983=CARTESIAN_POINT('',(37.2000000000006,-36.8874757037995,25.));
#4984=CARTESIAN_POINT('',(37.2000000000006,-41.0874757037995,25.));
#4985=CARTESIAN_POINT('',(37.2000000000005,-18.4437378518997,25.));
#4986=CARTESIAN_POINT('',(-35.7999999999997,-41.0874757037995,25.));
#4987=CARTESIAN_POINT('',(18.6000000000003,-41.0874757037995,25.));
#4988=CARTESIAN_POINT('',(-35.7999999999997,-36.8874757037995,25.));
#4989=CARTESIAN_POINT('',(-35.7999999999997,-20.5437378518998,25.));
#4990=CARTESIAN_POINT('',(-17.8999999999998,-36.8874757037995,25.));
#4991=CARTESIAN_POINT('',(9.37999999999988,-19.4152882195335,25.));
#4992=CARTESIAN_POINT('',(-9.38000000000014,-19.4152882195336,25.));
#4993=CARTESIAN_POINT('',(-4.69000000000006,-19.4152882195336,25.));
#4994=CARTESIAN_POINT('',(-9.38000000000015,-7.71528821953355,25.));
#4995=CARTESIAN_POINT('',(-9.38000000000016,-3.85764410976678,25.));
#4996=CARTESIAN_POINT('',(9.37999999999987,-7.71528821953352,25.));
#4997=CARTESIAN_POINT('',(4.68999999999994,-7.71528821953354,25.));
#4998=CARTESIAN_POINT('',(9.37999999999987,-9.70764410976676,25.));
#4999=CARTESIAN_POINT('',(-15.1784673127147,8.94369491006109,25.));
#5000=CARTESIAN_POINT('Origin',(-15.1784673127147,7.49369491006109,25.));
#5001=CARTESIAN_POINT('',(-5.01846731271465,8.94369491006091,25.));
#5002=CARTESIAN_POINT('Origin',(-5.01846731271465,7.49369491006091,25.));
#5003=CARTESIAN_POINT('',(5.14153268728526,8.94369491006095,25.));
#5004=CARTESIAN_POINT('Origin',(5.14153268728526,7.49369491006095,25.));
#5005=CARTESIAN_POINT('',(15.3015326872849,6.04369491006042,25.));
#5006=CARTESIAN_POINT('Origin',(15.3015326872849,7.49369491006043,25.));
#5007=CARTESIAN_POINT('Origin',(-98.1235829550542,-8.73091767908995,15.5000000000003));
#5008=CARTESIAN_POINT('',(-100.,-10.382904081406,22.0000000000003));
#5009=CARTESIAN_POINT('',(-100.,-7.07893127677393,22.0000000000003));
#5010=CARTESIAN_POINT('Ctrl Pts',(-100.,-10.382904081406,22.));
#5011=CARTESIAN_POINT('Ctrl Pts',(-100.175789138169,-10.1832331066844,22.));
#5012=CARTESIAN_POINT('Ctrl Pts',(-100.32596038007,-9.94584514990987,21.99321554594));
#5013=CARTESIAN_POINT('Ctrl Pts',(-100.560416239476,-9.38174689915317,21.9787144579055));
#5014=CARTESIAN_POINT('Ctrl Pts',(-100.623582955054,-9.04594896854512,21.9721692677506));
#5015=CARTESIAN_POINT('Ctrl Pts',(-100.623582955054,-8.41588638963479,21.9721692677506));
#5016=CARTESIAN_POINT('Ctrl Pts',(-100.560416239476,-8.08008845902674,21.9787144579055));
#5017=CARTESIAN_POINT('Ctrl Pts',(-100.32596038007,-7.51599020827005,21.99321554594));
#5018=CARTESIAN_POINT('Ctrl Pts',(-100.175789138169,-7.27860225149547,22.));
#5019=CARTESIAN_POINT('Ctrl Pts',(-100.,-7.07893127677393,22.));
#5020=CARTESIAN_POINT('Origin',(-98.1235829550542,-8.73091767908995,22.));
#5021=CARTESIAN_POINT('Origin',(-98.1235829550542,-8.73091767908995,15.5000000000003));
#5022=CARTESIAN_POINT('',(-100.,-5.19834650876132,22.0000000000003));
#5023=CARTESIAN_POINT('',(-100.,-12.2634888494186,22.0000000000003));
#5024=CARTESIAN_POINT('Ctrl Pts',(-100.,-5.19834650876131,22.));
#5025=CARTESIAN_POINT('Ctrl Pts',(-100.356846765949,-5.3878949486299,22.));
#5026=CARTESIAN_POINT('Ctrl Pts',(-100.681837694775,-5.63231816931854,21.9720489117372));
#5027=CARTESIAN_POINT('Ctrl Pts',(-101.307336166802,-6.2578166413455,21.8861824021437));
#5028=CARTESIAN_POINT('Ctrl Pts',(-101.614130326679,-6.70613441665121,21.8146351143463));
#5029=CARTESIAN_POINT('Ctrl Pts',(-102.022327259965,-7.69002507492275,21.7048388480751));
#5030=CARTESIAN_POINT('Ctrl Pts',(-102.123582955054,-8.22604882807305,21.6701121004825));
#5031=CARTESIAN_POINT('Ctrl Pts',(-102.123582955054,-9.24129858973347,21.6701121004825));
#5032=CARTESIAN_POINT('Ctrl Pts',(-102.020133268905,-9.78272727023098,21.7056328918367));
#5033=CARTESIAN_POINT('Ctrl Pts',(-101.603782271539,-10.7748414245511,21.8172083834197));
#5034=CARTESIAN_POINT('Ctrl Pts',(-101.291029811414,-11.2259964470848,21.8896129710191));
#5035=CARTESIAN_POINT('Ctrl Pts',(-100.663958674455,-11.8429225881013,21.9735632344667));
#5036=CARTESIAN_POINT('Ctrl Pts',(-100.347178903865,-12.0790757459177,22.));
#5037=CARTESIAN_POINT('Ctrl Pts',(-100.,-12.2634888494186,22.));
#5038=CARTESIAN_POINT('Origin',(-98.1235829550542,-8.73091767908995,22.));
#5039=CARTESIAN_POINT('Origin',(98.1235829550542,-8.73091767908997,15.4999999999998));
#5040=CARTESIAN_POINT('',(100.,-7.07893127677395,22.));
#5041=CARTESIAN_POINT('',(100.,-10.382904081406,22.));
#5042=CARTESIAN_POINT('Ctrl Pts',(100.,-7.07893127677396,22.));
#5043=CARTESIAN_POINT('Ctrl Pts',(100.175789138169,-7.27860225149549,22.));
#5044=CARTESIAN_POINT('Ctrl Pts',(100.32596038007,-7.51599020827007,21.99321554594));
#5045=CARTESIAN_POINT('Ctrl Pts',(100.560416239476,-8.08008845902675,21.9787144579055));
#5046=CARTESIAN_POINT('Ctrl Pts',(100.623582955054,-8.41588638963481,21.9721692677506));
#5047=CARTESIAN_POINT('Ctrl Pts',(100.623582955054,-9.04594896854514,21.9721692677506));
#5048=CARTESIAN_POINT('Ctrl Pts',(100.560416239476,-9.38174689915319,21.9787144579055));
#5049=CARTESIAN_POINT('Ctrl Pts',(100.32596038007,-9.94584514990988,21.99321554594));
#5050=CARTESIAN_POINT('Ctrl Pts',(100.175789138169,-10.1832331066845,22.));
#5051=CARTESIAN_POINT('Ctrl Pts',(100.,-10.382904081406,22.));
#5052=CARTESIAN_POINT('Origin',(98.1235829550542,-8.73091767908997,22.));
#5053=CARTESIAN_POINT('Origin',(98.1235829550542,-8.73091767908997,15.4999999999998));
#5054=CARTESIAN_POINT('',(100.,-12.2634888494186,22.));
#5055=CARTESIAN_POINT('',(100.,-5.19834650876133,22.));
#5056=CARTESIAN_POINT('Ctrl Pts',(100.,-12.2634888494186,22.));
#5057=CARTESIAN_POINT('Ctrl Pts',(100.347178903865,-12.0790757459177,22.));
#5058=CARTESIAN_POINT('Ctrl Pts',(100.663958674455,-11.8429225881013,21.9735632344667));
#5059=CARTESIAN_POINT('Ctrl Pts',(101.291029811414,-11.2259964470848,21.8896129710191));
#5060=CARTESIAN_POINT('Ctrl Pts',(101.603782271539,-10.7748414245511,21.8172083834197));
#5061=CARTESIAN_POINT('Ctrl Pts',(102.020133268905,-9.78272727023099,21.7056328918367));
#5062=CARTESIAN_POINT('Ctrl Pts',(102.123582955054,-9.24129858973349,21.6701121004825));
#5063=CARTESIAN_POINT('Ctrl Pts',(102.123582955054,-8.22053676844646,21.6701121004825));
#5064=CARTESIAN_POINT('Ctrl Pts',(102.020133268905,-7.67910808794895,21.7056328918367));
#5065=CARTESIAN_POINT('Ctrl Pts',(101.603782271539,-6.68699393362887,21.8172083834197));
#5066=CARTESIAN_POINT('Ctrl Pts',(101.291029811414,-6.23583891109515,21.8896129710191));
#5067=CARTESIAN_POINT('Ctrl Pts',(100.663958674455,-5.61891277007865,21.9735632344667));
#5068=CARTESIAN_POINT('Ctrl Pts',(100.347178903865,-5.38275961226228,22.));
#5069=CARTESIAN_POINT('Ctrl Pts',(100.,-5.19834650876133,22.));
#5070=CARTESIAN_POINT('Origin',(98.1235829550542,-8.73091767908997,22.));
#5071=CARTESIAN_POINT('Origin',(0.,-8.88178419700125E-15,18.));
#5072=CARTESIAN_POINT('',(45.0000000000007,-43.6374757037994,18.));
#5073=CARTESIAN_POINT('Origin',(42.5000000000007,-43.6374757037994,18.));
#5074=CARTESIAN_POINT('Origin',(0.,-8.88178419700125E-15,18.));
#5075=CARTESIAN_POINT('',(-39.9999999999996,-28.6374661670594,17.9999999999999));
#5076=CARTESIAN_POINT('Origin',(-42.4999999999996,-28.6374661670594,17.9999999999999));
#5077=CARTESIAN_POINT('Origin',(0.,-8.88178419700125E-15,18.));
#5078=CARTESIAN_POINT('',(-39.9999999999996,-43.6374757037994,17.9999999999999));
#5079=CARTESIAN_POINT('Origin',(-42.4999999999996,-43.6374757037994,17.9999999999999));
#5080=CARTESIAN_POINT('Origin',(0.,-8.88178419700125E-15,18.));
#5081=CARTESIAN_POINT('',(45.0000000000007,-28.6374757037994,18.));
#5082=CARTESIAN_POINT('Origin',(42.5000000000008,-28.6374757037993,18.));
#5083=CARTESIAN_POINT('Origin',(-42.4999999999996,-28.6374661670594,13.));
#5084=CARTESIAN_POINT('',(-39.9999999999996,-28.6374661670594,13.));
#5085=CARTESIAN_POINT('',(-39.9999999999996,-28.6374661670594,13.));
#5086=CARTESIAN_POINT('Origin',(-42.4999999999996,-28.6374661670594,13.));
#5087=CARTESIAN_POINT('Origin',(-42.4999999999996,-28.6374757037994,13.));
#5088=CARTESIAN_POINT('',(-38.4999999999996,-28.6374757037994,21.9999999999999));
#5089=CARTESIAN_POINT('Origin',(-42.4999999999996,-28.6374757037994,21.9999999999999));
#5090=CARTESIAN_POINT('',(-38.4999999999996,-28.6374757037994,13.));
#5091=CARTESIAN_POINT('',(-38.4999999999996,-28.6374757037994,13.));
#5092=CARTESIAN_POINT('Origin',(-42.4999999999996,-28.6374757037994,13.));
#5093=CARTESIAN_POINT('Origin',(-42.4999999999996,-28.6374757037994,13.));
#5094=CARTESIAN_POINT('Origin',(42.5000000000008,-28.6374757037993,13.0000000000001));
#5095=CARTESIAN_POINT('',(45.0000000000008,-28.6374757037993,13.0000000000001));
#5096=CARTESIAN_POINT('',(45.0000000000008,-28.6374757037993,13.0000000000001));
#5097=CARTESIAN_POINT('Origin',(42.5000000000008,-28.6374757037993,13.0000000000001));
#5098=CARTESIAN_POINT('Origin',(42.5000000000008,-28.6374757037993,13.0000000000001));
#5099=CARTESIAN_POINT('',(46.5000000000008,-28.6374757037994,22.));
#5100=CARTESIAN_POINT('Origin',(42.5000000000007,-28.6374757037994,22.));
#5101=CARTESIAN_POINT('',(46.5000000000008,-28.6374757037993,13.0000000000001));
#5102=CARTESIAN_POINT('',(46.5000000000008,-28.6374757037993,13.0000000000001));
#5103=CARTESIAN_POINT('Origin',(42.5000000000008,-28.6374757037993,13.0000000000001));
#5104=CARTESIAN_POINT('Origin',(42.5000000000008,-28.6374757037993,13.0000000000001));
#5105=CARTESIAN_POINT('Origin',(-42.4999999999996,-43.6374757037994,13.));
#5106=CARTESIAN_POINT('',(-39.9999999999996,-43.6374757037994,13.));
#5107=CARTESIAN_POINT('',(-39.9999999999996,-43.6374757037994,13.));
#5108=CARTESIAN_POINT('Origin',(-42.4999999999996,-43.6374757037994,13.));
#5109=CARTESIAN_POINT('Origin',(-42.4999999999996,-43.6374757037994,13.));
#5110=CARTESIAN_POINT('',(-38.4999999999997,-43.6374757037994,21.9999999999999));
#5111=CARTESIAN_POINT('Origin',(-42.4999999999996,-43.6374757037994,21.9999999999999));
#5112=CARTESIAN_POINT('',(-38.4999999999996,-43.6374757037994,13.));
#5113=CARTESIAN_POINT('',(-38.4999999999996,-43.6374757037994,13.));
#5114=CARTESIAN_POINT('Origin',(-42.4999999999996,-43.6374757037994,13.));
#5115=CARTESIAN_POINT('Origin',(-42.4999999999996,-43.6374757037994,13.));
#5116=CARTESIAN_POINT('Origin',(42.5000000000007,-43.6374757037994,13.0000000000001));
#5117=CARTESIAN_POINT('',(45.0000000000007,-43.6374757037994,13.0000000000001));
#5118=CARTESIAN_POINT('',(45.0000000000007,-43.6374757037994,13.0000000000001));
#5119=CARTESIAN_POINT('Origin',(42.5000000000007,-43.6374757037994,13.0000000000001));
#5120=CARTESIAN_POINT('Origin',(42.5000000000007,-43.6374757037994,13.0000000000001));
#5121=CARTESIAN_POINT('',(46.5000000000007,-43.6374757037994,22.));
#5122=CARTESIAN_POINT('Origin',(42.5000000000007,-43.6374757037994,22.));
#5123=CARTESIAN_POINT('',(46.5000000000007,-43.6374757037994,13.0000000000002));
#5124=CARTESIAN_POINT('',(46.5000000000007,-43.6374757037994,13.0000000000002));
#5125=CARTESIAN_POINT('Origin',(42.5000000000007,-43.6374757037994,13.0000000000001));
#5126=CARTESIAN_POINT('Origin',(42.5000000000007,-43.6374757037994,13.0000000000001));
#5127=CARTESIAN_POINT('Origin',(-35.7999999999997,-41.0874757037995,25.));
#5128=CARTESIAN_POINT('',(-35.7999999999997,-36.8874757037995,22.));
#5129=CARTESIAN_POINT('',(-35.7999999999997,-41.0874757037995,22.));
#5130=CARTESIAN_POINT('',(-35.7999999999997,-20.5437378518998,22.));
#5131=CARTESIAN_POINT('',(-35.7999999999997,-36.8874757037995,25.));
#5132=CARTESIAN_POINT('',(-35.7999999999997,-41.0874757037995,25.));
#5133=CARTESIAN_POINT('Origin',(37.2000000000006,-41.0874757037995,25.));
#5134=CARTESIAN_POINT('',(37.2000000000006,-41.0874757037995,22.));
#5135=CARTESIAN_POINT('',(18.6000000000003,-41.0874757037995,22.));
#5136=CARTESIAN_POINT('',(37.2000000000006,-41.0874757037995,25.));
#5137=CARTESIAN_POINT('Origin',(37.2000000000006,-36.8874757037995,25.));
#5138=CARTESIAN_POINT('',(37.2000000000006,-36.8874757037994,22.));
#5139=CARTESIAN_POINT('',(37.2000000000005,-18.4437378518997,22.));
#5140=CARTESIAN_POINT('',(37.2000000000006,-36.8874757037995,25.));
#5141=CARTESIAN_POINT('Origin',(-35.7999999999997,-36.8874757037995,25.));
#5142=CARTESIAN_POINT('',(-17.8999999999998,-36.8874757037994,22.));
#5143=CARTESIAN_POINT('Origin',(-9.01011273509297E-9,65.,17.0360002682211));
#5144=CARTESIAN_POINT('',(2.99999999098988,64.9999999937139,17.0360002682211));
#5145=CARTESIAN_POINT('Origin',(-9.01011273509299E-9,65.,17.0360002682211));
#5146=CARTESIAN_POINT('',(2.99999998470377,62.,17.0360002682211));
#5147=CARTESIAN_POINT('',(2.99999999098988,64.9999999937139,17.0360002682211));
#5148=CARTESIAN_POINT('Origin',(-1.52962240107796E-8,62.,17.0360002682211));
#5149=CARTESIAN_POINT('Origin',(0.,-8.88178419700125E-15,18.5));
#5150=CARTESIAN_POINT('',(-20.1022753391095,5.45121128775732,18.5));
#5151=CARTESIAN_POINT('Origin',(-22.6022753391095,5.45121128775732,18.5));
#5152=CARTESIAN_POINT('Origin',(0.,-8.88178419700125E-15,18.5));
#5153=CARTESIAN_POINT('',(25.7194823880838,5.45121128775719,18.5));
#5154=CARTESIAN_POINT('Origin',(23.2194823880838,5.45121128775719,18.5));
#5155=CARTESIAN_POINT('Origin',(-22.6022753391095,5.45121128775732,13.3289999999999));
#5156=CARTESIAN_POINT('',(-20.1022753391095,5.45121128775732,13.329));
#5157=CARTESIAN_POINT('',(-20.1022753391095,5.45121128775732,13.329));
#5158=CARTESIAN_POINT('Origin',(-22.6022753391095,5.45121128775732,13.3289999999999));
#5159=CARTESIAN_POINT('Origin',(-22.6022753391095,5.45121128775732,13.3289999999999));
#5160=CARTESIAN_POINT('',(-18.6022753391095,5.45121128775732,22.));
#5161=CARTESIAN_POINT('Origin',(-22.6022753391095,5.45121128775732,22.));
#5162=CARTESIAN_POINT('',(-18.6022753391095,5.45121128775732,13.329));
#5163=CARTESIAN_POINT('',(-18.6022753391095,5.45121128775732,13.329));
#5164=CARTESIAN_POINT('Origin',(-22.6022753391095,5.45121128775732,13.3289999999999));
#5165=CARTESIAN_POINT('Origin',(-22.6022753391095,5.45121128775732,13.3289999999999));
#5166=CARTESIAN_POINT('Origin',(25.8015326872854,1.8243475193746,13.329));
#5167=CARTESIAN_POINT('',(25.3715035669124,2.07944545278689,22.));
#5168=CARTESIAN_POINT('',(25.7012261892372,2.31418280439325,22.));
#5169=CARTESIAN_POINT('Origin',(25.8015326872854,1.8243475193746,22.));
#5170=CARTESIAN_POINT('',(25.3715035669124,2.07944545278689,13.329));
#5171=CARTESIAN_POINT('',(25.3715035669124,2.07944545278689,13.329));
#5172=CARTESIAN_POINT('',(25.7012261892372,2.31418280439325,13.329));
#5173=CARTESIAN_POINT('Origin',(25.8015326872854,1.8243475193746,13.329));
#5174=CARTESIAN_POINT('',(25.7012261892372,2.31418280439325,13.329));
#5175=CARTESIAN_POINT('Origin',(23.2194823880838,5.45121128775719,13.329));
#5176=CARTESIAN_POINT('',(25.7194823880838,5.45121128775719,13.329));
#5177=CARTESIAN_POINT('',(25.7194823880838,5.45121128775719,13.329));
#5178=CARTESIAN_POINT('Origin',(23.2194823880838,5.45121128775719,13.329));
#5179=CARTESIAN_POINT('Origin',(23.2194823880838,5.45121128775719,13.329));
#5180=CARTESIAN_POINT('Origin',(23.2194823880838,5.45121128775719,22.));
#5181=CARTESIAN_POINT('Origin',(23.2194823880838,5.45121128775719,13.329));
#5182=CARTESIAN_POINT('Origin',(23.2194823880838,5.45121128775719,13.329));
#5183=CARTESIAN_POINT('Origin',(9.37999999999988,-7.71528821953351,14.0000000000002));
#5184=CARTESIAN_POINT('',(-9.38000000000015,-7.71528821953355,22.));
#5185=CARTESIAN_POINT('',(-9.38000000000015,-7.71528821953353,14.0000000000002));
#5186=CARTESIAN_POINT('',(9.37999999999987,-7.71528821953351,22.));
#5187=CARTESIAN_POINT('',(4.68999999999994,-7.71528821953353,22.));
#5188=CARTESIAN_POINT('',(9.37999999999987,-7.7152882195335,14.0000000000002));
#5189=CARTESIAN_POINT('Origin',(9.37999999999989,-19.4152882195335,14.0000000000002));
#5190=CARTESIAN_POINT('',(9.37999999999989,-19.4152882195335,22.));
#5191=CARTESIAN_POINT('',(9.37999999999987,-9.70764410976676,22.));
#5192=CARTESIAN_POINT('',(9.37999999999989,-19.4152882195335,14.0000000000002));
#5193=CARTESIAN_POINT('Origin',(-9.38000000000013,-19.4152882195335,14.0000000000002));
#5194=CARTESIAN_POINT('',(-9.38000000000014,-19.4152882195336,22.));
#5195=CARTESIAN_POINT('',(-4.69000000000006,-19.4152882195335,22.));
#5196=CARTESIAN_POINT('',(-9.38000000000013,-19.4152882195336,14.0000000000002));
#5197=CARTESIAN_POINT('Origin',(-9.38000000000015,-7.71528821953353,14.0000000000002));
#5198=CARTESIAN_POINT('',(-9.38000000000016,-3.85764410976678,22.));
#5199=CARTESIAN_POINT('Origin',(-15.1784673127147,7.49369491006108,26.8969999999998));
#5200=CARTESIAN_POINT('',(-15.1784673127147,8.94369491006111,22.));
#5201=CARTESIAN_POINT('',(-15.1784673127147,8.94369491006108,26.8969999999999));
#5202=CARTESIAN_POINT('Origin',(-15.1784673127147,7.49369491006111,22.));
#5203=CARTESIAN_POINT('Origin',(-5.01846731271465,7.4936949100609,26.8279999999999));
#5204=CARTESIAN_POINT('',(-5.01846731271465,8.94369491006093,22.));
#5205=CARTESIAN_POINT('',(-5.01846731271465,8.9436949100609,26.8279999999999));
#5206=CARTESIAN_POINT('Origin',(-5.01846731271465,7.49369491006093,22.));
#5207=CARTESIAN_POINT('Origin',(5.14153268728526,7.49369491006094,26.788));
#5208=CARTESIAN_POINT('',(5.14153268728526,8.94369491006096,22.));
#5209=CARTESIAN_POINT('',(5.14153268728526,8.94369491006094,26.788));
#5210=CARTESIAN_POINT('Origin',(5.14153268728526,7.49369491006096,22.));
#5211=CARTESIAN_POINT('Origin',(15.3015326872849,7.49369491006043,26.7330000000003));
#5212=CARTESIAN_POINT('',(15.3015326872849,6.04369491006042,22.));
#5213=CARTESIAN_POINT('',(15.3015326872849,6.04369491006041,26.7330000000003));
#5214=CARTESIAN_POINT('Origin',(15.3015326872849,7.49369491006043,22.));
#5215=CARTESIAN_POINT('Origin',(39.5923583999996,31.9291087481098,28.0933340888767));
#5216=CARTESIAN_POINT('',(36.0923583999997,31.92910874811,28.0933340888767));
#5217=CARTESIAN_POINT('Origin',(39.5923583999996,31.9291087481104,28.0933340888744));
#5218=CARTESIAN_POINT('',(36.0923583999997,32.6266956605635,25.1755656779868));
#5219=CARTESIAN_POINT('',(36.0923583999997,31.92910874811,28.0933340888767));
#5220=CARTESIAN_POINT('Origin',(39.5923583999996,32.6266956605633,25.1755656779867));
#5221=CARTESIAN_POINT('Origin',(-35.2923583999964,31.9291087481099,28.0933340888765));
#5222=CARTESIAN_POINT('',(-38.7923583999964,31.9291087481101,28.0933340888766));
#5223=CARTESIAN_POINT('Origin',(-35.2923583999964,31.9291087481104,28.0933340888744));
#5224=CARTESIAN_POINT('',(-38.7923583999964,32.6266956605635,25.1755656779867));
#5225=CARTESIAN_POINT('',(-38.7923583999964,31.9291087481101,28.0933340888766));
#5226=CARTESIAN_POINT('Origin',(-35.2923583999964,32.6266956605633,25.1755656779866));
#5227=CARTESIAN_POINT('Origin',(39.1500000000016,49.5237139783808,32.2998935583031));
#5228=CARTESIAN_POINT('',(36.1500000000016,49.523713978381,32.2998935583032));
#5229=CARTESIAN_POINT('Origin',(39.1500000000016,49.5237139783813,32.2998935583008));
#5230=CARTESIAN_POINT('',(36.1500000000016,50.2213008908344,29.3821251474131));
#5231=CARTESIAN_POINT('',(36.1500000000016,49.523713978381,32.2998935583032));
#5232=CARTESIAN_POINT('Origin',(39.1500000000016,50.2213008908343,29.3821251474131));
#5233=CARTESIAN_POINT('Origin',(-34.8499999999984,49.5237139783809,32.299893558303));
#5234=CARTESIAN_POINT('',(-37.8499999999985,49.5237139783811,32.2998935583031));
#5235=CARTESIAN_POINT('Origin',(-34.8499999999984,49.5237139783815,32.2998935583006));
#5236=CARTESIAN_POINT('',(-37.8499999999985,50.2213008908346,29.3821251474129));
#5237=CARTESIAN_POINT('',(-37.8499999999985,49.5237139783811,32.299893558303));
#5238=CARTESIAN_POINT('Origin',(-34.8499999999984,50.2213008908344,29.3821251474129));
#5239=CARTESIAN_POINT('Origin',(-22.8999999999999,57.5603463728103,33.7072189523336));
#5240=CARTESIAN_POINT('',(-20.8499999999999,57.4440818874015,34.1935136874816));
#5241=CARTESIAN_POINT('Origin',(-22.8999999999999,57.4440818874015,34.1935136874816));
#5242=CARTESIAN_POINT('',(-21.8499999999999,57.6766108582191,33.2209242171856));
#5243=CARTESIAN_POINT('',(-21.3499999999999,57.5603463728103,33.7072189523336));
#5244=CARTESIAN_POINT('Origin',(-22.8999999999999,57.6766108582191,33.2209242171856));
#5245=CARTESIAN_POINT('Origin',(47.6618976495327,65.0000009685755,36.0000005364418));
#5246=CARTESIAN_POINT('',(37.9963405453695,63.6953251347228,35.6880755792416));
#5247=CARTESIAN_POINT('',(47.6618976495327,52.2546295199861,32.9528072486846));
#5248=CARTESIAN_POINT('Ctrl Pts',(37.99634054537,63.6953251347224,35.6880755792405));
#5249=CARTESIAN_POINT('Ctrl Pts',(39.3213154709573,63.4791747315365,35.636397834077));
#5250=CARTESIAN_POINT('Ctrl Pts',(40.5857907243841,63.011188641387,35.5245106224395));
#5251=CARTESIAN_POINT('Ctrl Pts',(43.0083728222721,61.5905647586667,35.184864533872));
#5252=CARTESIAN_POINT('Ctrl Pts',(44.1187016748049,60.6072743998626,34.9497771693633));
#5253=CARTESIAN_POINT('Ctrl Pts',(45.8523918663295,58.4267712732237,34.4284573696047));
#5254=CARTESIAN_POINT('Ctrl Pts',(46.5111471213116,57.2562460738702,34.1486054607969));
#5255=CARTESIAN_POINT('Ctrl Pts',(47.4082320526782,54.8166955037652,33.5653519909115));
#5256=CARTESIAN_POINT('Ctrl Pts',(47.6618976495327,53.533139319412,33.2584763690281));
#5257=CARTESIAN_POINT('Ctrl Pts',(47.6618976495327,52.2546295199861,32.9528072486846));
#5258=CARTESIAN_POINT('',(21.8956325934998,65.0000009685755,36.0000005364418));
#5259=CARTESIAN_POINT('Origin',(21.8956325934998,-34.9999999999971,12.0917658524792));
#5260=CARTESIAN_POINT('',(-21.8956325934998,65.0000009685755,36.0000005364418));
#5261=CARTESIAN_POINT('',(34.7787651215161,65.,36.0000003048725));
#5262=CARTESIAN_POINT('',(-39.7084709334805,63.4007255576552,35.6176420216434));
#5263=CARTESIAN_POINT('Origin',(-21.8956325934998,-34.9999999999971,12.0917658524792));
#5264=CARTESIAN_POINT('',(-47.6618976495327,54.6837962028558,33.5335781144645));
#5265=CARTESIAN_POINT('Ctrl Pts',(-47.6618976495327,54.6837962028558,33.5335781144645));
#5266=CARTESIAN_POINT('Ctrl Pts',(-47.6618976495327,54.6927955897968,33.5357297089936));
#5267=CARTESIAN_POINT('Ctrl Pts',(-47.6618787601646,54.7017950702034,33.5378813258687));
#5268=CARTESIAN_POINT('Ctrl Pts',(-47.6595388925369,55.2608877349463,33.6715505109616));
#5269=CARTESIAN_POINT('Ctrl Pts',(-47.5875974091274,55.8177565991487,33.8046880246075));
#5270=CARTESIAN_POINT('Ctrl Pts',(-47.2075113138232,57.4365469223038,34.1917122103601));
#5271=CARTESIAN_POINT('Ctrl Pts',(-46.715280774083,58.5341361017337,34.4541264047023));
#5272=CARTESIAN_POINT('Ctrl Pts',(-45.2429463451416,60.5364177380855,34.9328365927185));
#5273=CARTESIAN_POINT('Ctrl Pts',(-44.3240901061435,61.3794294670245,35.1343858133344));
#5274=CARTESIAN_POINT('Ctrl Pts',(-42.1850862041481,62.7082028384481,35.4520720663154));
#5275=CARTESIAN_POINT('Ctrl Pts',(-40.9749455316162,63.171463962783,35.5628296220481));
#5276=CARTESIAN_POINT('Ctrl Pts',(-39.7084709334887,63.4007255576574,35.61764202166));
#5277=CARTESIAN_POINT('',(-47.6618976495327,52.2546295199861,32.9528072486846));
#5278=CARTESIAN_POINT('',(-47.6618976495327,59.1533757158481,34.6021756634669));
#5279=CARTESIAN_POINT('',(-47.6618976495327,30.818992116011,27.8279248017771));
#5280=CARTESIAN_POINT('',(-47.6618976495327,59.1533757158481,34.6021756634669));
#5281=CARTESIAN_POINT('',(-43.5301385378673,25.89495335095,26.6506740692996));
#5282=CARTESIAN_POINT('Origin',(-42.6618976495327,30.818992116011,27.8279248017771));
#5283=CARTESIAN_POINT('',(-14.1275271837025,20.7104796659257,25.4111579455613));
#5284=CARTESIAN_POINT('',(-2.88013288853599,18.7272605890213,24.9370052789504));
#5285=CARTESIAN_POINT('',(14.1275271837026,20.7104796659257,25.4111579455613));
#5286=CARTESIAN_POINT('',(0.,20.7104796659257,25.4111579455613));
#5287=CARTESIAN_POINT('',(43.5301385378674,25.8949533509499,26.6506740692996));
#5288=CARTESIAN_POINT('',(31.6314280263309,23.7968896521267,26.1490640812243));
#5289=CARTESIAN_POINT('',(47.6618976495327,30.818992116011,27.8279248017771));
#5290=CARTESIAN_POINT('Origin',(42.6618976495327,30.818992116011,27.8279248017771));
#5291=CARTESIAN_POINT('',(47.6618976495327,47.5897215523507,31.8375101147939));
#5292=CARTESIAN_POINT('',(-20.8499999999999,28.2663977785243,27.2176445629523));
#5293=CARTESIAN_POINT('Origin',(-22.8999999999999,28.2663977785243,27.2176445629523));
#5294=CARTESIAN_POINT('',(30.6499999999999,57.4440818874015,34.1935136874816));
#5295=CARTESIAN_POINT('Origin',(28.5999999999999,57.4440818874015,34.1935136874816));
#5296=CARTESIAN_POINT('',(-19.6999999999987,26.3212188379319,26.7525866213173));
#5297=CARTESIAN_POINT('',(-19.6999999999986,59.3892608279927,34.6585716291171));
#5298=CARTESIAN_POINT('',(-19.6999999999987,45.6606099032538,31.3762935788794));
#5299=CARTESIAN_POINT('',(24.0000000000012,59.3892608279927,34.6585716291171));
#5300=CARTESIAN_POINT('',(13.980948824767,59.3892608279928,34.6585716291167));
#5301=CARTESIAN_POINT('',(24.0000000000012,26.3212188379319,26.7525866213173));
#5302=CARTESIAN_POINT('',(24.0000000000011,62.1946308982841,35.3292860827792));
#5303=CARTESIAN_POINT('',(35.830948824767,26.321218837932,26.7525866213169));
#5304=CARTESIAN_POINT('',(30.6499999999999,28.2663977785242,27.2176445629523));
#5305=CARTESIAN_POINT('Origin',(28.5999999999999,28.2663977785242,27.2176445629523));
#5306=CARTESIAN_POINT('Origin',(-22.8999999999999,58.1416687998545,31.2757452765937));
#5307=CARTESIAN_POINT('',(-21.8499999999999,58.1416687998545,31.2757452765937));
#5308=CARTESIAN_POINT('Origin',(-22.8999999999999,58.1416687998544,31.2757452765938));
#5309=CARTESIAN_POINT('',(-21.8499999999999,58.1416687998545,31.2757452765937));
#5310=CARTESIAN_POINT('Origin',(-22.8999999999999,28.3826622639331,26.7313498278043));
#5311=CARTESIAN_POINT('',(-21.8499999999999,28.4989267493419,26.2450550926564));
#5312=CARTESIAN_POINT('',(-21.3499999999999,28.3826622639331,26.7313498278043));
#5313=CARTESIAN_POINT('Origin',(-22.8999999999999,28.4989267493419,26.2450550926564));
#5314=CARTESIAN_POINT('Origin',(-22.8999999999999,28.9639846909772,24.2998761520645));
#5315=CARTESIAN_POINT('',(-21.8499999999999,28.9639846909772,24.2998761520645));
#5316=CARTESIAN_POINT('Origin',(-22.8999999999999,28.9639846909772,24.2998761520645));
#5317=CARTESIAN_POINT('',(-21.8499999999999,28.9639846909772,24.2998761520645));
#5318=CARTESIAN_POINT('Origin',(28.5999999999999,28.3826622639331,26.7313498278043));
#5319=CARTESIAN_POINT('',(29.6499999999999,28.4989267493419,26.2450550926564));
#5320=CARTESIAN_POINT('',(30.1499999999999,28.3826622639331,26.7313498278043));
#5321=CARTESIAN_POINT('Origin',(28.5999999999999,28.4989267493419,26.2450550926564));
#5322=CARTESIAN_POINT('Origin',(28.5999999999999,28.9639846909772,24.2998761520645));
#5323=CARTESIAN_POINT('',(29.6499999999999,28.9639846909772,24.2998761520645));
#5324=CARTESIAN_POINT('Origin',(28.5999999999999,28.9639846909772,24.2998761520646));
#5325=CARTESIAN_POINT('',(29.6499999999999,28.9639846909772,24.2998761520645));
#5326=CARTESIAN_POINT('Origin',(28.5999999999999,57.5603463728103,33.7072189523336));
#5327=CARTESIAN_POINT('',(29.6499999999999,57.6766108582191,33.2209242171856));
#5328=CARTESIAN_POINT('',(30.1499999999999,57.5603463728103,33.7072189523336));
#5329=CARTESIAN_POINT('Origin',(28.5999999999999,57.6766108582191,33.2209242171856));
#5330=CARTESIAN_POINT('Origin',(28.5999999999999,58.1416687998545,31.2757452765937));
#5331=CARTESIAN_POINT('',(29.6499999999999,58.1416687998545,31.2757452765938));
#5332=CARTESIAN_POINT('Origin',(28.5999999999999,58.1416687998544,31.2757452765938));
#5333=CARTESIAN_POINT('',(29.6499999999999,58.1416687998545,31.2757452765937));
#5334=CARTESIAN_POINT('Origin',(-103.328120871928,29.63443373832,28.083333346737));
#5335=CARTESIAN_POINT('',(-102.465274719946,21.040517622831,24.69135803462));
#5336=CARTESIAN_POINT('',(-100.,20.2423208851585,27.0000000000002));
#5337=CARTESIAN_POINT('Ctrl Pts',(-99.9999999563013,20.2423209769675,26.9999999857758));
#5338=CARTESIAN_POINT('Ctrl Pts',(-100.138792668601,20.3082326739889,26.5736132931954));
#5339=CARTESIAN_POINT('Ctrl Pts',(-100.357222100413,20.3936153679735,26.1807759091858));
#5340=CARTESIAN_POINT('Ctrl Pts',(-100.875721648414,20.5731857901327,25.5594218004015));
#5341=CARTESIAN_POINT('Ctrl Pts',(-101.152470318511,20.6623179351595,25.3176497442449));
#5342=CARTESIAN_POINT('Ctrl Pts',(-101.76865914073,20.8480827087221,24.9288027016474));
#5343=CARTESIAN_POINT('Ctrl Pts',(-102.105389615096,20.9438617236379,24.7836969381744));
#5344=CARTESIAN_POINT('Ctrl Pts',(-102.460558530777,21.0392516757782,24.6925603513718));
#5345=CARTESIAN_POINT('Ctrl Pts',(-102.462916304187,21.0398846813195,24.6919579652726));
#5346=CARTESIAN_POINT('Ctrl Pts',(-102.465274719946,21.0405176228311,24.69135803462));
#5347=CARTESIAN_POINT('',(-102.465274719946,4.29764636209019,24.69135803462));
#5348=CARTESIAN_POINT('',(-102.465274719946,29.63443373832,24.69135803462));
#5349=CARTESIAN_POINT('',(-100.,5.09584309976279,27.0000000000002));
#5350=CARTESIAN_POINT('Ctrl Pts',(-102.465274719946,4.29764636209017,24.69135803462));
#5351=CARTESIAN_POINT('Ctrl Pts',(-102.462916047551,4.29827937247654,24.6919580305552));
#5352=CARTESIAN_POINT('Ctrl Pts',(-102.46055801731,4.29891244700988,24.6925604825574));
#5353=CARTESIAN_POINT('Ctrl Pts',(-102.105388926619,4.39430245341798,24.7836972002278));
#5354=CARTESIAN_POINT('Ctrl Pts',(-101.768658527636,4.49008145446684,24.92880301086));
#5355=CARTESIAN_POINT('Ctrl Pts',(-101.152469866247,4.67584619265887,25.3176501071759));
#5356=CARTESIAN_POINT('Ctrl Pts',(-100.87572127585,4.76497831822694,25.5594221703345));
#5357=CARTESIAN_POINT('Ctrl Pts',(-100.357221945638,4.94454867751322,26.1807761871822));
#5358=CARTESIAN_POINT('Ctrl Pts',(-100.138792619257,5.02993133436569,26.5736134447866));
#5359=CARTESIAN_POINT('Ctrl Pts',(-99.9999999563013,5.09584300795377,26.9999999857757));
#5360=CARTESIAN_POINT('',(-100.,29.63443373832,27.0000000000001));
#5361=CARTESIAN_POINT('Ctrl Pts',(-97.6771261635648,23.4947121823588,27.0000000000002));
#5362=CARTESIAN_POINT('Ctrl Pts',(-98.7515243480434,22.3316281244068,27.0000000000002));
#5363=CARTESIAN_POINT('Ctrl Pts',(-99.6488286414156,21.0090333158039,27.0000000000002));
#5364=CARTESIAN_POINT('Ctrl Pts',(-100.330017935578,19.5956066764748,27.0000000000002));
#5365=CARTESIAN_POINT('Ctrl Pts',(-97.9138393806356,23.7133758713021,26.3206311556607));
#5366=CARTESIAN_POINT('Ctrl Pts',(-98.9589076860535,22.553377757073,26.3633877676456));
#5367=CARTESIAN_POINT('Ctrl Pts',(-99.8288474788761,21.2081202408731,26.3606231652481));
#5368=CARTESIAN_POINT('Ctrl Pts',(-100.483502868625,19.7648929322301,26.3494456765454));
#5369=CARTESIAN_POINT('Ctrl Pts',(-98.6186660527893,24.3644590769884,25.3236799168309));
#5370=CARTESIAN_POINT('Ctrl Pts',(-99.6014993127,23.1447313404074,25.4142637007968));
#5371=CARTESIAN_POINT('Ctrl Pts',(-100.438289403072,21.7367966554373,25.3829830476114));
#5372=CARTESIAN_POINT('Ctrl Pts',(-101.066500789182,20.2123173017128,25.3271635274583));
#5373=CARTESIAN_POINT('Ctrl Pts',(-99.5857518701261,25.2578040070283,25.));
#5374=CARTESIAN_POINT('Ctrl Pts',(-100.538728146999,23.9162576752672,25.0396440791139));
#5375=CARTESIAN_POINT('Ctrl Pts',(-101.381171724633,22.4229000187281,24.9353139139949));
#5376=CARTESIAN_POINT('Ctrl Pts',(-102.025694619953,20.7921255196035,24.8031778336651));
#5377=CARTESIAN_POINT('Ctrl Pts',(-100.,25.6404654626791,25.));
#5378=CARTESIAN_POINT('Ctrl Pts',(-100.953596412445,24.246845963477,25.));
#5379=CARTESIAN_POINT('Ctrl Pts',(-101.806274951255,22.7168108591336,24.8589935160873));
#5380=CARTESIAN_POINT('Ctrl Pts',(-102.465274719946,21.040517622831,24.69135803462));
#5381=CARTESIAN_POINT('Origin',(-85.9578976009583,12.6690819924607,27.0000000000002));
#5382=CARTESIAN_POINT('Ctrl Pts',(-100.,25.6404654626791,25.));
#5383=CARTESIAN_POINT('Ctrl Pts',(-100.953596412445,24.246845963477,25.));
#5384=CARTESIAN_POINT('Ctrl Pts',(-101.806274951255,22.7168108591336,24.8589935160873));
#5385=CARTESIAN_POINT('Ctrl Pts',(-102.465274719946,21.040517622831,24.69135803462));
#5386=CARTESIAN_POINT('Ctrl Pts',(-100.330017935578,5.74255730844641,27.0000000000002));
#5387=CARTESIAN_POINT('Ctrl Pts',(-99.6497563775265,4.33105566550919,27.0000000000002));
#5388=CARTESIAN_POINT('Ctrl Pts',(-98.7542346493694,3.00946988284444,27.0000000000002));
#5389=CARTESIAN_POINT('Ctrl Pts',(-97.6771261635648,1.84345180256255,27.0000000000002));
#5390=CARTESIAN_POINT('Ctrl Pts',(-100.483502868625,5.5732710526911,26.3494456765453));
#5391=CARTESIAN_POINT('Ctrl Pts',(-99.8297390775117,4.13200932703945,26.3606079422257));
#5392=CARTESIAN_POINT('Ctrl Pts',(-98.9615439991587,2.78771246550636,26.3634956264486));
#5393=CARTESIAN_POINT('Ctrl Pts',(-97.9138393806356,1.62478811361925,26.3206311556607));
#5394=CARTESIAN_POINT('Ctrl Pts',(-101.066495642938,5.12584851654238,25.3271568765657));
#5395=CARTESIAN_POINT('Ctrl Pts',(-100.439139840427,3.60344540588127,25.3829003741139));
#5396=CARTESIAN_POINT('Ctrl Pts',(-99.6039743727567,2.19651349034505,25.4144816187679));
#5397=CARTESIAN_POINT('Ctrl Pts',(-98.6186617952839,0.973708840800852,25.3236693260859));
#5398=CARTESIAN_POINT('Ctrl Pts',(-102.025694619953,4.54603846531765,24.8031778336651));
#5399=CARTESIAN_POINT('Ctrl Pts',(-101.382049523461,2.91748497642415,24.9351339531319));
#5400=CARTESIAN_POINT('Ctrl Pts',(-100.541132146656,1.42529052497897,25.0397440861706));
#5401=CARTESIAN_POINT('Ctrl Pts',(-99.5857518701261,0.0803599778930217,
25.));
#5402=CARTESIAN_POINT('Ctrl Pts',(-102.465274719946,4.29764636209018,24.69135803462));
#5403=CARTESIAN_POINT('Ctrl Pts',(-101.807172466656,2.62363612961801,24.8587652073176));
#5404=CARTESIAN_POINT('Ctrl Pts',(-100.956001976469,1.09483359772697,25.));
#5405=CARTESIAN_POINT('Ctrl Pts',(-100.,-0.302301477757805,25.));
#5406=CARTESIAN_POINT('Origin',(-85.9578976009583,12.6690819924607,27.0000000000002));
#5407=CARTESIAN_POINT('Ctrl Pts',(-102.465274719946,4.29764636209018,24.69135803462));
#5408=CARTESIAN_POINT('Ctrl Pts',(-101.807172466656,2.62363612961801,24.8587652073176));
#5409=CARTESIAN_POINT('Ctrl Pts',(-100.956001976469,1.09483359772697,25.));
#5410=CARTESIAN_POINT('Ctrl Pts',(-100.,-0.302301477757805,25.));
#5411=CARTESIAN_POINT('Origin',(103.328120871927,-44.9999999999999,28.0833333467371));
#5412=CARTESIAN_POINT('',(102.465274719946,4.09325896060284,24.6913580346201));
#5413=CARTESIAN_POINT('',(99.9999999999999,4.91329864894132,26.9999999999998));
#5414=CARTESIAN_POINT('Ctrl Pts',(99.9999999563012,4.91329855980784,26.9999999857756));
#5415=CARTESIAN_POINT('Ctrl Pts',(100.138661021722,4.84575142338703,26.5740177270926));
#5416=CARTESIAN_POINT('Ctrl Pts',(100.356752706199,4.75822285767259,26.1816788859663));
#5417=CARTESIAN_POINT('Ctrl Pts',(100.874724965644,4.57390487016948,25.5603346944759));
#5418=CARTESIAN_POINT('Ctrl Pts',(101.151635957972,4.48224810249318,25.3182762505309));
#5419=CARTESIAN_POINT('Ctrl Pts',(101.768171105429,4.29120322868007,24.9290107048282));
#5420=CARTESIAN_POINT('Ctrl Pts',(102.105142666505,4.19267737386433,24.7837596153532));
#5421=CARTESIAN_POINT('Ctrl Pts',(102.460562675186,4.09455905354088,24.6925592925221));
#5422=CARTESIAN_POINT('Ctrl Pts',(102.462918376519,4.09390897429265,24.6919574381157));
#5423=CARTESIAN_POINT('Ctrl Pts',(102.465274719946,4.09325896060282,24.6913580346201));
#5424=CARTESIAN_POINT('',(102.465274719946,21.2449050243188,24.6913580346201));
#5425=CARTESIAN_POINT('',(102.465274719946,-44.9999999999999,24.6913580346201));
#5426=CARTESIAN_POINT('',(99.9999999999999,20.4248653359803,26.9999999999998));
#5427=CARTESIAN_POINT('Ctrl Pts',(102.465274719946,21.2449050243188,24.69135803462));
#5428=CARTESIAN_POINT('Ctrl Pts',(102.462917899212,21.2442548789606,24.6919575595323));
#5429=CARTESIAN_POINT('Ctrl Pts',(102.46056172028,21.2436046678449,24.6925595364898));
#5430=CARTESIAN_POINT('Ctrl Pts',(102.105141494726,21.1454862735602,24.7837600749492));
#5431=CARTESIAN_POINT('Ctrl Pts',(101.768170175541,21.0469604769786,24.9290111894216));
#5432=CARTESIAN_POINT('Ctrl Pts',(101.15163533351,20.8559156800658,25.3182767470987));
#5433=CARTESIAN_POINT('Ctrl Pts',(100.87472442276,20.7642589311429,25.5603352274718));
#5434=CARTESIAN_POINT('Ctrl Pts',(100.356752467618,20.5799410319661,26.1816793140048));
#5435=CARTESIAN_POINT('Ctrl Pts',(100.138660945712,20.4924125245072,26.5740179606033));
#5436=CARTESIAN_POINT('Ctrl Pts',(99.9999999563011,20.4248654251137,26.9999999857756));
#5437=CARTESIAN_POINT('',(99.9999999999999,-44.9999999999999,26.9999999999999));
#5438=CARTESIAN_POINT('Ctrl Pts',(97.6936672297196,1.75380409527617,26.9999999999998));
#5439=CARTESIAN_POINT('Ctrl Pts',(98.7639899905839,2.89477701245513,26.9999999999998));
#5440=CARTESIAN_POINT('Ctrl Pts',(99.658860957198,4.18709637630053,26.9999999999998));
#5441=CARTESIAN_POINT('Ctrl Pts',(100.347276757629,5.57344720069286,26.9999999999998));
#5442=CARTESIAN_POINT('Ctrl Pts',(97.9286948240407,1.53332963891915,26.3206311556604));
#5443=CARTESIAN_POINT('Ctrl Pts',(98.9693948749451,2.67084452016034,26.3629222698687));
#5444=CARTESIAN_POINT('Ctrl Pts',(99.8367153506585,3.98497932689565,26.3602203222231));
#5445=CARTESIAN_POINT('Ctrl Pts',(100.497988396004,5.4003491626521,26.3488010106752));
#5446=CARTESIAN_POINT('Ctrl Pts',(98.6284981931763,0.876858777220515,25.3236692232788));
#5447=CARTESIAN_POINT('Ctrl Pts',(99.6070395039197,2.07279746238538,25.4132668077289));
#5448=CARTESIAN_POINT('Ctrl Pts',(100.440930343527,3.44760346103348,25.3824264570381));
#5449=CARTESIAN_POINT('Ctrl Pts',(101.07520383783,4.94212954073184,25.3257198594888));
#5450=CARTESIAN_POINT('Ctrl Pts',(99.588701709938,-0.0238880008827512,25.));
#5451=CARTESIAN_POINT('Ctrl Pts',(100.537894987741,1.29197522771049,25.0392124679589));
#5452=CARTESIAN_POINT('Ctrl Pts',(101.377316266615,2.74974756154292,24.9361596865624));
#5453=CARTESIAN_POINT('Ctrl Pts',(102.028251177103,4.34784954356816,24.8025275000699));
#5454=CARTESIAN_POINT('Ctrl Pts',(100.,-0.409718299507504,25.));
#5455=CARTESIAN_POINT('Ctrl Pts',(100.949979215959,0.9574073992508,25.));
#5456=CARTESIAN_POINT('Ctrl Pts',(101.799592725737,2.45080274955897,24.8606933316946));
#5457=CARTESIAN_POINT('Ctrl Pts',(102.465274719946,4.09325896060284,24.6913580346201));
#5458=CARTESIAN_POINT('Origin',(86.0578906961883,12.6690819924608,26.9999999999999));
#5459=CARTESIAN_POINT('Ctrl Pts',(100.,-0.409718299507504,25.));
#5460=CARTESIAN_POINT('Ctrl Pts',(100.949979215959,0.9574073992508,25.));
#5461=CARTESIAN_POINT('Ctrl Pts',(101.799592725737,2.45080274955897,24.8606933316946));
#5462=CARTESIAN_POINT('Ctrl Pts',(102.465274719946,4.09325896060284,24.6913580346201));
#5463=CARTESIAN_POINT('Ctrl Pts',(100.347276757629,19.7647167842287,26.9999999999998));
#5464=CARTESIAN_POINT('Ctrl Pts',(99.6617534903884,21.1452425450904,26.9999999999998));
#5465=CARTESIAN_POINT('Ctrl Pts',(98.7649686239711,22.4423437411801,26.9999999999998));
#5466=CARTESIAN_POINT('Ctrl Pts',(97.6936672297196,23.5843598896454,26.9999999999998));
#5467=CARTESIAN_POINT('Ctrl Pts',(100.497988396004,19.9378148222695,26.3488010106752));
#5468=CARTESIAN_POINT('Ctrl Pts',(99.8394938374833,21.3472376646188,26.3601723414278));
#5469=CARTESIAN_POINT('Ctrl Pts',(98.9703464232565,22.6662793952777,26.3629609381077));
#5470=CARTESIAN_POINT('Ctrl Pts',(97.9286948240408,23.8048343460024,26.3206311556604));
#5471=CARTESIAN_POINT('Ctrl Pts',(101.075209069859,20.3960363617718,25.3257266499908));
#5472=CARTESIAN_POINT('Ctrl Pts',(100.44360061772,21.8842828553732,25.3821949820682));
#5473=CARTESIAN_POINT('Ctrl Pts',(99.6079385095755,23.2642770596614,25.4133594811572));
#5474=CARTESIAN_POINT('Ctrl Pts',(98.6285024844223,24.4613092332289,25.3236799745143));
#5475=CARTESIAN_POINT('Ctrl Pts',(102.028251177103,20.9903144413534,24.8025275000699));
#5476=CARTESIAN_POINT('Ctrl Pts',(101.38005131545,22.5817016399271,24.9355982009973));
#5477=CARTESIAN_POINT('Ctrl Pts',(100.538762868221,24.0449856176205,25.0392483212844));
#5478=CARTESIAN_POINT('Ctrl Pts',(99.588701709938,25.3620519858043,25.));
#5479=CARTESIAN_POINT('Ctrl Pts',(102.465274719946,21.2449050243188,24.69135803462));
#5480=CARTESIAN_POINT('Ctrl Pts',(101.802389737748,22.8804600876825,24.8599818315129));
#5481=CARTESIAN_POINT('Ctrl Pts',(100.95084781505,24.3795065750179,25.));
#5482=CARTESIAN_POINT('Ctrl Pts',(100.,25.7478822844291,25.));
#5483=CARTESIAN_POINT('Origin',(86.0578906961883,12.6690819924608,26.9999999999999));
#5484=CARTESIAN_POINT('Ctrl Pts',(102.465274719946,21.2449050243188,24.69135803462));
#5485=CARTESIAN_POINT('Ctrl Pts',(101.802389737748,22.8804600876825,24.8599818315129));
#5486=CARTESIAN_POINT('Ctrl Pts',(100.95084781505,24.3795065750179,25.));
#5487=CARTESIAN_POINT('Ctrl Pts',(100.,25.7478822844291,25.));
#5488=CARTESIAN_POINT('Origin',(-85.0018787382469,12.6690819924606,27.0000000000002));
#5489=CARTESIAN_POINT('',(-98.9120377254217,12.6690819924604,27.0000000000002));
#5490=CARTESIAN_POINT('Origin',(-85.9578976009583,12.6690819924607,27.0000000000002));
#5491=CARTESIAN_POINT('Origin',(85.0518752858619,12.6690819924608,26.9999999999999));
#5492=CARTESIAN_POINT('',(73.1037505717256,12.6690819924606,26.9999999999999));
#5493=CARTESIAN_POINT('Origin',(86.0578906961883,12.6690819924608,26.9999999999999));
#5494=CARTESIAN_POINT('Origin',(86.0578906961901,12.6690819924606,24.9999999999996));
#5495=CARTESIAN_POINT('',(73.1037505717256,12.6690819924606,21.9999999999999));
#5496=CARTESIAN_POINT('',(73.1037505717256,12.6690819924606,24.9999999999996));
#5497=CARTESIAN_POINT('Origin',(86.0578906961901,12.6690819924606,21.9999999999999));
#5498=CARTESIAN_POINT('Origin',(-85.9578976009572,12.6690819924604,24.9999999999998));
#5499=CARTESIAN_POINT('',(-98.9120377254217,12.6690819924604,22.0000000000001));
#5500=CARTESIAN_POINT('',(-98.9120377254217,12.6690819924604,24.9999999999998));
#5501=CARTESIAN_POINT('Origin',(-85.9578976009572,12.6690819924604,22.0000000000001));
#5502=CARTESIAN_POINT('Origin',(24.0000000000011,59.3892608279927,34.6585716291171));
#5503=CARTESIAN_POINT('',(24.0000000000012,27.0188057503849,23.8348182104291));
#5504=CARTESIAN_POINT('',(24.0000000000012,60.0868477404457,31.740803218229));
#5505=CARTESIAN_POINT('',(24.0000000000011,62.892217810737,32.4115176718915));
#5506=CARTESIAN_POINT('',(24.0000000000012,26.3212188379319,26.7525866213173));
#5507=CARTESIAN_POINT('',(24.0000000000012,59.3892608279927,34.6585716291171));
#5508=CARTESIAN_POINT('Origin',(-19.6999999999987,59.3892608279927,34.6585716291171));
#5509=CARTESIAN_POINT('',(-19.6999999999986,60.0868477404457,31.740803218229));
#5510=CARTESIAN_POINT('',(13.980948824767,60.0868477404457,31.740803218229));
#5511=CARTESIAN_POINT('',(-19.6999999999986,59.3892608279927,34.6585716291171));
#5512=CARTESIAN_POINT('Origin',(-19.6999999999987,26.3212188379319,26.7525866213173));
#5513=CARTESIAN_POINT('',(-19.6999999999987,27.0188057503849,23.8348182104291));
#5514=CARTESIAN_POINT('',(-19.6999999999987,46.3581968157067,28.4585251679916));
#5515=CARTESIAN_POINT('',(-19.6999999999987,26.3212188379319,26.7525866213173));
#5516=CARTESIAN_POINT('Origin',(24.0000000000013,26.3212188379319,26.7525866213173));
#5517=CARTESIAN_POINT('',(35.830948824767,27.0188057503849,23.8348182104291));
#5518=CARTESIAN_POINT('Origin',(100.,-22.5,15.));
#5519=CARTESIAN_POINT('',(100.,29.6344337383199,22.));
#5520=CARTESIAN_POINT('',(100.,-22.5,22.));
#5521=CARTESIAN_POINT('',(107.,29.6344337383199,15.));
#5522=CARTESIAN_POINT('Origin',(100.,29.6344337383199,15.));
#5523=CARTESIAN_POINT('',(107.,-45.,15.));
#5524=CARTESIAN_POINT('',(107.,-22.5,15.));
#5525=CARTESIAN_POINT('',(100.,-45.,22.));
#5526=CARTESIAN_POINT('Origin',(100.,-45.,15.));
#5527=CARTESIAN_POINT('',(100.,-22.5,22.));
#5528=CARTESIAN_POINT('Origin',(0.,-8.88178419700125E-15,22.));
#5529=CARTESIAN_POINT('',(90.,-55.,22.));
#5530=CARTESIAN_POINT('Origin',(90.,-45.,22.));
#5531=CARTESIAN_POINT('',(69.990736723778,-55.0000000000001,22.));
#5532=CARTESIAN_POINT('',(34.995368361889,-55.,22.));
#5533=CARTESIAN_POINT('',(51.0538825924539,-54.0555126381245,22.));
#5534=CARTESIAN_POINT('Origin',(69.9907367237777,135.313028675113,22.));
#5535=CARTESIAN_POINT('',(45.3342540243954,-53.4835497813186,22.));
#5536=CARTESIAN_POINT('',(20.2438535280947,-50.9745097316885,22.));
#5537=CARTESIAN_POINT('',(-45.3342540243944,-53.4835497813186,22.));
#5538=CARTESIAN_POINT('Origin',(0.,-506.826090025248,22.));
#5539=CARTESIAN_POINT('',(-51.0538825924536,-54.0555126381245,22.));
#5540=CARTESIAN_POINT('',(-23.1036678121238,-51.2604911600915,22.));
#5541=CARTESIAN_POINT('',(-69.9907367237777,-55.,22.));
#5542=CARTESIAN_POINT('Origin',(-69.9907367237777,135.313028675113,22.));
#5543=CARTESIAN_POINT('',(-90.,-55.,22.));
#5544=CARTESIAN_POINT('',(-45.,-55.,22.));
#5545=CARTESIAN_POINT('',(-100.,-45.,22.));
#5546=CARTESIAN_POINT('Origin',(-90.,-45.,22.));
#5547=CARTESIAN_POINT('',(-100.,14.81721686916,22.));
#5548=CARTESIAN_POINT('',(-100.,29.6344337383199,22.));
#5549=CARTESIAN_POINT('',(-100.,14.81721686916,22.));
#5550=CARTESIAN_POINT('',(-92.5766265056033,39.2967831343324,22.));
#5551=CARTESIAN_POINT('Origin',(-89.9999999999999,29.6344337383199,22.));
#5552=CARTESIAN_POINT('',(-60.4292249058473,47.8694235609314,22.));
#5553=CARTESIAN_POINT('',(-30.5074343523581,55.8485677085312,22.));
#5554=CARTESIAN_POINT('',(-55.9306181542647,27.9088638398982,22.));
#5555=CARTESIAN_POINT('Ctrl Pts',(-60.4289816017226,47.8709391294667,22.));
#5556=CARTESIAN_POINT('Ctrl Pts',(-60.0843370573249,45.4731958363126,22.));
#5557=CARTESIAN_POINT('Ctrl Pts',(-58.9742896020934,38.7553186028287,22.));
#5558=CARTESIAN_POINT('Ctrl Pts',(-57.3895236680107,32.054138821416,22.));
#5559=CARTESIAN_POINT('Ctrl Pts',(-55.9306181542647,27.9088638398982,22.));
#5560=CARTESIAN_POINT('',(-44.168319108983,19.0840633390221,22.));
#5561=CARTESIAN_POINT('Ctrl Pts',(-55.9306181542647,27.9088638398982,22.));
#5562=CARTESIAN_POINT('Ctrl Pts',(-55.5636349000144,26.866132499077,22.));
#5563=CARTESIAN_POINT('Ctrl Pts',(-54.551644666459,24.8541000557227,22.));
#5564=CARTESIAN_POINT('Ctrl Pts',(-52.0800133311153,22.0601507256189,22.));
#5565=CARTESIAN_POINT('Ctrl Pts',(-48.5564002424511,19.9051124005585,22.));
#5566=CARTESIAN_POINT('Ctrl Pts',(-45.6384871670771,19.2218181242715,22.));
#5567=CARTESIAN_POINT('Ctrl Pts',(-44.168319108983,19.0840633390221,22.));
#5568=CARTESIAN_POINT('',(-14.1275271837025,17.222545103661,22.));
#5569=CARTESIAN_POINT('Ctrl Pts',(-44.168319108983,19.0840633390221,22.));
#5570=CARTESIAN_POINT('Ctrl Pts',(-38.4719508096363,18.5503134813389,22.));
#5571=CARTESIAN_POINT('Ctrl Pts',(-28.3687199097974,17.7059700292873,22.));
#5572=CARTESIAN_POINT('Ctrl Pts',(-18.3972662343715,17.222545103661,22.));
#5573=CARTESIAN_POINT('Ctrl Pts',(-14.1275271837025,17.222545103661,22.));
#5574=CARTESIAN_POINT('',(5.65353268728534,17.222545103661,22.));
#5575=CARTESIAN_POINT('Ctrl Pts',(-14.1275271837025,17.222545103661,22.));
#5576=CARTESIAN_POINT('Ctrl Pts',(-7.53384056003988,17.222545103661,22.));
#5577=CARTESIAN_POINT('Ctrl Pts',(-0.940153946029383,17.222545057481,22.0000000000053));
#5578=CARTESIAN_POINT('Ctrl Pts',(5.65353268728534,17.222545103661,22.));
#5579=CARTESIAN_POINT('',(14.1275271837026,17.222545103661,22.));
#5580=CARTESIAN_POINT('',(0.,17.222545103661,22.));
#5581=CARTESIAN_POINT('',(44.1683191089831,19.084063339022,22.));
#5582=CARTESIAN_POINT('Ctrl Pts',(14.1275271837026,17.222545103661,22.));
#5583=CARTESIAN_POINT('Ctrl Pts',(18.4275344740364,17.222545103661,22.));
#5584=CARTESIAN_POINT('Ctrl Pts',(28.4516440065711,17.7126615453077,22.));
#5585=CARTESIAN_POINT('Ctrl Pts',(38.4600619572856,18.5491994955646,22.));
#5586=CARTESIAN_POINT('Ctrl Pts',(44.1683191089831,19.084063339022,22.));
#5587=CARTESIAN_POINT('',(55.9306181542647,27.9088638398981,22.));
#5588=CARTESIAN_POINT('Ctrl Pts',(44.1683191089831,19.084063339022,22.));
#5589=CARTESIAN_POINT('Ctrl Pts',(44.9009225568322,19.152708301124,22.));
#5590=CARTESIAN_POINT('Ctrl Pts',(47.1083122191173,19.5138556130627,22.));
#5591=CARTESIAN_POINT('Ctrl Pts',(50.5741504835763,20.919989874041,22.));
#5592=CARTESIAN_POINT('Ctrl Pts',(53.974840667894,23.8846358628766,22.));
#5593=CARTESIAN_POINT('Ctrl Pts',(55.4408064648234,26.5171327628919,22.));
#5594=CARTESIAN_POINT('Ctrl Pts',(55.9306181542647,27.9088638398981,22.));
#5595=CARTESIAN_POINT('',(60.4292249058474,47.869423560934,22.));
#5596=CARTESIAN_POINT('Ctrl Pts',(55.9306181542648,27.9088638398981,22.));
#5597=CARTESIAN_POINT('Ctrl Pts',(57.0249803638235,31.0183402557864,22.));
#5598=CARTESIAN_POINT('Ctrl Pts',(58.7570230640809,37.6286365393896,22.));
#5599=CARTESIAN_POINT('Ctrl Pts',(59.9293965386656,44.374632125348,22.));
#5600=CARTESIAN_POINT('Ctrl Pts',(60.4294009789553,47.8675066844331,22.));
#5601=CARTESIAN_POINT('',(92.5766265056033,39.2967831343324,22.));
#5602=CARTESIAN_POINT('',(54.253112033195,49.5163869936413,22.));
#5603=CARTESIAN_POINT('Origin',(89.9999999999999,29.6344337383199,22.));
#5604=CARTESIAN_POINT('',(-100.,14.81721686916,22.));
#5605=CARTESIAN_POINT('',(100.,-22.5,22.));
#5606=CARTESIAN_POINT('Origin',(-100.,14.81721686916,15.));
#5607=CARTESIAN_POINT('',(-107.,-45.,15.));
#5608=CARTESIAN_POINT('Origin',(-100.,-45.,15.));
#5609=CARTESIAN_POINT('',(-107.,29.6344337383199,15.));
#5610=CARTESIAN_POINT('',(-107.,14.81721686916,15.));
#5611=CARTESIAN_POINT('Origin',(-100.,29.6344337383199,15.));
#5612=CARTESIAN_POINT('Origin',(44.6377279912484,-60.4488101127886,0.));
#5613=CARTESIAN_POINT('',(44.6377279912484,-60.4488101127885,9.));
#5614=CARTESIAN_POINT('',(50.3573565593069,-61.0207729695945,9.));
#5615=CARTESIAN_POINT('',(19.5475741047001,-57.9397947241336,9.));
#5616=CARTESIAN_POINT('',(44.6377279912484,-60.4488101127885,15.));
#5617=CARTESIAN_POINT('',(44.6377279912484,-60.4488101127885,0.));
#5618=CARTESIAN_POINT('',(50.3573565593069,-61.0207729695945,15.));
#5619=CARTESIAN_POINT('',(19.5473274949477,-57.9397700631584,15.));
#5620=CARTESIAN_POINT('',(50.3573565593069,-61.0207729695945,0.));
#5621=CARTESIAN_POINT('Origin',(69.9907367237777,135.313028675113,0.));
#5622=CARTESIAN_POINT('',(69.990736723778,-62.,9.));
#5623=CARTESIAN_POINT('Origin',(69.9907367237777,135.313028675113,9.));
#5624=CARTESIAN_POINT('',(69.990736723778,-62.,15.));
#5625=CARTESIAN_POINT('Origin',(69.9907367237777,135.313028675113,15.));
#5626=CARTESIAN_POINT('',(69.990736723778,-62.,0.));
#5627=CARTESIAN_POINT('Origin',(69.990736723778,-62.,0.));
#5628=CARTESIAN_POINT('',(90.,-62.,9.));
#5629=CARTESIAN_POINT('',(34.995368361889,-62.,9.));
#5630=CARTESIAN_POINT('',(90.,-62.,15.));
#5631=CARTESIAN_POINT('',(34.995368361889,-62.,15.));
#5632=CARTESIAN_POINT('',(90.,-62.,0.));
#5633=CARTESIAN_POINT('Origin',(90.,-45.,0.));
#5634=CARTESIAN_POINT('',(107.,-45.,9.));
#5635=CARTESIAN_POINT('Origin',(90.,-45.,9.));
#5636=CARTESIAN_POINT('Origin',(90.,-45.,15.));
#5637=CARTESIAN_POINT('',(107.,-45.,0.));
#5638=CARTESIAN_POINT('Origin',(107.,-45.,0.));
#5639=CARTESIAN_POINT('',(107.,29.6344337383199,9.));
#5640=CARTESIAN_POINT('',(107.,-22.5024907584995,9.));
#5641=CARTESIAN_POINT('',(107.,29.6344337383199,0.));
#5642=CARTESIAN_POINT('Origin',(89.9999999999999,29.6344337383199,0.));
#5643=CARTESIAN_POINT('',(94.3802650595256,46.0604277115412,9.));
#5644=CARTESIAN_POINT('Origin',(89.9999999999999,29.6344337383199,9.));
#5645=CARTESIAN_POINT('',(94.3802650595256,46.0604277115412,15.));
#5646=CARTESIAN_POINT('Origin',(89.9999999999999,29.6344337383199,15.));
#5647=CARTESIAN_POINT('',(94.3802650595256,46.0604277115412,0.));
#5648=CARTESIAN_POINT('Origin',(94.3802650595256,46.0604277115412,0.));
#5649=CARTESIAN_POINT('',(46.8889096978517,58.7247891413208,9.));
#5650=CARTESIAN_POINT('',(56.0573706929679,56.2798662092899,9.));
#5651=CARTESIAN_POINT('',(62.2328634597698,54.6330681381427,15.));
#5652=CARTESIAN_POINT('',(56.0567505871173,56.28003157085,15.));
#5653=CARTESIAN_POINT('',(46.8889096978518,58.7247891413209,20.5922063641375));
#5654=CARTESIAN_POINT('Ctrl Pts',(62.2328634597698,54.6330681381427,15.));
#5655=CARTESIAN_POINT('Ctrl Pts',(59.0742727368579,55.4753589975859,15.));
#5656=CARTESIAN_POINT('Ctrl Pts',(53.5484638509525,56.9489080338273,16.1204845601549));
#5657=CARTESIAN_POINT('Ctrl Pts',(48.7340662523048,58.2327473934667,19.0545942026241));
#5658=CARTESIAN_POINT('Ctrl Pts',(46.8889096978518,58.7247891413209,20.5922063641375));
#5659=CARTESIAN_POINT('',(46.8889096978517,58.7247891413208,0.));
#5660=CARTESIAN_POINT('Origin',(21.8956325934998,-34.9999999999971,0.));
#5661=CARTESIAN_POINT('',(21.8956325934996,62.,9.));
#5662=CARTESIAN_POINT('Origin',(21.8956325934998,-34.9999999999971,9.));
#5663=CARTESIAN_POINT('',(38.5663009799396,60.5567308751683,31.8531439797307));
#5664=CARTESIAN_POINT('Ctrl Pts',(46.8889096978518,58.7247891413208,20.5922063641375));
#5665=CARTESIAN_POINT('Ctrl Pts',(43.1190893613647,59.7300745643841,23.5069812112531));
#5666=CARTESIAN_POINT('Ctrl Pts',(40.1759604883935,60.275912353702,27.4594033555036));
#5667=CARTESIAN_POINT('Ctrl Pts',(38.5663009799396,60.5567308751683,31.8531439797307));
#5668=CARTESIAN_POINT('',(21.8956325934996,62.,32.1982041458745));
#5669=CARTESIAN_POINT('Origin',(21.8956325934998,-34.9999999999971,9.00721672705297));
#5670=CARTESIAN_POINT('',(21.8956325934996,62.,0.));
#5671=CARTESIAN_POINT('Origin',(21.8956325934995,62.,0.));
#5672=CARTESIAN_POINT('',(-21.8956325934995,62.,9.));
#5673=CARTESIAN_POINT('',(10.9478162967498,62.,9.));
#5674=CARTESIAN_POINT('',(-21.8956325934995,62.,32.1982041458745));
#5675=CARTESIAN_POINT('',(34.7787651215161,62.,32.1982041458745));
#5676=CARTESIAN_POINT('',(-21.8956325934995,62.,0.));
#5677=CARTESIAN_POINT('Origin',(-30.5074343523581,55.8485677085312,15.));
#5678=CARTESIAN_POINT('',(-62.2328634597703,54.6330681381426,15.));
#5679=CARTESIAN_POINT('Origin',(-60.429224905848,47.8694235609339,15.));
#5680=CARTESIAN_POINT('',(-94.3802650595256,46.0604277115412,15.));
#5681=CARTESIAN_POINT('Origin',(-92.5766265056033,39.2967831343324,15.));
#5682=CARTESIAN_POINT('',(-32.3110729062804,62.6122122857399,15.));
#5683=CARTESIAN_POINT('Origin',(-89.9999999999999,29.6344337383199,15.));
#5684=CARTESIAN_POINT('Origin',(-89.9999999999999,29.6344337383199,15.));
#5685=CARTESIAN_POINT('Origin',(-100.,14.81721686916,15.));
#5686=CARTESIAN_POINT('Origin',(-90.,-45.,15.));
#5687=CARTESIAN_POINT('',(-90.,-62.,15.));
#5688=CARTESIAN_POINT('Origin',(-90.,-55.,15.));
#5689=CARTESIAN_POINT('Origin',(-90.,-45.,15.));
#5690=CARTESIAN_POINT('Origin',(-45.,-55.,15.));
#5691=CARTESIAN_POINT('',(-69.9907367237777,-62.,15.));
#5692=CARTESIAN_POINT('Origin',(-69.9907367237777,-55.,15.));
#5693=CARTESIAN_POINT('',(-45.,-62.,15.));
#5694=CARTESIAN_POINT('Origin',(-69.9907367237777,135.313028675113,15.));
#5695=CARTESIAN_POINT('',(-50.3573565593066,-61.0207729695944,15.));
#5696=CARTESIAN_POINT('Origin',(-51.0538825924536,-54.0555126381245,15.));
#5697=CARTESIAN_POINT('Origin',(-69.9907367237777,135.313028675113,15.));
#5698=CARTESIAN_POINT('Origin',(-23.1036678121238,-51.2604911600915,15.));
#5699=CARTESIAN_POINT('',(-44.6377279912474,-60.4488101127884,15.));
#5700=CARTESIAN_POINT('Origin',(-45.3342540243944,-53.4835497813186,15.));
#5701=CARTESIAN_POINT('',(-22.4071417789768,-58.2257514915614,15.));
#5702=CARTESIAN_POINT('Origin',(0.,-506.826090025248,15.));
#5703=CARTESIAN_POINT('Origin',(45.3342540243954,-53.4835497813186,15.));
#5704=CARTESIAN_POINT('Origin',(0.,-506.826090025248,15.));
#5705=CARTESIAN_POINT('Origin',(20.2438535280947,-50.9745097316885,15.));
#5706=CARTESIAN_POINT('Origin',(51.0538825924539,-54.0555126381245,15.));
#5707=CARTESIAN_POINT('Origin',(69.9907367237777,135.313028675113,15.));
#5708=CARTESIAN_POINT('Origin',(69.990736723778,-55.0000000000001,15.));
#5709=CARTESIAN_POINT('Origin',(34.995368361889,-55.,15.));
#5710=CARTESIAN_POINT('Origin',(90.,-55.,15.));
#5711=CARTESIAN_POINT('Origin',(90.,-45.,15.));
#5712=CARTESIAN_POINT('Origin',(100.,-22.5,15.));
#5713=CARTESIAN_POINT('Origin',(89.9999999999999,29.6344337383199,15.));
#5714=CARTESIAN_POINT('Origin',(92.5766265056033,39.2967831343324,15.));
#5715=CARTESIAN_POINT('Origin',(54.253112033195,49.5163869936413,15.));
#5716=CARTESIAN_POINT('Origin',(60.4292249058474,47.869423560934,15.));
#5717=CARTESIAN_POINT('Ctrl Pts',(-60.4292249058476,47.8694235609339,22.));
#5718=CARTESIAN_POINT('Ctrl Pts',(-58.7350744826919,48.4043747723526,22.));
#5719=CARTESIAN_POINT('Ctrl Pts',(-54.7823079080709,49.6607248625379,22.6005742478174));
#5720=CARTESIAN_POINT('Ctrl Pts',(-51.218026737032,50.812098679881,24.5502809071538));
#5721=CARTESIAN_POINT('Ctrl Pts',(-49.4598174471645,51.3840758836466,26.026388582179));
#5722=CARTESIAN_POINT('Ctrl Pts',(-60.6990486025492,48.881262423565,22.));
#5723=CARTESIAN_POINT('Ctrl Pts',(-59.0030326326325,49.4087770012558,21.987942186114));
#5724=CARTESIAN_POINT('Ctrl Pts',(-55.0372617622698,50.6488240203775,22.5598700712217));
#5725=CARTESIAN_POINT('Ctrl Pts',(-51.4427138380419,51.7873958725591,24.4912915751815));
#5726=CARTESIAN_POINT('Ctrl Pts',(-49.6658438290686,52.3533172409173,25.9634622572024));
#5727=CARTESIAN_POINT('Ctrl Pts',(-61.2372863012179,50.8996537935727,21.5204671394884));
#5728=CARTESIAN_POINT('Ctrl Pts',(-59.4911431174957,51.4190953854933,21.4915169087526));
#5729=CARTESIAN_POINT('Ctrl Pts',(-55.3965444132551,52.6411492569244,22.0393812899824));
#5730=CARTESIAN_POINT('Ctrl Pts',(-51.6601572761731,53.7646362424839,23.997410576729));
#5731=CARTESIAN_POINT('Ctrl Pts',(-49.8079866226435,54.3230817047039,25.5037035091357));
#5732=CARTESIAN_POINT('Ctrl Pts',(-61.9964465491586,53.7465047233503,19.1793405071291));
#5733=CARTESIAN_POINT('Ctrl Pts',(-60.0216323222693,54.2875393793706,19.1490611021828));
#5734=CARTESIAN_POINT('Ctrl Pts',(-55.3923085892746,55.5566402323448,19.7719363772928));
#5735=CARTESIAN_POINT('Ctrl Pts',(-51.1712530589798,56.7155773454326,21.9818310978299));
#5736=CARTESIAN_POINT('Ctrl Pts',(-49.079490174608,57.2902609559895,23.6799887056397));
#5737=CARTESIAN_POINT('Ctrl Pts',(-62.23286345977,54.6330681381427,16.5707963267949));
#5738=CARTESIAN_POINT('Ctrl Pts',(-60.0108259847715,55.2253966881603,16.5592431009632));
#5739=CARTESIAN_POINT('Ctrl Pts',(-54.8171979876015,56.610419807387,17.3137722019963));
#5740=CARTESIAN_POINT('Ctrl Pts',(-50.1148074319164,57.8647783683964,19.8345847561772));
#5741=CARTESIAN_POINT('Ctrl Pts',(-47.7914178340375,58.4841203050047,21.7522439616873));
#5742=CARTESIAN_POINT('Ctrl Pts',(-62.23286345977,54.6330681381427,15.));
#5743=CARTESIAN_POINT('Ctrl Pts',(-59.8639204176304,55.2647862827132,15.));
#5744=CARTESIAN_POINT('Ctrl Pts',(-54.3358024058323,56.7389510858594,15.8341308997464));
#5745=CARTESIAN_POINT('Ctrl Pts',(-49.3491184370764,58.0687334775276,18.5420568154913));
#5746=CARTESIAN_POINT('Ctrl Pts',(-46.8889096978518,58.7247891413208,20.5922063641375));
#5747=CARTESIAN_POINT('',(-49.4598174471645,51.3840758836466,26.026388582179));
#5748=CARTESIAN_POINT('',(-46.8889096978518,58.7247891413209,20.5922063641375));
#5749=CARTESIAN_POINT('Ctrl Pts',(-49.4598174471645,51.3840758836466,26.026388582179));
#5750=CARTESIAN_POINT('Ctrl Pts',(-49.6658438290686,52.3533172409173,25.9634622572024));
#5751=CARTESIAN_POINT('Ctrl Pts',(-49.8079866226435,54.3230817047039,25.5037035091357));
#5752=CARTESIAN_POINT('Ctrl Pts',(-49.079490174608,57.2902609559895,23.6799887056397));
#5753=CARTESIAN_POINT('Ctrl Pts',(-47.7914178340375,58.4841203050047,21.7522439616873));
#5754=CARTESIAN_POINT('Ctrl Pts',(-46.8889096978518,58.7247891413208,20.5922063641375));
#5755=CARTESIAN_POINT('Ctrl Pts',(-60.4292249058476,47.8694235609339,22.));
#5756=CARTESIAN_POINT('Ctrl Pts',(-58.7350744826919,48.4043747723526,22.));
#5757=CARTESIAN_POINT('Ctrl Pts',(-54.7823079080709,49.6607248625379,22.6005742478174));
#5758=CARTESIAN_POINT('Ctrl Pts',(-51.218026737032,50.812098679881,24.5502809071538));
#5759=CARTESIAN_POINT('Ctrl Pts',(-49.4598174471645,51.3840758836466,26.026388582179));
#5760=CARTESIAN_POINT('Ctrl Pts',(-46.8889096978518,58.7247891413208,20.5922063641375));
#5761=CARTESIAN_POINT('Ctrl Pts',(-49.3491184370764,58.0687334775276,18.5420568154913));
#5762=CARTESIAN_POINT('Ctrl Pts',(-54.3358024058323,56.7389510858594,15.8341308997464));
#5763=CARTESIAN_POINT('Ctrl Pts',(-59.8639204176304,55.2647862827132,15.));
#5764=CARTESIAN_POINT('Ctrl Pts',(-62.23286345977,54.6330681381427,15.));
#5765=CARTESIAN_POINT('Ctrl Pts',(62.2328634597698,54.6330681381427,15.));
#5766=CARTESIAN_POINT('Ctrl Pts',(59.0742727368579,55.4753589975859,15.));
#5767=CARTESIAN_POINT('Ctrl Pts',(53.5484638509525,56.9489080338273,16.1204845601549));
#5768=CARTESIAN_POINT('Ctrl Pts',(48.7340662523048,58.2327473934667,19.0545942026241));
#5769=CARTESIAN_POINT('Ctrl Pts',(46.8889096978518,58.7247891413209,20.5922063641375));
#5770=CARTESIAN_POINT('Ctrl Pts',(62.2328634597698,54.6330681381427,16.0471975511966));
#5771=CARTESIAN_POINT('Ctrl Pts',(59.2048372962666,55.44050743525,16.0369579478699));
#5772=CARTESIAN_POINT('Ctrl Pts',(53.899847910867,56.8552202260322,17.0924608553562));
#5773=CARTESIAN_POINT('Ctrl Pts',(49.2673200783452,58.0905689687184,19.8941661280221));
#5774=CARTESIAN_POINT('Ctrl Pts',(47.4905817886423,58.5643432504434,21.3655647625041));
#5775=CARTESIAN_POINT('Ctrl Pts',(62.1093057518995,54.1697267336295,18.1361215667581));
#5776=CARTESIAN_POINT('Ctrl Pts',(59.3442893589371,54.9168548326552,18.1055980855788));
#5777=CARTESIAN_POINT('Ctrl Pts',(54.4842275956354,56.2307713953209,19.0318822045458));
#5778=CARTESIAN_POINT('Ctrl Pts',(50.2188725928076,57.3848084289544,21.5696369494807));
#5779=CARTESIAN_POINT('Ctrl Pts',(48.5803992101533,57.8282122159912,22.9089259680788));
#5780=CARTESIAN_POINT('Ctrl Pts',(61.5060848585085,51.9076483834129,21.08245564463));
#5781=CARTESIAN_POINT('Ctrl Pts',(59.1188671854388,52.5988213343461,21.0370476551053));
#5782=CARTESIAN_POINT('Ctrl Pts',(54.9106779110386,53.8208193565152,21.8040479673811));
#5783=CARTESIAN_POINT('Ctrl Pts',(51.1977866723361,54.904151920577,23.9816461045887));
#5784=CARTESIAN_POINT('Ctrl Pts',(49.7689329075174,55.321695023887,25.1372784277372));
#5785=CARTESIAN_POINT('Ctrl Pts',(60.8339604508998,49.3871818548805,22.));
#5786=CARTESIAN_POINT('Ctrl Pts',(58.5720480207343,50.0854334713053,21.9756469202455));
#5787=CARTESIAN_POINT('Ctrl Pts',(54.5960305687795,51.3205803088123,22.7400677671951));
#5788=CARTESIAN_POINT('Ctrl Pts',(51.1082764085216,52.4158172443624,24.8297164450572));
#5789=CARTESIAN_POINT('Ctrl Pts',(49.7688570200207,52.8379379195527,25.9319990947141));
#5790=CARTESIAN_POINT('Ctrl Pts',(60.4292249058474,47.869423560934,22.));
#5791=CARTESIAN_POINT('Ctrl Pts',(58.1703576749313,48.5826918428388,22.));
#5792=CARTESIAN_POINT('Ctrl Pts',(54.2194873355338,49.841520922492,22.8067488833115));
#5793=CARTESIAN_POINT('Ctrl Pts',(50.7784744145897,50.9550929808144,24.9193078258895));
#5794=CARTESIAN_POINT('Ctrl Pts',(49.4598174471645,51.3840758836465,26.026388582179));
#5795=CARTESIAN_POINT('',(49.4598174471645,51.3840758836466,26.026388582179));
#5796=CARTESIAN_POINT('Ctrl Pts',(46.8889096978518,58.7247891413209,20.5922063641375));
#5797=CARTESIAN_POINT('Ctrl Pts',(47.4905817886423,58.5643432504434,21.3655647625041));
#5798=CARTESIAN_POINT('Ctrl Pts',(48.5803992101533,57.8282122159912,22.9089259680788));
#5799=CARTESIAN_POINT('Ctrl Pts',(49.7689329075174,55.321695023887,25.1372784277372));
#5800=CARTESIAN_POINT('Ctrl Pts',(49.7688570200207,52.8379379195527,25.9319990947141));
#5801=CARTESIAN_POINT('Ctrl Pts',(49.4598174471645,51.3840758836465,26.026388582179));
#5802=CARTESIAN_POINT('Ctrl Pts',(49.4598174471645,51.3840758836465,26.026388582179));
#5803=CARTESIAN_POINT('Ctrl Pts',(50.7784744145897,50.9550929808144,24.9193078258895));
#5804=CARTESIAN_POINT('Ctrl Pts',(54.2194873355338,49.841520922492,22.8067488833115));
#5805=CARTESIAN_POINT('Ctrl Pts',(58.1703576749313,48.5826918428388,22.));
#5806=CARTESIAN_POINT('Ctrl Pts',(60.4292249058474,47.869423560934,22.));
#5807=CARTESIAN_POINT('Ctrl Pts',(43.9277873299195,52.8221268876792,34.1342636654061));
#5808=CARTESIAN_POINT('Ctrl Pts',(45.0003058533559,52.6126111941247,30.9707704159626));
#5809=CARTESIAN_POINT('Ctrl Pts',(46.9601050640091,52.1972774219247,28.1250264721025));
#5810=CARTESIAN_POINT('Ctrl Pts',(49.4598174471645,51.3840758836465,26.026388582179));
#5811=CARTESIAN_POINT('Ctrl Pts',(44.0617491350902,53.8316107960101,34.1199358797661));
#5812=CARTESIAN_POINT('Ctrl Pts',(45.1404949507166,53.6124819758961,30.9447726757019));
#5813=CARTESIAN_POINT('Ctrl Pts',(47.1196334305604,53.1806374763821,28.0750549112459));
#5814=CARTESIAN_POINT('Ctrl Pts',(49.6658438290686,52.3533172409173,25.9634622572024));
#5815=CARTESIAN_POINT('Ctrl Pts',(43.9043661228322,55.9008930971944,33.9437284916623));
#5816=CARTESIAN_POINT('Ctrl Pts',(45.0302110808276,55.6584596042828,30.667760967249));
#5817=CARTESIAN_POINT('Ctrl Pts',(47.1057933099709,55.1868683246815,27.6894667443177));
#5818=CARTESIAN_POINT('Ctrl Pts',(49.808297019831,54.323788773813,25.503849725386));
#5819=CARTESIAN_POINT('Ctrl Pts',(42.2034787993917,59.0431896409463,33.179229945426));
#5820=CARTESIAN_POINT('Ctrl Pts',(43.5154517102528,58.7638086716514,29.4904620049647));
#5821=CARTESIAN_POINT('Ctrl Pts',(45.9318677758541,58.2274219479436,26.1398921987247));
#5822=CARTESIAN_POINT('Ctrl Pts',(49.0795282672427,57.2903539329273,23.6800046643711));
#5823=CARTESIAN_POINT('Ctrl Pts',(39.9889161824747,60.3085437923143,32.3514300262106));
#5824=CARTESIAN_POINT('Ctrl Pts',(41.49096834465,60.0215662931436,28.2227979934819));
#5825=CARTESIAN_POINT('Ctrl Pts',(44.2439092830056,59.4691196659096,24.4960151268068));
#5826=CARTESIAN_POINT('Ctrl Pts',(47.7914178340375,58.4841203050046,21.7522439616873));
#5827=CARTESIAN_POINT('Ctrl Pts',(38.5663009799396,60.5567308751683,31.8531439797307));
#5828=CARTESIAN_POINT('Ctrl Pts',(40.1759604883935,60.275912353702,27.4594033555036));
#5829=CARTESIAN_POINT('Ctrl Pts',(43.1190893613647,59.7300745643841,23.5069812112531));
#5830=CARTESIAN_POINT('Ctrl Pts',(46.8889096978518,58.7247891413208,20.5922063641375));
#5831=CARTESIAN_POINT('',(46.0082471664168,52.3654872770607,29.8947622557284));
#5832=CARTESIAN_POINT('Ctrl Pts',(38.5663009799396,60.5567308751683,31.8531439797307));
#5833=CARTESIAN_POINT('Ctrl Pts',(39.5824182029618,60.3794607539365,31.8107618235326));
#5834=CARTESIAN_POINT('Ctrl Pts',(40.554091561546,60.009156640183,31.722228647727));
#5835=CARTESIAN_POINT('Ctrl Pts',(42.4575807862816,58.8944615299094,31.4557247273334));
#5836=CARTESIAN_POINT('Ctrl Pts',(43.3575180411142,58.1050971982989,31.2670016523509));
#5837=CARTESIAN_POINT('Ctrl Pts',(44.6468230596873,56.4938943025443,30.8817914865301));
#5838=CARTESIAN_POINT('Ctrl Pts',(45.1124085549488,55.7140846938211,30.6953527769943));
#5839=CARTESIAN_POINT('Ctrl Pts',(45.7729457928904,54.0860581356502,30.3061203705196));
#5840=CARTESIAN_POINT('Ctrl Pts',(45.9783363211134,53.2282480036161,30.1010331129964));
#5841=CARTESIAN_POINT('Ctrl Pts',(46.0082471664169,52.3654872770607,29.8947622557284));
#5842=CARTESIAN_POINT('Ctrl Pts',(46.0126275796884,52.3653426084576,29.8976920508273));
#5843=CARTESIAN_POINT('Ctrl Pts',(46.978422874744,52.1297772923276,28.4420744503982));
#5844=CARTESIAN_POINT('Ctrl Pts',(48.1443605390414,51.8120177494519,27.1307827231017));
#5845=CARTESIAN_POINT('Ctrl Pts',(49.4598174471645,51.3840758836465,26.026388582179));
#5846=CARTESIAN_POINT('Ctrl Pts',(-40.2290176336443,60.2517033599389,28.2546787478076));
#5847=CARTESIAN_POINT('Ctrl Pts',(-41.8911459114458,59.9317884751845,25.3095479801888));
#5848=CARTESIAN_POINT('Ctrl Pts',(-44.1816025638832,59.4467377103791,22.685460162238));
#5849=CARTESIAN_POINT('Ctrl Pts',(-46.8889096978518,58.7247891413208,20.5922063641375));
#5850=CARTESIAN_POINT('Ctrl Pts',(-41.1044962754396,60.0831973231092,28.7300952506453));
#5851=CARTESIAN_POINT('Ctrl Pts',(-42.6947199177861,59.7612419374319,25.9011104460741));
#5852=CARTESIAN_POINT('Ctrl Pts',(-44.8897572562564,59.2765341888852,23.3769607898168));
#5853=CARTESIAN_POINT('Ctrl Pts',(-47.4905817886423,58.5643432504434,21.365564762504));
#5854=CARTESIAN_POINT('Ctrl Pts',(-42.7678716099855,59.3091341863842,29.6791157366261));
#5855=CARTESIAN_POINT('Ctrl Pts',(-44.2082618227658,58.9910432351324,27.0819652360967));
#5856=CARTESIAN_POINT('Ctrl Pts',(-46.2041312042229,58.5158186769279,24.7575012777065));
#5857=CARTESIAN_POINT('Ctrl Pts',(-48.580917352665,57.8283340165155,22.9095087698614));
#5858=CARTESIAN_POINT('Ctrl Pts',(-44.8576153476396,56.6793206944495,31.038432542653));
#5859=CARTESIAN_POINT('Ctrl Pts',(-46.0688921375835,56.3907192974779,28.7772463893894));
#5860=CARTESIAN_POINT('Ctrl Pts',(-47.7534858518373,55.9565413760227,26.7476109732921));
#5861=CARTESIAN_POINT('Ctrl Pts',(-49.7690038980984,55.3217084992944,25.1373593052665));
#5862=CARTESIAN_POINT('Ctrl Pts',(-45.248661520144,54.0915442987408,31.5040108682064));
#5863=CARTESIAN_POINT('Ctrl Pts',(-46.3698188132858,53.8332964348398,29.3667279638676));
#5864=CARTESIAN_POINT('Ctrl Pts',(-47.9240319860077,53.4371036390043,27.4527874692222));
#5865=CARTESIAN_POINT('Ctrl Pts',(-49.7688570200206,52.8379379195528,25.931999094714));
#5866=CARTESIAN_POINT('Ctrl Pts',(-45.0351253088455,52.5916013930454,31.5433686984215));
#5867=CARTESIAN_POINT('Ctrl Pts',(-46.1415399568112,52.3470503892934,29.4228745457375));
#5868=CARTESIAN_POINT('Ctrl Pts',(-47.6646419311632,51.9680788677214,27.5335313168113));
#5869=CARTESIAN_POINT('Ctrl Pts',(-49.4598174471645,51.3840758836466,26.026388582179));
#5870=CARTESIAN_POINT('',(-40.2290176336443,60.2517033599389,28.2546787478076));
#5871=CARTESIAN_POINT('Ctrl Pts',(-40.2290176336443,60.2517033599389,28.2546787478076));
#5872=CARTESIAN_POINT('Ctrl Pts',(-41.8911459114458,59.9317884751845,25.3095479801888));
#5873=CARTESIAN_POINT('Ctrl Pts',(-44.1816025638832,59.4467377103791,22.685460162238));
#5874=CARTESIAN_POINT('Ctrl Pts',(-46.8889096978518,58.7247891413208,20.5922063641375));
#5875=CARTESIAN_POINT('',(-44.559479328969,56.5504287159598,30.8953078666355));
#5876=CARTESIAN_POINT('Ctrl Pts',(-44.5582720234654,56.5497546179995,30.8947436159186));
#5877=CARTESIAN_POINT('Ctrl Pts',(-44.5036935841613,56.6826364041014,30.8527716621141));
#5878=CARTESIAN_POINT('Ctrl Pts',(-44.0505094200676,57.695013680869,30.5134338876389));
#5879=CARTESIAN_POINT('Ctrl Pts',(-42.7678716099855,59.3091341863842,29.6791157366261));
#5880=CARTESIAN_POINT('Ctrl Pts',(-41.1044962754396,60.0831973231092,28.7300952506453));
#5881=CARTESIAN_POINT('Ctrl Pts',(-40.2290176336443,60.2517033599389,28.2546787478076));
#5882=CARTESIAN_POINT('',(-46.0082471664168,52.3654872770607,29.8947622557284));
#5883=CARTESIAN_POINT('Ctrl Pts',(-44.5594793289695,56.5504287159587,30.8953078666355));
#5884=CARTESIAN_POINT('Ctrl Pts',(-44.9752981135836,55.9324222226935,30.7475534252947));
#5885=CARTESIAN_POINT('Ctrl Pts',(-45.3201535361972,55.2640642724585,30.5877608395713));
#5886=CARTESIAN_POINT('Ctrl Pts',(-45.8240078240196,53.859286330836,30.2519032357526));
#5887=CARTESIAN_POINT('Ctrl Pts',(-45.9822837501262,53.1143867372867,30.073810894492));
#5888=CARTESIAN_POINT('Ctrl Pts',(-46.0082471664168,52.3654872770607,29.8947622557284));
#5889=CARTESIAN_POINT('Ctrl Pts',(-49.4598174471645,51.3840758836466,26.026388582179));
#5890=CARTESIAN_POINT('Ctrl Pts',(-48.1445264217352,51.8119637848188,27.1306434559968));
#5891=CARTESIAN_POINT('Ctrl Pts',(-46.9752903162026,52.129786393899,28.4400717628511));
#5892=CARTESIAN_POINT('Ctrl Pts',(-46.0089884660189,52.3653163303266,29.8952628510668));
#5893=CARTESIAN_POINT('Ctrl Pts',(-44.5594793289695,56.5504287159587,30.8953078666355));
#5894=CARTESIAN_POINT('Ctrl Pts',(-44.2118828706059,56.7527468852587,31.3964257470967));
#5895=CARTESIAN_POINT('Ctrl Pts',(-43.9448306202922,56.927137202921,31.9730126765928));
#5896=CARTESIAN_POINT('Ctrl Pts',(-43.7938946932304,57.0616537974827,32.5738046041228));
#5897=CARTESIAN_POINT('Ctrl Pts',(-44.218696100901,57.3754387473842,30.6337114498195));
#5898=CARTESIAN_POINT('Ctrl Pts',(-43.8292407909932,57.5577846369921,31.1899286861191));
#5899=CARTESIAN_POINT('Ctrl Pts',(-43.5319334915063,57.7101513745013,31.8301142976446));
#5900=CARTESIAN_POINT('Ctrl Pts',(-43.3657580973742,57.8223203172308,32.4967745575615));
#5901=CARTESIAN_POINT('Ctrl Pts',(-43.0698747177857,59.1026286885711,29.8580687690135));
#5902=CARTESIAN_POINT('Ctrl Pts',(-42.5821071922072,59.2403864372601,30.5874354812948));
#5903=CARTESIAN_POINT('Ctrl Pts',(-42.2211914066255,59.3431666365836,31.4181287736315));
#5904=CARTESIAN_POINT('Ctrl Pts',(-42.0322483296919,59.4052796446336,32.2760689153342));
#5905=CARTESIAN_POINT('Ctrl Pts',(-41.3036440109641,60.0448667527734,28.8382396592593));
#5906=CARTESIAN_POINT('Ctrl Pts',(-40.7259747131619,60.1631361676402,29.8069884952143));
#5907=CARTESIAN_POINT('Ctrl Pts',(-40.3202649406117,60.2415560235544,30.8916526002206));
#5908=CARTESIAN_POINT('Ctrl Pts',(-40.133135260693,60.277136858624,31.9955437242195));
#5909=CARTESIAN_POINT('Ctrl Pts',(-40.2290176336443,60.2517033599389,28.2546787478076));
#5910=CARTESIAN_POINT('Ctrl Pts',(-39.6048552810258,60.3718377862481,29.36063415043));
#5911=CARTESIAN_POINT('Ctrl Pts',(-39.1770781698391,60.4483433197877,30.5903580602981));
#5912=CARTESIAN_POINT('Ctrl Pts',(-38.9939702617443,60.4811334713968,31.8350699751971));
#5913=CARTESIAN_POINT('',(-43.8498276108925,57.5019538759895,31.1228007327692));
#5914=CARTESIAN_POINT('',(-38.9939702617443,60.4811334713968,31.8350699751971));
#5915=CARTESIAN_POINT('Ctrl Pts',(-43.8498276108925,57.5019538759895,31.1228007327692));
#5916=CARTESIAN_POINT('Ctrl Pts',(-43.4105064002326,58.0315552905471,31.2494190806249));
#5917=CARTESIAN_POINT('Ctrl Pts',(-42.9221299216917,58.5179777571817,31.365714104377));
#5918=CARTESIAN_POINT('Ctrl Pts',(-41.8782723874707,59.3312778473911,31.5601597967458));
#5919=CARTESIAN_POINT('Ctrl Pts',(-41.3424171646441,59.6617263377923,31.6391641965753));
#5920=CARTESIAN_POINT('Ctrl Pts',(-40.202530349233,60.1826464468477,31.7637069975579));
#5921=CARTESIAN_POINT('Ctrl Pts',(-39.6080501839348,60.3711667640153,31.8087788769767));
#5922=CARTESIAN_POINT('Ctrl Pts',(-38.9939702617443,60.4811334713968,31.8350699751971));
#5923=CARTESIAN_POINT('Ctrl Pts',(-44.5594793289695,56.5504287159587,30.8953078666355));
#5924=CARTESIAN_POINT('Ctrl Pts',(-44.3378329292327,56.8798484519461,30.9740663094479));
#5925=CARTESIAN_POINT('Ctrl Pts',(-44.1019381015356,57.1980348544861,31.0501390605628));
#5926=CARTESIAN_POINT('Ctrl Pts',(-43.8498276108925,57.5019538759895,31.1228007327692));
#5927=CARTESIAN_POINT('Ctrl Pts',(-38.9939702617443,60.4811334713968,31.8350699751971));
#5928=CARTESIAN_POINT('Ctrl Pts',(-39.1770781698391,60.4483433197877,30.5903580602981));
#5929=CARTESIAN_POINT('Ctrl Pts',(-39.6048552810258,60.3718377862481,29.36063415043));
#5930=CARTESIAN_POINT('Ctrl Pts',(-40.2290176336443,60.2517033599389,28.2546787478076));
#5931=CARTESIAN_POINT('Ctrl Pts',(46.8140091221659,31.1174015709042,24.8147201084549));
#5932=CARTESIAN_POINT('Ctrl Pts',(46.6737883682155,34.0513647753813,25.5188276067206));
#5933=CARTESIAN_POINT('Ctrl Pts',(46.3779721467421,41.0831285510791,27.2146737373448));
#5934=CARTESIAN_POINT('Ctrl Pts',(46.1036425281781,48.2693339353115,28.9712455393046));
#5935=CARTESIAN_POINT('Ctrl Pts',(45.9488728520205,52.3731385442453,29.9835751654459));
#5936=CARTESIAN_POINT('Ctrl Pts',(47.9738356822568,30.709207332633,24.0321601560973));
#5937=CARTESIAN_POINT('Ctrl Pts',(47.9531476700997,33.6787015973426,24.5461217728689));
#5938=CARTESIAN_POINT('Ctrl Pts',(47.8155805700432,40.7922195621952,25.7941233241596));
#5939=CARTESIAN_POINT('Ctrl Pts',(47.5363572313716,48.0520580774966,27.1152936537182));
#5940=CARTESIAN_POINT('Ctrl Pts',(47.3406192899013,52.1937912295396,27.8883590807414));
#5941=CARTESIAN_POINT('Ctrl Pts',(50.8902155857712,29.6828043218833,22.5558216608431));
#5942=CARTESIAN_POINT('Ctrl Pts',(51.2314192948183,32.72008702696,22.7001324536076));
#5943=CARTESIAN_POINT('Ctrl Pts',(51.6981631913879,39.9944437899101,23.0568178596689));
#5944=CARTESIAN_POINT('Ctrl Pts',(51.7155912908423,47.4129224505127,23.4533000482519));
#5945=CARTESIAN_POINT('Ctrl Pts',(51.6206682187011,51.6422430011437,23.6937267958286));
#5946=CARTESIAN_POINT('Ctrl Pts',(54.0975378527499,28.5540058319114,22.));
#5947=CARTESIAN_POINT('Ctrl Pts',(54.9177903606869,31.637288708779,21.9995130401862));
#5948=CARTESIAN_POINT('Ctrl Pts',(56.3302528993749,39.0269835467362,21.9999229298808));
#5949=CARTESIAN_POINT('Ctrl Pts',(57.1261302506988,46.5789219579174,22.0022809536944));
#5950=CARTESIAN_POINT('Ctrl Pts',(57.4471483259226,50.8914140189565,22.));
#5951=CARTESIAN_POINT('Ctrl Pts',(55.9306181542648,27.9088638398981,22.));
#5952=CARTESIAN_POINT('Ctrl Pts',(57.0249803638235,31.0183402557864,22.));
#5953=CARTESIAN_POINT('Ctrl Pts',(58.9784721699529,38.4737913391733,22.));
#5954=CARTESIAN_POINT('Ctrl Pts',(60.2200337598202,46.1018594421151,22.));
#5955=CARTESIAN_POINT('Ctrl Pts',(60.7818625638722,50.4616862843572,22.));
#5956=CARTESIAN_POINT('',(46.8140091221659,31.1174015709042,24.8147201084549));
#5957=CARTESIAN_POINT('Ctrl Pts',(55.9306181542648,27.9088638398981,22.));
#5958=CARTESIAN_POINT('Ctrl Pts',(54.0975378527499,28.5540058319114,22.));
#5959=CARTESIAN_POINT('Ctrl Pts',(50.8902155857712,29.6828043218833,22.5558216608431));
#5960=CARTESIAN_POINT('Ctrl Pts',(47.9738356822568,30.709207332633,24.0321601560973));
#5961=CARTESIAN_POINT('Ctrl Pts',(46.8140091221659,31.1174015709042,24.8147201084549));
#5962=CARTESIAN_POINT('Ctrl Pts',(46.0082505995951,52.3654868346444,29.8947637732636));
#5963=CARTESIAN_POINT('Ctrl Pts',(46.0250205828779,51.8818595567956,29.779133758595));
#5964=CARTESIAN_POINT('Ctrl Pts',(46.0427769344612,51.3702308953821,29.6567990427653));
#5965=CARTESIAN_POINT('Ctrl Pts',(46.0612885483774,50.8377900608055,29.5294878851025));
#5966=CARTESIAN_POINT('Ctrl Pts',(46.0821476706232,50.2378289495092,29.3860320517562));
#5967=CARTESIAN_POINT('Ctrl Pts',(46.1039658418316,49.6114434523359,29.2362579526645));
#5968=CARTESIAN_POINT('Ctrl Pts',(46.126424074566,48.9689886143552,29.0826482837101));
#5969=CARTESIAN_POINT('Ctrl Pts',(46.1502777450263,48.2866149756103,28.9194941092));
#5970=CARTESIAN_POINT('Ctrl Pts',(46.1748541661059,47.5861178271107,28.7520140340409));
#5971=CARTESIAN_POINT('Ctrl Pts',(46.1997774654495,46.8799324047498,28.5831817251927));
#5972=CARTESIAN_POINT('Ctrl Pts',(46.2197969207015,46.3126942045552,28.4475684259467));
#5973=CARTESIAN_POINT('Ctrl Pts',(46.2400405314609,45.741787896952,28.3110829422641));
#5974=CARTESIAN_POINT('Ctrl Pts',(46.2603107014895,45.1736323561782,28.1752574229102));
#5975=CARTESIAN_POINT('Ctrl Pts',(46.2788139940025,44.655000881998,28.0512713235442));
#5976=CARTESIAN_POINT('Ctrl Pts',(46.2973395669051,44.1386623533052,27.9278352875438));
#5977=CARTESIAN_POINT('Ctrl Pts',(46.3157315171289,43.6294585245235,27.8061038259932));
#5978=CARTESIAN_POINT('Ctrl Pts',(46.3329077665456,43.1539128721776,27.6924187670404));
#5979=CARTESIAN_POINT('Ctrl Pts',(46.3499675356784,42.6845901827532,27.5802204279869));
#5980=CARTESIAN_POINT('Ctrl Pts',(46.3667773170392,42.2253896357754,27.4704380442825));
#5981=CARTESIAN_POINT('Ctrl Pts',(46.3735145159362,42.0413464675613,27.4264383194476));
#5982=CARTESIAN_POINT('Ctrl Pts',(46.3802114772049,41.8589287033982,27.3828265426122));
#5983=CARTESIAN_POINT('Ctrl Pts',(46.386859258431,41.6783850671423,27.3396619754936));
#5984=CARTESIAN_POINT('Ctrl Pts',(46.4055936162089,41.169588378274,27.2180183148152));
#5985=CARTESIAN_POINT('Ctrl Pts',(46.4251513145639,40.6424822322488,27.0919985145958));
#5986=CARTESIAN_POINT('Ctrl Pts',(46.4453944068897,40.1022997327015,26.9628532654255));
#5987=CARTESIAN_POINT('Ctrl Pts',(46.4725034515731,39.3789007933609,26.7899051666831));
#5988=CARTESIAN_POINT('Ctrl Pts',(46.5008402189011,38.632049144829,26.6113514431854));
#5989=CARTESIAN_POINT('Ctrl Pts',(46.5301770790017,37.8746984361966,26.4302859345092));
#5990=CARTESIAN_POINT('Ctrl Pts',(46.5497744317677,37.3687796380075,26.3093321366202));
#5991=CARTESIAN_POINT('Ctrl Pts',(46.5698187787942,36.8581776561469,26.1872579355699));
#5992=CARTESIAN_POINT('Ctrl Pts',(46.5902393539564,36.346722477796,26.0649785159379));
#5993=CARTESIAN_POINT('Ctrl Pts',(46.6080611163095,35.9003573499596,25.9582609166524));
#5994=CARTESIAN_POINT('Ctrl Pts',(46.626169609908,35.4533428925673,25.8513871354306));
#5995=CARTESIAN_POINT('Ctrl Pts',(46.6445109838133,35.0081847561187,25.7449562952653));
#5996=CARTESIAN_POINT('Ctrl Pts',(46.6614558986669,34.5969196700084,25.6466287908091));
#5997=CARTESIAN_POINT('Ctrl Pts',(46.6785996755773,34.1872392875477,25.5486794192615));
#5998=CARTESIAN_POINT('Ctrl Pts',(46.6958918882202,33.7810771337254,25.4515708376074));
#5999=CARTESIAN_POINT('Ctrl Pts',(46.7125901614333,33.3888655207067,25.3577976657595));
#6000=CARTESIAN_POINT('Ctrl Pts',(46.7294269389641,32.9999349331956,25.2648086001834));
#6001=CARTESIAN_POINT('Ctrl Pts',(46.7463477275502,32.6159806744787,25.1730095852537));
#6002=CARTESIAN_POINT('Ctrl Pts',(46.7627114385534,32.2446672161186,25.0842328392384));
#6003=CARTESIAN_POINT('Ctrl Pts',(46.7791537654368,31.8780079514276,24.9965691130271));
#6004=CARTESIAN_POINT('Ctrl Pts',(46.7956158070439,31.5174893279878,24.9103745606478));
#6005=CARTESIAN_POINT('Ctrl Pts',(46.8017454176885,31.3832508875479,24.8782801790166));
#6006=CARTESIAN_POINT('Ctrl Pts',(46.8078776603634,31.2498633172763,24.8463893733373));
#6007=CARTESIAN_POINT('Ctrl Pts',(46.8140091221659,31.1174015709042,24.8147201084549));
#6008=CARTESIAN_POINT('Origin',(0.,-506.826090025248,0.));
#6009=CARTESIAN_POINT('',(-44.6377279912474,-60.4488101127884,9.));
#6010=CARTESIAN_POINT('Origin',(0.,-506.826090025248,9.));
#6011=CARTESIAN_POINT('',(-44.6377279912474,-60.4488101127884,0.));
#6012=CARTESIAN_POINT('Origin',(-50.3573565593066,-61.0207729695944,0.));
#6013=CARTESIAN_POINT('',(-50.3573565593066,-61.0207729695944,9.));
#6014=CARTESIAN_POINT('',(-22.4073883887292,-58.2257761525366,9.));
#6015=CARTESIAN_POINT('',(-50.3573565593066,-61.0207729695944,0.));
#6016=CARTESIAN_POINT('Origin',(-69.9907367237777,135.313028675113,0.));
#6017=CARTESIAN_POINT('',(-69.9907367237777,-62.,9.));
#6018=CARTESIAN_POINT('Origin',(-69.9907367237777,135.313028675113,9.));
#6019=CARTESIAN_POINT('',(-69.9907367237777,-62.,0.));
#6020=CARTESIAN_POINT('Origin',(-90.,-62.,0.));
#6021=CARTESIAN_POINT('',(-90.,-62.,9.));
#6022=CARTESIAN_POINT('',(-45.,-62.,9.));
#6023=CARTESIAN_POINT('',(-90.,-62.,0.));
#6024=CARTESIAN_POINT('Origin',(47.6618976495327,65.6975878810284,33.0822321255541));
#6025=CARTESIAN_POINT('',(43.4343052031851,26.9177207800111,23.8106505787321));
#6026=CARTESIAN_POINT('Ctrl Pts',(43.4343052031979,26.9177207798752,23.8106505786835));
#6027=CARTESIAN_POINT('Ctrl Pts',(43.8969782060468,27.0034140512351,23.8311383269102));
#6028=CARTESIAN_POINT('Ctrl Pts',(44.3410850183489,27.1654261727403,23.8698725647614));
#6029=CARTESIAN_POINT('Ctrl Pts',(45.1094217565807,27.6022604434385,23.9743119263683));
#6030=CARTESIAN_POINT('Ctrl Pts',(45.4368809564478,27.8600172952773,24.0359370388226));
#6031=CARTESIAN_POINT('Ctrl Pts',(46.0900029083185,28.5558731573791,24.2023038897846));
#6032=CARTESIAN_POINT('Ctrl Pts',(46.3765662469243,29.0180105063807,24.3127927706764));
#6033=CARTESIAN_POINT('Ctrl Pts',(46.7546112829769,30.0316204928391,24.5551290226717));
#6034=CARTESIAN_POINT('Ctrl Pts',(46.8391414847629,30.5744516598882,24.6849103707701));
#6035=CARTESIAN_POINT('Ctrl Pts',(46.8140091221659,31.1174015709042,24.8147201084549));
#6036=CARTESIAN_POINT('',(14.1275271837026,21.4080665783786,22.4933895346736));
#6037=CARTESIAN_POINT('Ctrl Pts',(14.1275271837026,21.4080665783786,22.4933895346736));
#6038=CARTESIAN_POINT('Ctrl Pts',(14.1719286627259,21.4166713430871,22.4954467819941));
#6039=CARTESIAN_POINT('Ctrl Pts',(14.2163328955354,21.4252739084333,22.497503503486));
#6040=CARTESIAN_POINT('Ctrl Pts',(18.7757089179801,22.3083008795225,22.7086196620119));
#6041=CARTESIAN_POINT('Ctrl Pts',(24.2730695639518,23.3450011707425,22.9564763982425));
#6042=CARTESIAN_POINT('Ctrl Pts',(33.5468366332244,25.0828861309446,23.3719740090405));
#6043=CARTESIAN_POINT('Ctrl Pts',(38.6333943930403,26.0285274396619,23.5980601501703));
#6044=CARTESIAN_POINT('Ctrl Pts',(43.4343052031979,26.9177207798752,23.8106505786835));
#6045=CARTESIAN_POINT('',(-14.1275271837025,21.4080665783786,22.4933895346735));
#6046=CARTESIAN_POINT('',(0.,21.4080665783786,22.4933895346735));
#6047=CARTESIAN_POINT('',(-43.4343052031851,26.9177207800112,23.8106505787321));
#6048=CARTESIAN_POINT('Ctrl Pts',(-43.4343052031979,26.9177207798752,23.8106505786835));
#6049=CARTESIAN_POINT('Ctrl Pts',(-38.6201799185393,26.0260799410132,23.5974749964551));
#6050=CARTESIAN_POINT('Ctrl Pts',(-33.5174168045768,25.07741765527,23.3706665930556));
#6051=CARTESIAN_POINT('Ctrl Pts',(-24.2418187207585,23.339103132723,22.9550662814851));
#6052=CARTESIAN_POINT('Ctrl Pts',(-18.7627995723322,22.3058044474772,22.7080228091856));
#6053=CARTESIAN_POINT('Ctrl Pts',(-14.2157178635785,21.4251547563213,22.4974750163197));
#6054=CARTESIAN_POINT('Ctrl Pts',(-14.171621223592,21.4166117630581,22.4954325374611));
#6055=CARTESIAN_POINT('Ctrl Pts',(-14.1275271837025,21.4080665783786,22.4933895346735));
#6056=CARTESIAN_POINT('',(-46.8140091221658,31.1174015709043,24.8147201084549));
#6057=CARTESIAN_POINT('Ctrl Pts',(-46.8140091221658,31.1174015709043,24.8147201084549));
#6058=CARTESIAN_POINT('Ctrl Pts',(-46.8359024644877,30.6444262101672,24.7016400503078));
#6059=CARTESIAN_POINT('Ctrl Pts',(-46.7746014223498,30.171036469841,24.58846092124));
#6060=CARTESIAN_POINT('Ctrl Pts',(-46.4857138042495,29.2539941154647,24.3692122851279));
#6061=CARTESIAN_POINT('Ctrl Pts',(-46.2560981392382,28.8185314929847,24.2651008604447));
#6062=CARTESIAN_POINT('Ctrl Pts',(-45.6508075069176,28.0483201198155,24.0809569195684));
#6063=CARTESIAN_POINT('Ctrl Pts',(-45.2807012997019,27.7196184282448,24.0023701485217));
#6064=CARTESIAN_POINT('Ctrl Pts',(-44.423307209468,27.196210709781,23.8772326040495));
#6065=CARTESIAN_POINT('Ctrl Pts',(-43.9400970330885,27.0114002387232,23.8330476833386));
#6066=CARTESIAN_POINT('Ctrl Pts',(-43.4343052031979,26.9177207798752,23.8106505786835));
#6067=CARTESIAN_POINT('Ctrl Pts',(-46.0082532176063,52.3654864972745,29.8947684814568));
#6068=CARTESIAN_POINT('Ctrl Pts',(-46.0228531562215,51.9445560296744,29.7941341512121));
#6069=CARTESIAN_POINT('Ctrl Pts',(-46.038205476898,51.5025470476214,29.6884499820253));
#6070=CARTESIAN_POINT('Ctrl Pts',(-46.0541533844817,51.0442490062986,29.5788684241092));
#6071=CARTESIAN_POINT('Ctrl Pts',(-46.0702868650219,50.5806181197718,29.4680117538582));
#6072=CARTESIAN_POINT('Ctrl Pts',(-46.0870299612552,50.1003168864901,29.3531664899421));
#6073=CARTESIAN_POINT('Ctrl Pts',(-46.1042256726337,49.6082522093542,29.2355108576744));
#6074=CARTESIAN_POINT('Ctrl Pts',(-46.1227933846076,49.0769269854943,29.108467791879));
#6075=CARTESIAN_POINT('Ctrl Pts',(-46.141888976244,48.5318863676104,28.9781480589256));
#6076=CARTESIAN_POINT('Ctrl Pts',(-46.1613191718826,47.9792462177853,28.8460167363203));
#6077=CARTESIAN_POINT('Ctrl Pts',(-46.1824937798938,47.3769909054109,28.7020228716051));
#6078=CARTESIAN_POINT('Ctrl Pts',(-46.2040661648293,46.7657094991949,28.5558773592955));
#6079=CARTESIAN_POINT('Ctrl Pts',(-46.2257868228734,46.1532512546435,28.4094561254009));
#6080=CARTESIAN_POINT('Ctrl Pts',(-46.2550184861899,45.3290049006069,28.212402417226));
#6081=CARTESIAN_POINT('Ctrl Pts',(-46.2845209730029,44.5026245105958,28.0148488641128));
#6082=CARTESIAN_POINT('Ctrl Pts',(-46.3136659319051,43.693144552777,27.8213349394187));
#6083=CARTESIAN_POINT('Ctrl Pts',(-46.3199495823573,43.5186207485029,27.779613355096));
#6084=CARTESIAN_POINT('Ctrl Pts',(-46.3262164702144,43.3448824033104,27.7380794856874));
#6085=CARTESIAN_POINT('Ctrl Pts',(-46.3324600289793,43.1721202397053,27.6967787744817));
#6086=CARTESIAN_POINT('Ctrl Pts',(-46.3482740694798,42.7345384125651,27.5921699857605));
#6087=CARTESIAN_POINT('Ctrl Pts',(-46.3639390496188,42.303223046161,27.4890579260268));
#6088=CARTESIAN_POINT('Ctrl Pts',(-46.3793570703039,41.8814977326395,27.3882345009416));
#6089=CARTESIAN_POINT('Ctrl Pts',(-46.3816085487373,41.8199135988784,27.3735113550985));
#6090=CARTESIAN_POINT('Ctrl Pts',(-46.3838547460673,41.7585338801494,27.3588369921042));
#6091=CARTESIAN_POINT('Ctrl Pts',(-46.3860953415258,41.6973688301208,27.3442138549488));
#6092=CARTESIAN_POINT('Ctrl Pts',(-46.4021791470267,41.2583039537102,27.2392436815433));
#6093=CARTESIAN_POINT('Ctrl Pts',(-46.4188651618132,40.8057878396521,27.1310591256331));
#6094=CARTESIAN_POINT('Ctrl Pts',(-46.4360878297358,40.3431698413427,27.0204596579446));
#6095=CARTESIAN_POINT('Ctrl Pts',(-46.4580556340284,39.7530927583464,26.8793881658861));
#6096=CARTESIAN_POINT('Ctrl Pts',(-46.4808969686304,39.1465817767,26.7343880013563));
#6097=CARTESIAN_POINT('Ctrl Pts',(-46.5044805980863,38.5306727495625,26.5871390695163));
#6098=CARTESIAN_POINT('Ctrl Pts',(-46.5268887493135,37.9454624600231,26.4472294623509));
#6099=CARTESIAN_POINT('Ctrl Pts',(-46.5499678631458,37.3517739946117,26.3052911600289));
#6100=CARTESIAN_POINT('Ctrl Pts',(-46.5735988654824,36.7556425611088,26.1627662149244));
#6101=CARTESIAN_POINT('Ctrl Pts',(-46.5926207634505,36.2757834699796,26.0480400207037));
#6102=CARTESIAN_POINT('Ctrl Pts',(-46.612000329143,35.7943428060225,25.9329340510158));
#6103=CARTESIAN_POINT('Ctrl Pts',(-46.6316666937966,35.314426555515,25.8181911507));
#6104=CARTESIAN_POINT('Ctrl Pts',(-46.6484350920015,34.905229078742,25.7203563613232));
#6105=CARTESIAN_POINT('Ctrl Pts',(-46.6654119588436,34.4971399099258,25.622785548691));
#6106=CARTESIAN_POINT('Ctrl Pts',(-46.6825462136593,34.0920438911897,25.5259299083724));
#6107=CARTESIAN_POINT('Ctrl Pts',(-46.6989548005075,33.7041044519347,25.4331762868702));
#6108=CARTESIAN_POINT('Ctrl Pts',(-46.7155077764939,33.3189104226706,25.3410786483753));
#6109=CARTESIAN_POINT('Ctrl Pts',(-46.7321529002518,32.9380728464588,25.2500229620142));
#6110=CARTESIAN_POINT('Ctrl Pts',(-46.7480787292307,32.5736926114013,25.1629021145138));
#6111=CARTESIAN_POINT('Ctrl Pts',(-46.7640889287246,32.2133006175589,25.0767351581152));
#6112=CARTESIAN_POINT('Ctrl Pts',(-46.7801303923292,31.8582624077147,24.9918494749922));
#6113=CARTESIAN_POINT('Ctrl Pts',(-46.7914149346127,31.608506912208,24.9321357166925));
#6114=CARTESIAN_POINT('Ctrl Pts',(-46.8027147968205,31.3613998387787,24.8730557863981));
#6115=CARTESIAN_POINT('Ctrl Pts',(-46.8140091221659,31.1174015709043,24.8147201084549));
#6116=CARTESIAN_POINT('Origin',(-21.8956325934998,-34.9999999999971,9.00721672705297));
#6117=CARTESIAN_POINT('Origin',(-90.,-45.,0.));
#6118=CARTESIAN_POINT('',(-107.,-45.,9.));
#6119=CARTESIAN_POINT('Origin',(-90.,-45.,9.));
#6120=CARTESIAN_POINT('',(-107.,-45.,0.));
#6121=CARTESIAN_POINT('Origin',(-107.,29.6344337383199,0.));
#6122=CARTESIAN_POINT('',(-107.,29.6344337383199,9.));
#6123=CARTESIAN_POINT('',(-107.,14.8147261106605,9.));
#6124=CARTESIAN_POINT('',(-107.,29.6344337383199,0.));
#6125=CARTESIAN_POINT('Origin',(-89.9999999999999,29.6344337383199,0.));
#6126=CARTESIAN_POINT('',(-94.3802650595256,46.0604277115412,9.));
#6127=CARTESIAN_POINT('Origin',(-89.9999999999999,29.6344337383199,9.));
#6128=CARTESIAN_POINT('',(-94.3802650595256,46.0604277115412,0.));
#6129=CARTESIAN_POINT('Ctrl Pts',(-45.9488728520205,52.3731385442453,29.9835751654459));
#6130=CARTESIAN_POINT('Ctrl Pts',(-46.0649724782264,49.2946919586585,29.2241816323574));
#6131=CARTESIAN_POINT('Ctrl Pts',(-46.3380255715028,42.156123423996,27.4751296589713));
#6132=CARTESIAN_POINT('Ctrl Pts',(-46.6270793933311,35.0286980856709,25.7533730539947));
#6133=CARTESIAN_POINT('Ctrl Pts',(-46.8140091221658,31.1174015709043,24.8147201084549));
#6134=CARTESIAN_POINT('Ctrl Pts',(-47.8045347691949,52.1340087913043,27.1899537191733));
#6135=CARTESIAN_POINT('Ctrl Pts',(-47.9625453662237,49.0175701586823,26.6713090927194));
#6136=CARTESIAN_POINT('Ctrl Pts',(-48.2611992762555,41.7839168099075,25.4929234256778));
#6137=CARTESIAN_POINT('Ctrl Pts',(-48.3857789112936,34.5476457154814,24.3713765383724));
#6138=CARTESIAN_POINT('Ctrl Pts',(-48.3604445356203,30.5731425865426,23.7713068386447));
#6139=CARTESIAN_POINT('Ctrl Pts',(-52.4425087792628,51.5363365704598,23.2513867135717));
#6140=CARTESIAN_POINT('Ctrl Pts',(-52.471656007172,48.3546706896673,23.1197229288246));
#6141=CARTESIAN_POINT('Ctrl Pts',(-52.389426396071,40.9686996715993,22.8267743416028));
#6142=CARTESIAN_POINT('Ctrl Pts',(-51.8932873614676,33.5797116771565,22.5573399205704));
#6143=CARTESIAN_POINT('Ctrl Pts',(-51.3477387078389,29.5217817097703,22.414563049529));
#6144=CARTESIAN_POINT('Ctrl Pts',(-58.2808268854099,50.7839820853067,22.));
#6145=CARTESIAN_POINT('Ctrl Pts',(-57.9940758375896,47.5401594619917,22.0002571945884));
#6146=CARTESIAN_POINT('Ctrl Pts',(-57.1406973779992,40.0189929039391,22.0001778545702));
#6147=CARTESIAN_POINT('Ctrl Pts',(-55.7408206431541,32.5117633321936,21.9999583011221));
#6148=CARTESIAN_POINT('Ctrl Pts',(-54.5558079281286,28.3927203339081,22.));
#6149=CARTESIAN_POINT('Ctrl Pts',(-60.7818625638721,50.4616862843572,22.));
#6150=CARTESIAN_POINT('Ctrl Pts',(-60.3604097588938,47.1911860205211,22.));
#6151=CARTESIAN_POINT('Ctrl Pts',(-59.1768967439016,39.6120425221508,22.));
#6152=CARTESIAN_POINT('Ctrl Pts',(-57.3895236680107,32.054138821416,22.));
#6153=CARTESIAN_POINT('Ctrl Pts',(-55.9306181542647,27.9088638398982,22.));
#6154=CARTESIAN_POINT('Ctrl Pts',(-55.9306181542647,27.9088638398982,22.));
#6155=CARTESIAN_POINT('Ctrl Pts',(-54.5558079281286,28.3927203339081,22.));
#6156=CARTESIAN_POINT('Ctrl Pts',(-51.3477387078389,29.5217817097703,22.414563049529));
#6157=CARTESIAN_POINT('Ctrl Pts',(-48.3604445356203,30.5731425865426,23.7713068386447));
#6158=CARTESIAN_POINT('Ctrl Pts',(-46.8140091221658,31.1174015709043,24.8147201084549));
#6159=CARTESIAN_POINT('Ctrl Pts',(-46.3963483711868,31.2643948524587,25.1057691931664));
#6160=CARTESIAN_POINT('Ctrl Pts',(-46.4544302333994,30.9797999418942,25.0044725762533));
#6161=CARTESIAN_POINT('Ctrl Pts',(-46.5097678453123,30.3540084497929,24.7918114677873));
#6162=CARTESIAN_POINT('Ctrl Pts',(-46.2869689614588,29.1853451264141,24.4289588394839));
#6163=CARTESIAN_POINT('Ctrl Pts',(-45.4647116720974,27.801581923447,24.0398887460154));
#6164=CARTESIAN_POINT('Ctrl Pts',(-44.1733459293866,27.066856821917,23.8493065171776));
#6165=CARTESIAN_POINT('Ctrl Pts',(-43.4343052031858,26.9177207800042,23.8106505787465));
#6166=CARTESIAN_POINT('Ctrl Pts',(-49.1886038997247,30.281676696357,23.0969606048068));
#6167=CARTESIAN_POINT('Ctrl Pts',(-49.1357386791039,29.7704932513737,23.0595127475193));
#6168=CARTESIAN_POINT('Ctrl Pts',(-48.9022059252773,28.7224672704994,22.9799246862437));
#6169=CARTESIAN_POINT('Ctrl Pts',(-48.0417205699843,27.035421236314,22.8470734157628));
#6170=CARTESIAN_POINT('Ctrl Pts',(-46.4196843882415,25.3757032495774,22.7064247885644));
#6171=CARTESIAN_POINT('Ctrl Pts',(-44.6275171586037,24.6367179188981,22.637890093363));
#6172=CARTESIAN_POINT('Ctrl Pts',(-43.6620536135705,24.4871087499173,22.6242068238998));
#6173=CARTESIAN_POINT('Ctrl Pts',(-52.5561169688378,29.0964999816528,22.));
#6174=CARTESIAN_POINT('Ctrl Pts',(-52.3466449111283,28.3197631436809,22.0004365712073));
#6175=CARTESIAN_POINT('Ctrl Pts',(-51.7246245868796,26.789970723692,21.9998781153044));
#6176=CARTESIAN_POINT('Ctrl Pts',(-50.0597371353741,24.5494036061932,22.0003442316924));
#6177=CARTESIAN_POINT('Ctrl Pts',(-47.4876921583008,22.6415995741653,22.0005101621827));
#6178=CARTESIAN_POINT('Ctrl Pts',(-45.1328108685191,21.9302504782701,21.9999042900861));
#6179=CARTESIAN_POINT('Ctrl Pts',(-43.915098841741,21.7865200840799,22.));
#6180=CARTESIAN_POINT('Ctrl Pts',(-55.9306181542647,27.9088638398982,22.));
#6181=CARTESIAN_POINT('Ctrl Pts',(-55.5636349000144,26.866132499077,22.));
#6182=CARTESIAN_POINT('Ctrl Pts',(-54.551644666459,24.8541000557227,22.));
#6183=CARTESIAN_POINT('Ctrl Pts',(-52.0800133311153,22.0601507256189,22.));
#6184=CARTESIAN_POINT('Ctrl Pts',(-48.5564002424511,19.9051124005585,22.));
#6185=CARTESIAN_POINT('Ctrl Pts',(-45.6384871670771,19.2218181242715,22.));
#6186=CARTESIAN_POINT('Ctrl Pts',(-44.168319108983,19.0840633390221,22.));
#6187=CARTESIAN_POINT('Ctrl Pts',(-44.168319108983,19.0840633390221,22.));
#6188=CARTESIAN_POINT('Ctrl Pts',(-43.915098841741,21.7865200840799,22.));
#6189=CARTESIAN_POINT('Ctrl Pts',(-43.6620536135705,24.4871087499173,22.6242068238998));
#6190=CARTESIAN_POINT('Ctrl Pts',(-43.4343052031858,26.9177207800042,23.8106505787465));
#6191=CARTESIAN_POINT('Ctrl Pts',(-43.4025024236442,27.2571313533356,23.9808088831595));
#6192=CARTESIAN_POINT('Ctrl Pts',(-37.814317449152,26.1776488560342,23.6972016433593));
#6193=CARTESIAN_POINT('Ctrl Pts',(-27.9239265101951,24.246280334158,23.1950720065894));
#6194=CARTESIAN_POINT('Ctrl Pts',(-18.2342180342817,22.2827610158078,22.7025135315162));
#6195=CARTESIAN_POINT('Ctrl Pts',(-14.1275271837025,21.4080665783786,22.4933895346735));
#6196=CARTESIAN_POINT('Ctrl Pts',(-43.6384016101862,24.7395313414263,22.6850398576273));
#6197=CARTESIAN_POINT('Ctrl Pts',(-38.0197921711427,23.7972593734173,22.5840692366758));
#6198=CARTESIAN_POINT('Ctrl Pts',(-28.066686086048,22.1583099956761,22.4059683536093));
#6199=CARTESIAN_POINT('Ctrl Pts',(-18.2875651594283,20.638111487766,22.236830075963));
#6200=CARTESIAN_POINT('Ctrl Pts',(-14.1275271837025,20.0385995861859,22.165974155432));
#6201=CARTESIAN_POINT('Ctrl Pts',(-43.9032504593374,21.9129702347471,22.));
#6202=CARTESIAN_POINT('Ctrl Pts',(-38.2458165298841,21.1744728637941,22.0007601556611));
#6203=CARTESIAN_POINT('Ctrl Pts',(-28.2176903879646,19.9323943630534,21.9998778488552));
#6204=CARTESIAN_POINT('Ctrl Pts',(-18.3424141181852,18.9304068949431,21.9998626144299));
#6205=CARTESIAN_POINT('Ctrl Pts',(-14.1275271837025,18.6306078413504,22.));
#6206=CARTESIAN_POINT('Ctrl Pts',(-44.168319108983,19.0840633390221,22.));
#6207=CARTESIAN_POINT('Ctrl Pts',(-38.4719508096363,18.5503134813389,22.));
#6208=CARTESIAN_POINT('Ctrl Pts',(-28.3687199097974,17.7059700292873,22.));
#6209=CARTESIAN_POINT('Ctrl Pts',(-18.3972662343715,17.222545103661,22.));
#6210=CARTESIAN_POINT('Ctrl Pts',(-14.1275271837025,17.222545103661,22.));
#6211=CARTESIAN_POINT('Ctrl Pts',(-14.1275271837025,17.222545103661,22.));
#6212=CARTESIAN_POINT('Ctrl Pts',(-14.1275271837025,18.6306078413504,22.));
#6213=CARTESIAN_POINT('Ctrl Pts',(-14.1275271837025,20.0385995861859,22.165974155432));
#6214=CARTESIAN_POINT('Ctrl Pts',(-14.1275271837025,21.4080665783786,22.4933895346735));
#6215=CARTESIAN_POINT('Ctrl Pts',(-14.1275271837025,21.4080665783786,22.4933895346735));
#6216=CARTESIAN_POINT('Ctrl Pts',(-7.53384056003988,20.0128927534727,22.1598281055966));
#6217=CARTESIAN_POINT('Ctrl Pts',(-0.940153955800714,18.6177189412277,22.0000000000053));
#6218=CARTESIAN_POINT('Ctrl Pts',(5.65353268728534,17.222545103661,22.));
#6219=CARTESIAN_POINT('Ctrl Pts',(-14.1275271837025,20.0385995861859,22.165974155432));
#6220=CARTESIAN_POINT('Ctrl Pts',(-7.53384056003987,19.082353293752,22.0529560299766));
#6221=CARTESIAN_POINT('Ctrl Pts',(-0.94015395254359,18.1526609799788,22.0000000000053));
#6222=CARTESIAN_POINT('Ctrl Pts',(5.65353268728534,17.222545103661,22.));
#6223=CARTESIAN_POINT('Ctrl Pts',(-14.1275271837025,18.6306078413504,22.));
#6224=CARTESIAN_POINT('Ctrl Pts',(-7.53384056003988,18.1524159443795,22.0002191356696));
#6225=CARTESIAN_POINT('Ctrl Pts',(-0.940153949286509,17.6876030187299,22.0000000000053));
#6226=CARTESIAN_POINT('Ctrl Pts',(5.65353268728534,17.222545103661,22.));
#6227=CARTESIAN_POINT('Ctrl Pts',(-14.1275271837025,17.222545103661,22.));
#6228=CARTESIAN_POINT('Ctrl Pts',(-7.53384056003988,17.222545103661,22.));
#6229=CARTESIAN_POINT('Ctrl Pts',(-0.940153946029383,17.222545057481,22.0000000000053));
#6230=CARTESIAN_POINT('Ctrl Pts',(5.65353268728534,17.222545103661,22.));
#6231=CARTESIAN_POINT('Origin',(5.65353268728534,17.222545103661,40.));
#6232=CARTESIAN_POINT('Origin',(0.,17.222545103661,40.));
#6233=CARTESIAN_POINT('Origin',(14.1275271837026,17.222545103661,40.));
#6234=CARTESIAN_POINT('Ctrl Pts',(14.1275271837026,21.4080665783786,22.4933895346736));
#6235=CARTESIAN_POINT('Ctrl Pts',(18.2633304229828,22.2889617368709,22.7039960144457));
#6236=CARTESIAN_POINT('Ctrl Pts',(28.005054808024,24.2621714898825,23.1991912660249));
#6237=CARTESIAN_POINT('Ctrl Pts',(37.8026543854983,26.1753958753013,23.6966097285773));
#6238=CARTESIAN_POINT('Ctrl Pts',(43.4025024236442,27.2571313533355,23.9808088831595));
#6239=CARTESIAN_POINT('Ctrl Pts',(14.1275271837026,20.0385995861859,22.165974155432));
#6240=CARTESIAN_POINT('Ctrl Pts',(18.3170557266434,20.6423614359956,22.2373323745716));
#6241=CARTESIAN_POINT('Ctrl Pts',(28.1483511671436,22.1716801715842,22.4074103105222));
#6242=CARTESIAN_POINT('Ctrl Pts',(38.0080656087916,23.7952927638665,22.5838585015651));
#6243=CARTESIAN_POINT('Ctrl Pts',(43.6384016101863,24.7395313414262,22.6850398576272));
#6244=CARTESIAN_POINT('Ctrl Pts',(14.1275271837026,18.6306078413503,22.));
#6245=CARTESIAN_POINT('Ctrl Pts',(18.3722935104337,18.9325321746142,21.9998616405017));
#6246=CARTESIAN_POINT('Ctrl Pts',(28.2999846239145,19.9424289024787,21.9998746844696));
#6247=CARTESIAN_POINT('Ctrl Pts',(38.2340089371975,21.1729315508481,22.0007617421769));
#6248=CARTESIAN_POINT('Ctrl Pts',(43.9032504593374,21.9129702347471,22.));
#6249=CARTESIAN_POINT('Ctrl Pts',(14.1275271837026,17.222545103661,22.));
#6250=CARTESIAN_POINT('Ctrl Pts',(18.4275344740364,17.222545103661,22.));
#6251=CARTESIAN_POINT('Ctrl Pts',(28.4516440065711,17.7126615453077,22.));
#6252=CARTESIAN_POINT('Ctrl Pts',(38.4600619572856,18.5491994955646,22.));
#6253=CARTESIAN_POINT('Ctrl Pts',(44.1683191089831,19.084063339022,22.));
#6254=CARTESIAN_POINT('Ctrl Pts',(44.1683191089831,19.084063339022,22.));
#6255=CARTESIAN_POINT('Ctrl Pts',(43.9150992064202,21.7865161920941,22.));
#6256=CARTESIAN_POINT('Ctrl Pts',(43.6620798930862,24.4868282855805,22.6251651845384));
#6257=CARTESIAN_POINT('Ctrl Pts',(43.4343079521883,26.9176914416721,23.8107112630382));
#6258=CARTESIAN_POINT('Ctrl Pts',(43.4343052031858,26.9177207800042,23.8106505787465));
#6259=CARTESIAN_POINT('Ctrl Pts',(43.8025785996421,26.9920371671018,23.8299133246744));
#6260=CARTESIAN_POINT('Ctrl Pts',(44.8668245108354,27.3816821273794,23.9309562053648));
#6261=CARTESIAN_POINT('Ctrl Pts',(46.0290248703206,28.5526571605208,24.2456643849083));
#6262=CARTESIAN_POINT('Ctrl Pts',(46.5198430079343,30.0327769139487,24.6849372412509));
#6263=CARTESIAN_POINT('Ctrl Pts',(46.4738700965701,30.8845466922618,24.9705688359559));
#6264=CARTESIAN_POINT('Ctrl Pts',(46.3963483711868,31.2643948524587,25.1057691931664));
#6265=CARTESIAN_POINT('Ctrl Pts',(43.6620536135705,24.4871087499173,22.6242068238998));
#6266=CARTESIAN_POINT('Ctrl Pts',(44.1431563813595,24.5616609022523,22.6310253711614));
#6267=CARTESIAN_POINT('Ctrl Pts',(45.560629556471,24.9527103490154,22.6674331868823));
#6268=CARTESIAN_POINT('Ctrl Pts',(47.4192088578451,26.2298288545534,22.780629968138));
#6269=CARTESIAN_POINT('Ctrl Pts',(48.7516660975379,28.2012679886954,22.9404520516389));
#6270=CARTESIAN_POINT('Ctrl Pts',(49.1180448136491,29.5994013502701,23.0469790374423));
#6271=CARTESIAN_POINT('Ctrl Pts',(49.1886038997247,30.2816766963569,23.0969606048068));
#6272=CARTESIAN_POINT('Ctrl Pts',(43.915098841741,21.7865200840798,22.));
#6273=CARTESIAN_POINT('Ctrl Pts',(44.5219002372642,21.8581427681429,21.9999523065322));
#6274=CARTESIAN_POINT('Ctrl Pts',(46.3342234185442,22.234348257872,22.0003639121336));
#6275=CARTESIAN_POINT('Ctrl Pts',(48.9960048247291,23.576360900194,22.0005741460036));
#6276=CARTESIAN_POINT('Ctrl Pts',(51.3613749432918,26.0447165081576,22.000036251075));
#6277=CARTESIAN_POINT('Ctrl Pts',(52.2765351043001,28.0597911442549,22.0005826905673));
#6278=CARTESIAN_POINT('Ctrl Pts',(52.5561169688378,29.0964999816528,22.));
#6279=CARTESIAN_POINT('Ctrl Pts',(44.1683191089831,19.084063339022,22.));
#6280=CARTESIAN_POINT('Ctrl Pts',(44.9009225568322,19.152708301124,22.));
#6281=CARTESIAN_POINT('Ctrl Pts',(47.1083122191173,19.5138556130627,22.));
#6282=CARTESIAN_POINT('Ctrl Pts',(50.5741504835763,20.919989874041,22.));
#6283=CARTESIAN_POINT('Ctrl Pts',(53.974840667894,23.8846358628766,22.));
#6284=CARTESIAN_POINT('Ctrl Pts',(55.4408064648234,26.5171327628919,22.));
#6285=CARTESIAN_POINT('Ctrl Pts',(55.9306181542647,27.9088638398981,22.));
#6286=CARTESIAN_POINT('Origin',(-21.8956325934998,-34.9999999999971,0.));
#6287=CARTESIAN_POINT('',(-46.8889096978517,58.7247891413209,9.));
#6288=CARTESIAN_POINT('Origin',(-21.8956325934998,-34.9999999999971,9.));
#6289=CARTESIAN_POINT('',(-46.8889096978517,58.7247891413209,0.));
#6290=CARTESIAN_POINT('Origin',(-46.8889096978517,58.7247891413209,0.));
#6291=CARTESIAN_POINT('',(-32.3116930121309,62.6120469241798,9.));
#6292=CARTESIAN_POINT('Origin',(8.88178419700125E-15,-0.00498151699903637,
9.));
#6293=CARTESIAN_POINT('',(-21.8956325934995,65.,9.));
#6294=CARTESIAN_POINT('',(-47.6618976495327,61.6234939601246,9.));
#6295=CARTESIAN_POINT('Origin',(-21.8956325934998,-34.9999999999971,9.));
#6296=CARTESIAN_POINT('',(21.8956325934996,65.,9.));
#6297=CARTESIAN_POINT('',(10.9478162967498,65.,9.));
#6298=CARTESIAN_POINT('',(47.6618976495327,61.6234939601246,9.));
#6299=CARTESIAN_POINT('Origin',(21.8956325934998,-34.9999999999971,9.));
#6300=CARTESIAN_POINT('',(95.1532530112067,48.9591325303449,9.));
#6301=CARTESIAN_POINT('',(56.8303586446488,59.1785710280936,9.));
#6302=CARTESIAN_POINT('',(110.,29.6344337383199,9.));
#6303=CARTESIAN_POINT('Origin',(89.9999999999999,29.6344337383199,9.));
#6304=CARTESIAN_POINT('',(110.,-45.,9.));
#6305=CARTESIAN_POINT('',(110.,-22.5024907584995,9.));
#6306=CARTESIAN_POINT('',(90.,-65.,9.));
#6307=CARTESIAN_POINT('Origin',(90.,-45.,9.));
#6308=CARTESIAN_POINT('',(69.990736723778,-65.,9.));
#6309=CARTESIAN_POINT('',(34.995368361889,-65.,9.));
#6310=CARTESIAN_POINT('',(50.0588454022439,-64.0058845402244,9.));
#6311=CARTESIAN_POINT('Origin',(69.9907367237777,135.313028675113,9.));
#6312=CARTESIAN_POINT('',(44.3392168341854,-63.4339216834185,9.));
#6313=CARTESIAN_POINT('',(19.2490629476371,-60.9249062947636,9.));
#6314=CARTESIAN_POINT('',(-44.3392168341844,-63.4339216834184,9.));
#6315=CARTESIAN_POINT('Origin',(0.,-506.826090025248,9.));
#6316=CARTESIAN_POINT('',(-50.0588454022436,-64.0058845402244,9.));
#6317=CARTESIAN_POINT('',(-22.1088772316662,-61.2108877231666,9.));
#6318=CARTESIAN_POINT('',(-69.9907367237777,-65.,9.));
#6319=CARTESIAN_POINT('Origin',(-69.9907367237777,135.313028675113,9.));
#6320=CARTESIAN_POINT('',(-90.,-65.,9.));
#6321=CARTESIAN_POINT('',(-45.,-65.,9.));
#6322=CARTESIAN_POINT('',(-110.,-45.,9.));
#6323=CARTESIAN_POINT('Origin',(-90.,-45.,9.));
#6324=CARTESIAN_POINT('',(-110.,29.6344337383199,9.));
#6325=CARTESIAN_POINT('',(-110.,14.8147261106605,9.));
#6326=CARTESIAN_POINT('',(-95.1532530112066,48.9591325303449,9.));
#6327=CARTESIAN_POINT('Origin',(-89.9999999999999,29.6344337383199,9.));
#6328=CARTESIAN_POINT('',(-33.0846809638119,65.5107517429835,9.));
#6329=CARTESIAN_POINT('Origin',(44.3392168341854,-63.4339216834185,0.));
#6330=CARTESIAN_POINT('',(50.0588454022439,-64.0058845402244,15.));
#6331=CARTESIAN_POINT('',(50.0588454022439,-64.0058845402244,0.));
#6332=CARTESIAN_POINT('',(44.3392168341854,-63.4339216834185,15.));
#6333=CARTESIAN_POINT('',(19.2488163378846,-60.9248816337883,15.));
#6334=CARTESIAN_POINT('',(44.3392168341854,-63.4339216834185,0.));
#6335=CARTESIAN_POINT('Origin',(69.9907367237777,135.313028675113,0.));
#6336=CARTESIAN_POINT('',(69.990736723778,-65.,15.));
#6337=CARTESIAN_POINT('',(69.990736723778,-65.,0.));
#6338=CARTESIAN_POINT('Origin',(69.9907367237777,135.313028675113,15.));
#6339=CARTESIAN_POINT('Origin',(69.990736723778,-65.,0.));
#6340=CARTESIAN_POINT('',(90.,-65.,15.));
#6341=CARTESIAN_POINT('',(90.,-65.,0.));
#6342=CARTESIAN_POINT('',(34.995368361889,-65.,15.));
#6343=CARTESIAN_POINT('Origin',(90.,-45.,0.));
#6344=CARTESIAN_POINT('',(110.,-45.,15.));
#6345=CARTESIAN_POINT('',(110.,-45.,0.));
#6346=CARTESIAN_POINT('Origin',(90.,-45.,15.));
#6347=CARTESIAN_POINT('Origin',(110.,-45.,0.));
#6348=CARTESIAN_POINT('',(110.,29.6344337383199,15.));
#6349=CARTESIAN_POINT('',(110.,29.6344337383199,0.));
#6350=CARTESIAN_POINT('',(110.,-22.5,15.));
#6351=CARTESIAN_POINT('Origin',(89.9999999999999,29.6344337383199,0.));
#6352=CARTESIAN_POINT('',(95.1532530112066,48.9591325303449,15.));
#6353=CARTESIAN_POINT('',(95.1532530112066,48.9591325303449,0.));
#6354=CARTESIAN_POINT('Origin',(89.9999999999999,29.6344337383199,15.));
#6355=CARTESIAN_POINT('Origin',(95.1532530112066,48.9591325303449,0.));
#6356=CARTESIAN_POINT('',(47.6618976495328,61.6234939601246,20.5922063641375));
#6357=CARTESIAN_POINT('',(47.6618976495327,61.6234939601246,0.));
#6358=CARTESIAN_POINT('',(63.0058514114508,57.5317729569465,15.));
#6359=CARTESIAN_POINT('Ctrl Pts',(63.0058514114508,57.5317729569465,15.));
#6360=CARTESIAN_POINT('Ctrl Pts',(59.8472606885389,58.3740638163896,15.));
#6361=CARTESIAN_POINT('Ctrl Pts',(54.3214549640034,59.8476120095991,16.1204934679704));
#6362=CARTESIAN_POINT('Ctrl Pts',(49.5070542039858,61.1314522122705,19.0545942026241));
#6363=CARTESIAN_POINT('Ctrl Pts',(47.6618976495328,61.6234939601246,20.5922063641375));
#6364=CARTESIAN_POINT('',(56.8297385387983,59.1787363896538,15.));
#6365=CARTESIAN_POINT('Origin',(21.8956325934998,-34.9999999999971,0.));
#6366=CARTESIAN_POINT('',(21.8956325934996,65.,0.));
#6367=CARTESIAN_POINT('Ctrl Pts',(47.6618976495328,61.6234939601246,20.5922063641376));
#6368=CARTESIAN_POINT('Ctrl Pts',(44.8096365234968,62.3840969270675,22.7313767484384));
#6369=CARTESIAN_POINT('Ctrl Pts',(40.6058607844567,63.2678195670376,27.4466960414593));
#6370=CARTESIAN_POINT('Ctrl Pts',(38.4805349076617,63.6163358613343,33.1680050574119));
#6371=CARTESIAN_POINT('Ctrl Pts',(37.9963405453697,63.6953251347225,35.6880755792417));
#6372=CARTESIAN_POINT('Origin',(21.8956325934995,65.,0.));
#6373=CARTESIAN_POINT('',(-21.8956325934995,65.,0.));
#6374=CARTESIAN_POINT('Origin',(-30.5074343523581,55.8485677085312,15.));
#6375=CARTESIAN_POINT('',(-63.0058514114513,57.5317729569463,15.));
#6376=CARTESIAN_POINT('Origin',(-60.429224905848,47.8694235609339,15.));
#6377=CARTESIAN_POINT('',(-95.1532530112066,48.9591325303449,15.));
#6378=CARTESIAN_POINT('',(-33.0840608579614,65.5109171045436,15.));
#6379=CARTESIAN_POINT('Origin',(-92.5766265056033,39.2967831343324,15.));
#6380=CARTESIAN_POINT('Ctrl Pts',(-95.1532530112066,48.9591325303449,15.));
#6381=CARTESIAN_POINT('Ctrl Pts',(-110.,44.9999999999999,15.));
#6382=CARTESIAN_POINT('Ctrl Pts',(-110.,29.6344337383199,15.));
#6383=CARTESIAN_POINT('Ctrl Pts',(-95.1532530112066,48.9591325303449,25.));
#6384=CARTESIAN_POINT('Ctrl Pts',(-110.,44.9999999999999,25.));
#6385=CARTESIAN_POINT('Ctrl Pts',(-110.,29.6344337383199,25.));
#6386=CARTESIAN_POINT('Ctrl Pts',(-92.5766265056033,39.2967831343324,25.));
#6387=CARTESIAN_POINT('Ctrl Pts',(-100.,37.31721686916,25.));
#6388=CARTESIAN_POINT('Ctrl Pts',(-100.,29.6344337383199,25.));
#6389=CARTESIAN_POINT('',(-110.,29.6344337383199,15.));
#6390=CARTESIAN_POINT('Origin',(-100.,29.6344337383199,15.));
#6391=CARTESIAN_POINT('Origin',(-89.9999999999999,29.6344337383199,15.));
#6392=CARTESIAN_POINT('Origin',(-100.,14.81721686916,15.));
#6393=CARTESIAN_POINT('',(-110.,-45.,15.));
#6394=CARTESIAN_POINT('',(-110.,14.81721686916,15.));
#6395=CARTESIAN_POINT('Origin',(-100.,-45.,15.));
#6396=CARTESIAN_POINT('Ctrl Pts',(-110.,-45.,15.));
#6397=CARTESIAN_POINT('Ctrl Pts',(-110.,-65.,15.));
#6398=CARTESIAN_POINT('Ctrl Pts',(-90.,-65.,15.));
#6399=CARTESIAN_POINT('Ctrl Pts',(-110.,-45.,25.));
#6400=CARTESIAN_POINT('Ctrl Pts',(-110.,-65.,25.));
#6401=CARTESIAN_POINT('Ctrl Pts',(-90.,-65.,25.));
#6402=CARTESIAN_POINT('Ctrl Pts',(-100.,-45.,25.));
#6403=CARTESIAN_POINT('Ctrl Pts',(-100.,-55.,25.));
#6404=CARTESIAN_POINT('Ctrl Pts',(-90.,-55.,25.));
#6405=CARTESIAN_POINT('',(-90.,-65.,15.));
#6406=CARTESIAN_POINT('Origin',(-90.,-55.,15.));
#6407=CARTESIAN_POINT('Origin',(-90.,-45.,15.));
#6408=CARTESIAN_POINT('Origin',(-45.,-55.,15.));
#6409=CARTESIAN_POINT('',(-69.9907367237777,-65.,15.));
#6410=CARTESIAN_POINT('Origin',(-69.9907367237777,-55.,15.));
#6411=CARTESIAN_POINT('',(-45.,-65.,15.));
#6412=CARTESIAN_POINT('Origin',(-69.9907367237777,135.313028675113,15.));
#6413=CARTESIAN_POINT('',(-50.0588454022436,-64.0058845402244,15.));
#6414=CARTESIAN_POINT('Origin',(-51.0538825924536,-54.0555126381245,15.));
#6415=CARTESIAN_POINT('Origin',(-69.9907367237777,135.313028675113,15.));
#6416=CARTESIAN_POINT('Origin',(-23.1036678121238,-51.2604911600915,15.));
#6417=CARTESIAN_POINT('',(-44.3392168341844,-63.4339216834184,15.));
#6418=CARTESIAN_POINT('Origin',(-45.3342540243944,-53.4835497813186,15.));
#6419=CARTESIAN_POINT('',(-22.1086306219138,-61.2108630621914,15.));
#6420=CARTESIAN_POINT('Origin',(0.,-506.826090025248,15.));
#6421=CARTESIAN_POINT('Origin',(45.3342540243954,-53.4835497813186,15.));
#6422=CARTESIAN_POINT('Origin',(0.,-506.826090025248,15.));
#6423=CARTESIAN_POINT('Origin',(20.2438535280947,-50.9745097316885,15.));
#6424=CARTESIAN_POINT('Origin',(51.0538825924539,-54.0555126381245,15.));
#6425=CARTESIAN_POINT('Origin',(69.9907367237777,135.313028675113,15.));
#6426=CARTESIAN_POINT('Origin',(69.990736723778,-55.0000000000001,15.));
#6427=CARTESIAN_POINT('Origin',(34.995368361889,-55.,15.));
#6428=CARTESIAN_POINT('Origin',(90.,-55.,15.));
#6429=CARTESIAN_POINT('Ctrl Pts',(90.,-65.,15.));
#6430=CARTESIAN_POINT('Ctrl Pts',(110.,-65.,15.));
#6431=CARTESIAN_POINT('Ctrl Pts',(110.,-45.,15.));
#6432=CARTESIAN_POINT('Ctrl Pts',(90.,-65.,25.));
#6433=CARTESIAN_POINT('Ctrl Pts',(110.,-65.,25.));
#6434=CARTESIAN_POINT('Ctrl Pts',(110.,-45.,25.));
#6435=CARTESIAN_POINT('Ctrl Pts',(90.,-55.,25.));
#6436=CARTESIAN_POINT('Ctrl Pts',(100.,-55.,25.));
#6437=CARTESIAN_POINT('Ctrl Pts',(100.,-45.,25.));
#6438=CARTESIAN_POINT('Origin',(100.,-45.,15.));
#6439=CARTESIAN_POINT('Origin',(100.,-22.5,15.));
#6440=CARTESIAN_POINT('Origin',(100.,29.6344337383199,15.));
#6441=CARTESIAN_POINT('Ctrl Pts',(110.,29.6344337383199,15.));
#6442=CARTESIAN_POINT('Ctrl Pts',(110.,44.9999999999999,15.));
#6443=CARTESIAN_POINT('Ctrl Pts',(95.1532530112066,48.9591325303449,15.));
#6444=CARTESIAN_POINT('Ctrl Pts',(110.,29.6344337383199,25.));
#6445=CARTESIAN_POINT('Ctrl Pts',(110.,44.9999999999999,25.));
#6446=CARTESIAN_POINT('Ctrl Pts',(95.1532530112066,48.9591325303449,25.));
#6447=CARTESIAN_POINT('Ctrl Pts',(100.,29.6344337383199,25.));
#6448=CARTESIAN_POINT('Ctrl Pts',(100.,37.31721686916,25.));
#6449=CARTESIAN_POINT('Ctrl Pts',(92.5766265056033,39.2967831343324,25.));
#6450=CARTESIAN_POINT('Origin',(92.5766265056033,39.2967831343324,15.));
#6451=CARTESIAN_POINT('Origin',(54.253112033195,49.5163869936413,15.));
#6452=CARTESIAN_POINT('Origin',(60.4292249058474,47.869423560934,15.));
#6453=CARTESIAN_POINT('Ctrl Pts',(-60.4292249058475,47.869423560934,25.));
#6454=CARTESIAN_POINT('Ctrl Pts',(-59.0242713193992,48.3629032295732,25.));
#6455=CARTESIAN_POINT('Ctrl Pts',(-55.7466568529221,49.5259041407504,25.500484006356));
#6456=CARTESIAN_POINT('Ctrl Pts',(-52.7919753886939,50.6008171568363,27.1252340892948));
#6457=CARTESIAN_POINT('Ctrl Pts',(-51.3346230056938,51.1367607348756,28.3553238184825));
#6458=CARTESIAN_POINT('Ctrl Pts',(-60.814687329707,49.3149076504068,25.));
#6459=CARTESIAN_POINT('Ctrl Pts',(-59.4070686764572,49.7977635565778,24.9827745515914));
#6460=CARTESIAN_POINT('Ctrl Pts',(-56.1108779036833,50.9374738592648,25.4423358100853));
#6461=CARTESIAN_POINT('Ctrl Pts',(-53.1129569615652,51.9940988606621,27.0409636150487));
#6462=CARTESIAN_POINT('Ctrl Pts',(-51.6289464084139,52.5213912452624,28.2654290685159));
#6463=CARTESIAN_POINT('Ctrl Pts',(-61.5836411406631,52.1984844414923,24.3150414021968));
#6464=CARTESIAN_POINT('Ctrl Pts',(-60.1044121819769,52.6698075108486,24.273683929717));
#6465=CARTESIAN_POINT('Ctrl Pts',(-56.6241966727375,53.7837964392325,24.6988576909438));
#6466=CARTESIAN_POINT('Ctrl Pts',(-53.423667670156,54.8188494479193,26.3354731268841));
#6467=CARTESIAN_POINT('Ctrl Pts',(-51.8320847676385,55.335461966608,27.608684652331));
#6468=CARTESIAN_POINT('Ctrl Pts',(-62.6682021565809,56.2655882511837,20.9706090030959));
#6469=CARTESIAN_POINT('Ctrl Pts',(-60.8623002790845,56.7677585549682,20.9273527103154));
#6470=CARTESIAN_POINT('Ctrl Pts',(-56.6181939675205,57.9489434913555,21.4596811359797));
#6471=CARTESIAN_POINT('Ctrl Pts',(-52.7252860231878,59.034615487004,23.4560939249346));
#6472=CARTESIAN_POINT('Ctrl Pts',(-50.7914285051815,59.5744253604594,25.0033978438144));
#6473=CARTESIAN_POINT('Ctrl Pts',(-63.005851411451,57.5317729569464,17.2439947525641));
#6474=CARTESIAN_POINT('Ctrl Pts',(-60.8467734652272,58.1072202521556,17.2274901442332));
#6475=CARTESIAN_POINT('Ctrl Pts',(-55.7965026207353,59.4540362547448,17.9479130348766));
#6476=CARTESIAN_POINT('Ctrl Pts',(-51.2159478099573,60.6760738547154,20.3885253021854));
#6477=CARTESIAN_POINT('Ctrl Pts',(-48.9511949869409,61.2796813368157,22.2494029320657));
#6478=CARTESIAN_POINT('Ctrl Pts',(-63.005851411451,57.5317729569464,15.));
#6479=CARTESIAN_POINT('Ctrl Pts',(-60.6369083693114,58.163491101517,15.));
#6480=CARTESIAN_POINT('Ctrl Pts',(-55.1087928171286,59.6376552487657,15.8341400105933));
#6481=CARTESIAN_POINT('Ctrl Pts',(-50.1221063887574,60.9674382963314,18.5420568154913));
#6482=CARTESIAN_POINT('Ctrl Pts',(-47.6618976495328,61.6234939601246,20.5922063641375));
#6483=CARTESIAN_POINT('',(-51.3346230056938,51.1367607348756,28.3553238184825));
#6484=CARTESIAN_POINT('',(-47.6618976495328,61.6234939601246,20.5922063641375));
#6485=CARTESIAN_POINT('Origin',(-45.0852711439294,51.9611445641121,20.5922063641375));
#6486=CARTESIAN_POINT('Ctrl Pts',(-47.6618976495328,61.6234939601246,20.5922063641375));
#6487=CARTESIAN_POINT('Ctrl Pts',(-50.1221063887574,60.9674382963314,18.5420568154913));
#6488=CARTESIAN_POINT('Ctrl Pts',(-55.1087928171286,59.6376552487657,15.8341400105933));
#6489=CARTESIAN_POINT('Ctrl Pts',(-60.6369083693114,58.163491101517,15.));
#6490=CARTESIAN_POINT('Ctrl Pts',(-63.005851411451,57.5317729569464,15.));
#6491=CARTESIAN_POINT('Ctrl Pts',(-60.4292249058475,47.869423560934,25.));
#6492=CARTESIAN_POINT('Ctrl Pts',(-59.0242713193992,48.3629032295732,25.));
#6493=CARTESIAN_POINT('Ctrl Pts',(-55.7466568529221,49.5259041407504,25.500484006356));
#6494=CARTESIAN_POINT('Ctrl Pts',(-52.7919753886939,50.6008171568363,27.1252340892948));
#6495=CARTESIAN_POINT('Ctrl Pts',(-51.3346230056938,51.1367607348756,28.3553238184825));
#6496=CARTESIAN_POINT('Ctrl Pts',(63.0058514114508,57.5317729569465,15.));
#6497=CARTESIAN_POINT('Ctrl Pts',(59.8472606885389,58.3740638163896,15.));
#6498=CARTESIAN_POINT('Ctrl Pts',(54.3214549640034,59.8476120095991,16.1204934679704));
#6499=CARTESIAN_POINT('Ctrl Pts',(49.5070542039858,61.1314522122705,19.0545942026241));
#6500=CARTESIAN_POINT('Ctrl Pts',(47.6618976495328,61.6234939601246,20.5922063641375));
#6501=CARTESIAN_POINT('Ctrl Pts',(63.0058514114508,57.5317729569465,16.4959965017094));
#6502=CARTESIAN_POINT('Ctrl Pts',(60.0337814876941,58.3242758701956,16.4813684969569));
#6503=CARTESIAN_POINT('Ctrl Pts',(54.8234321325636,59.7137724354852,17.509031667407));
#6504=CARTESIAN_POINT('Ctrl Pts',(50.2688453840435,60.9283401769157,20.2539826674784));
#6505=CARTESIAN_POINT('Ctrl Pts',(48.5214292078049,61.3942855445854,21.6970040760897));
#6506=CARTESIAN_POINT('Ctrl Pts',(62.8293631636167,56.8699420275687,19.4803398253688));
#6507=CARTESIAN_POINT('Ctrl Pts',(60.2330214834897,57.5762860864155,19.4367348522556));
#6508=CARTESIAN_POINT('Ctrl Pts',(55.658335862304,58.8217687482084,20.2797652333388));
#6509=CARTESIAN_POINT('Ctrl Pts',(51.6283062436001,59.9201669380596,22.6476146099956));
#6510=CARTESIAN_POINT('Ctrl Pts',(50.0784113631452,60.342725884746,23.9019079959155));
#6511=CARTESIAN_POINT('Ctrl Pts',(61.9676278470445,53.638434590423,23.6895684953339));
#6512=CARTESIAN_POINT('Ctrl Pts',(59.9109986239071,54.2648427234234,23.6246999388701));
#6513=CARTESIAN_POINT('Ctrl Pts',(56.2676157623752,55.3790004266021,24.2401375980385));
#6514=CARTESIAN_POINT('Ctrl Pts',(53.0268508532507,56.3763851099051,26.0934528664669));
#6515=CARTESIAN_POINT('Ctrl Pts',(51.776412569704,56.7620002226962,27.085379544602));
#6516=CARTESIAN_POINT('Ctrl Pts',(61.0074185416366,50.0376496951433,25.));
#6517=CARTESIAN_POINT('Ctrl Pts',(59.1297968083622,50.6741702074173,24.9652098860651));
#6518=CARTESIAN_POINT('Ctrl Pts',(55.8179803674071,51.8071439787438,25.5770457380651));
#6519=CARTESIAN_POINT('Ctrl Pts',(52.8987829985812,52.8215519992643,27.3047688346714));
#6520=CARTESIAN_POINT('Ctrl Pts',(51.7761081097741,53.2137065004559,28.2204816935326));
#6521=CARTESIAN_POINT('Ctrl Pts',(60.4292249058474,47.869423560934,25.));
#6522=CARTESIAN_POINT('Ctrl Pts',(58.5559534572151,48.5273964524652,25.));
#6523=CARTESIAN_POINT('Ctrl Pts',(55.2800586841043,49.6942025008122,25.6722960807823));
#6524=CARTESIAN_POINT('Ctrl Pts',(52.4276372929642,50.7348030513386,27.4327565215746));
#6525=CARTESIAN_POINT('Ctrl Pts',(51.3346230056938,51.1367607348756,28.3553238184825));
#6526=CARTESIAN_POINT('',(51.3346230056938,51.1367607348756,28.3553238184825));
#6527=CARTESIAN_POINT('Origin',(45.0852711439294,51.9611445641121,20.5922063641375));
#6528=CARTESIAN_POINT('Ctrl Pts',(51.3346230056938,51.1367607348756,28.3553238184825));
#6529=CARTESIAN_POINT('Ctrl Pts',(52.4276372929642,50.7348030513386,27.4327565215746));
#6530=CARTESIAN_POINT('Ctrl Pts',(55.2800586841043,49.6942025008122,25.6722960807823));
#6531=CARTESIAN_POINT('Ctrl Pts',(58.5559534572151,48.5273964524652,25.));
#6532=CARTESIAN_POINT('Ctrl Pts',(60.4292249058474,47.869423560934,25.));
#6533=CARTESIAN_POINT('Ctrl Pts',(46.1572695720612,52.579706056361,37.412845347545));
#6534=CARTESIAN_POINT('Ctrl Pts',(46.4178407967903,52.5300437926341,35.9008030344471));
#6535=CARTESIAN_POINT('Ctrl Pts',(47.5614858253581,52.310435303093,32.4680176248755));
#6536=CARTESIAN_POINT('Ctrl Pts',(49.8139900063776,51.6959758567945,29.6388260490632));
#6537=CARTESIAN_POINT('Ctrl Pts',(51.3346230056938,51.1367607348756,28.3553238184825));
#6538=CARTESIAN_POINT('Ctrl Pts',(46.3438849071417,54.031019778524,37.4041741176335));
#6539=CARTESIAN_POINT('Ctrl Pts',(46.6060128085452,53.9771465019927,35.8861965866656));
#6540=CARTESIAN_POINT('Ctrl Pts',(47.7570659096239,53.7391862594322,32.4322484564836));
#6541=CARTESIAN_POINT('Ctrl Pts',(50.0595577771352,53.0954077650015,29.5625193765322));
#6542=CARTESIAN_POINT('Ctrl Pts',(51.628946408414,52.5213912452624,28.2654290685159));
#6543=CARTESIAN_POINT('Ctrl Pts',(46.076293144802,57.008390819813,37.2739110494981));
#6544=CARTESIAN_POINT('Ctrl Pts',(46.3565738420753,56.9443089974659,35.6783965738923));
#6545=CARTESIAN_POINT('Ctrl Pts',(47.5878853292339,56.6619324248324,32.038171441126));
#6546=CARTESIAN_POINT('Ctrl Pts',(50.0988494527387,55.9469775473775,28.9833717739763));
#6547=CARTESIAN_POINT('Ctrl Pts',(51.8320877392235,55.3354666062581,27.6086867335696));
#6548=CARTESIAN_POINT('Ctrl Pts',(43.4732722902818,61.5336113026608,36.6961372539311));
#6549=CARTESIAN_POINT('Ctrl Pts',(43.8309512848737,61.4537263899299,34.7626940440473));
#6550=CARTESIAN_POINT('Ctrl Pts',(45.4019910990531,61.1019121324543,30.3548626484005));
#6551=CARTESIAN_POINT('Ctrl Pts',(48.5914523719292,60.2635132812104,26.6656670142747));
#6552=CARTESIAN_POINT('Ctrl Pts',(50.7914335164343,59.5744352955325,25.003400678128));
#6553=CARTESIAN_POINT('Ctrl Pts',(40.1301322385135,63.3472280304824,36.0668742091385));
#6554=CARTESIAN_POINT('Ctrl Pts',(40.568548299511,63.2648465143795,33.7674725950188));
#6555=CARTESIAN_POINT('Ctrl Pts',(42.4935390015305,62.9022441362176,28.5396123180536));
#6556=CARTESIAN_POINT('Ctrl Pts',(46.3320204214807,62.0190170878116,24.2092795365614));
#6557=CARTESIAN_POINT('Ctrl Pts',(48.951194986941,61.2796813368157,22.2494029320658));
#6558=CARTESIAN_POINT('Ctrl Pts',(37.9963405453697,63.6953251347225,35.6880755792417));
#6559=CARTESIAN_POINT('Ctrl Pts',(38.4805349076617,63.6163358613343,33.1680050574119));
#6560=CARTESIAN_POINT('Ctrl Pts',(40.6058607844567,63.2678195670376,27.4466960414593));
#6561=CARTESIAN_POINT('Ctrl Pts',(44.8096365234968,62.3840969270675,22.7313767484384));
#6562=CARTESIAN_POINT('Ctrl Pts',(47.6618976495328,61.6234939601246,20.5922063641376));
#6563=CARTESIAN_POINT('Ctrl Pts',(47.6618437548712,52.2547977548065,32.952757943589));
#6564=CARTESIAN_POINT('Ctrl Pts',(48.5822083613831,52.0319264021489,31.1862577477634));
#6565=CARTESIAN_POINT('Ctrl Pts',(49.8466297330885,51.6839725471463,29.6112762312848));
#6566=CARTESIAN_POINT('Ctrl Pts',(51.3346230056938,51.1367607348756,28.3553238184825));
#6567=CARTESIAN_POINT('Ctrl Pts',(-40.7960295421024,63.1976323298339,28.2546787478076));
#6568=CARTESIAN_POINT('Ctrl Pts',(-42.5095638491143,62.8678231702934,25.3095479801888));
#6569=CARTESIAN_POINT('Ctrl Pts',(-44.870859367091,62.3677708354424,22.685460162238));
#6570=CARTESIAN_POINT('Ctrl Pts',(-47.6618976495328,61.6234939601246,20.5922063641375));
#6571=CARTESIAN_POINT('Ctrl Pts',(-42.0467133160957,62.9569094200773,28.9338451804329));
#6572=CARTESIAN_POINT('Ctrl Pts',(-43.6575377039929,62.6241868695066,26.1546238498735));
#6573=CARTESIAN_POINT('Ctrl Pts',(-45.8824976727373,62.1246231432079,23.6733272997539));
#6574=CARTESIAN_POINT('Ctrl Pts',(-48.5214292078049,61.3942855445853,21.6970040760896));
#6575=CARTESIAN_POINT('Ctrl Pts',(-44.4220520556711,61.8510095817146,30.2891209221494));
#6576=CARTESIAN_POINT('Ctrl Pts',(-45.8188001052701,61.5238034633589,27.8411262231108));
#6577=CARTESIAN_POINT('Ctrl Pts',(-47.7595777644804,61.0377761475938,25.6447880358349));
#6578=CARTESIAN_POINT('Ctrl Pts',(-50.0784251911537,60.3427337406663,23.9019220757987));
#6579=CARTESIAN_POINT('Ctrl Pts',(-47.4084821085312,58.0942890176307,32.2315528662726));
#6580=CARTESIAN_POINT('Ctrl Pts',(-48.4779742301994,57.8092180088618,30.2634476746118));
#6581=CARTESIAN_POINT('Ctrl Pts',(-49.9736395701829,57.3818362399227,28.4886859522945));
#6582=CARTESIAN_POINT('Ctrl Pts',(-51.7764398559969,56.7620097952398,27.0854092252928));
#6583=CARTESIAN_POINT('Ctrl Pts',(-47.9669493799591,54.397405099551,32.8965817769487));
#6584=CARTESIAN_POINT('Ctrl Pts',(-48.9076544120414,54.1556896936892,31.105535908092));
#6585=CARTESIAN_POINT('Ctrl Pts',(-50.2172010245888,53.7825790631183,29.4959164979135));
#6586=CARTESIAN_POINT('Ctrl Pts',(-51.776108109774,53.2137065004559,28.2204816935326));
#6587=CARTESIAN_POINT('Ctrl Pts',(-47.6618976495327,52.2546295199861,32.9528072486846));
#6588=CARTESIAN_POINT('Ctrl Pts',(-48.5815553424933,52.0324830475917,31.1857287881157));
#6589=CARTESIAN_POINT('Ctrl Pts',(-49.8466298917768,51.6839724887885,29.6112760973426));
#6590=CARTESIAN_POINT('Ctrl Pts',(-51.3346230056938,51.1367607348756,28.3553238184825));
#6591=CARTESIAN_POINT('Ctrl Pts',(-51.3346230056938,51.1367607348756,28.3553238184825));
#6592=CARTESIAN_POINT('Ctrl Pts',(-49.8466298917768,51.6839724887885,29.6112760973426));
#6593=CARTESIAN_POINT('Ctrl Pts',(-48.5815553424933,52.0324830475917,31.1857287881157));
#6594=CARTESIAN_POINT('Ctrl Pts',(-47.6618976495327,52.2546295199861,32.9528072486846));
#6595=CARTESIAN_POINT('',(-40.7960295421024,63.1976323298339,28.2546787478076));
#6596=CARTESIAN_POINT('Origin',(-38.9059898472421,53.3778690968505,28.2546787478076));
#6597=CARTESIAN_POINT('Ctrl Pts',(-40.7960295421024,63.1976323298339,28.2546787478076));
#6598=CARTESIAN_POINT('Ctrl Pts',(-42.5095638491143,62.8678231702934,25.3095479801888));
#6599=CARTESIAN_POINT('Ctrl Pts',(-44.870859367091,62.3677708354424,22.685460162238));
#6600=CARTESIAN_POINT('Ctrl Pts',(-47.6618976495328,61.6234939601246,20.5922063641375));
#6601=CARTESIAN_POINT('Ctrl Pts',(-47.6618976495327,52.2546295199861,32.9528072486846));
#6602=CARTESIAN_POINT('Ctrl Pts',(-47.6618976495327,52.8005397157547,33.0833247381884));
#6603=CARTESIAN_POINT('Ctrl Pts',(-47.6618976495327,53.6595364403441,33.2886956890417));
#6604=CARTESIAN_POINT('Ctrl Pts',(-47.6618976495327,54.4898199402084,33.4872018148088));
#6605=CARTESIAN_POINT('Ctrl Pts',(-47.6618976495327,54.6837962028558,33.5335781144645));
#6606=CARTESIAN_POINT('Ctrl Pts',(-47.661899910898,54.6837933987102,33.5335798531405));
#6607=CARTESIAN_POINT('Ctrl Pts',(-47.865265469817,53.6831465730294,32.9153236008607));
#6608=CARTESIAN_POINT('Ctrl Pts',(-47.781689354634,54.197333324027,33.0286660512295));
#6609=CARTESIAN_POINT('Ctrl Pts',(-47.6416628756906,54.9918042791747,33.2664622204847));
#6610=CARTESIAN_POINT('Ctrl Pts',(-47.5698096554655,55.7177779248293,33.62470816719));
#6611=CARTESIAN_POINT('Ctrl Pts',(-47.6174904972219,55.8630571857245,33.773163859802));
#6612=CARTESIAN_POINT('Ctrl Pts',(-47.6618976495327,55.8468576868884,33.8116455808925));
#6613=CARTESIAN_POINT('Ctrl Pts',(-47.7132941122346,56.6052698732705,32.5412362902809));
#6614=CARTESIAN_POINT('Ctrl Pts',(-47.4397992097519,57.0283943349426,32.7386543013327));
#6615=CARTESIAN_POINT('Ctrl Pts',(-47.0445189162891,57.6494971172558,33.232247417443));
#6616=CARTESIAN_POINT('Ctrl Pts',(-46.9574975163376,58.1221724635361,34.101115936863));
#6617=CARTESIAN_POINT('Ctrl Pts',(-47.1880132440818,58.1526830195413,34.5283785963177));
#6618=CARTESIAN_POINT('Ctrl Pts',(-47.366003239123,58.0960908407233,34.6775344732451));
#6619=CARTESIAN_POINT('Ctrl Pts',(-45.5590781755357,61.0417873195681,30.9660687787898));
#6620=CARTESIAN_POINT('Ctrl Pts',(-44.9306125011579,61.2907862115304,31.6865970053778));
#6621=CARTESIAN_POINT('Ctrl Pts',(-44.2310970458726,61.5810306611747,33.209992631638));
#6622=CARTESIAN_POINT('Ctrl Pts',(-44.5405976136375,61.6032320211557,35.5188334847515));
#6623=CARTESIAN_POINT('Ctrl Pts',(-45.3485481247646,61.4216638667712,36.6429913627755));
#6624=CARTESIAN_POINT('Ctrl Pts',(-45.8855693815824,61.2808505599889,37.0807056864021));
#6625=CARTESIAN_POINT('Ctrl Pts',(-42.6720552030923,62.8365479651989,29.2734283967455));
#6626=CARTESIAN_POINT('Ctrl Pts',(-41.8085344944617,63.0212860617889,30.6034492212303));
#6627=CARTESIAN_POINT('Ctrl Pts',(-41.022305695817,63.1749159127631,33.2193302111159));
#6628=CARTESIAN_POINT('Ctrl Pts',(-41.8933487917545,62.997225333516,36.8777219695063));
#6629=CARTESIAN_POINT('Ctrl Pts',(-43.2670673407574,62.7032883988798,38.6210727862693));
#6630=CARTESIAN_POINT('Ctrl Pts',(-44.1299461715126,62.5040625717764,39.3200812179908));
#6631=CARTESIAN_POINT('Ctrl Pts',(-40.7960295421024,63.1976323298339,28.2546787478076));
#6632=CARTESIAN_POINT('Ctrl Pts',(-39.8080693264566,63.3877880372792,29.9527317230969));
#6633=CARTESIAN_POINT('Ctrl Pts',(-38.987267401605,63.5274578146102,33.2252213541395));
#6634=CARTESIAN_POINT('Ctrl Pts',(-40.2055907787839,63.3153112471208,37.6951236494487));
#6635=CARTESIAN_POINT('Ctrl Pts',(-41.9156144529472,62.9814509064684,39.8096182378874));
#6636=CARTESIAN_POINT('Ctrl Pts',(-42.9704504624681,62.7540385446545,40.6656878319848));
#6637=CARTESIAN_POINT('Ctrl Pts',(-39.7099280425372,63.4008184840867,35.6172716404593));
#6638=CARTESIAN_POINT('Ctrl Pts',(-39.560860771542,63.4277294069876,35.0375809223592));
#6639=CARTESIAN_POINT('Ctrl Pts',(-39.1642314079006,63.4973451618415,32.5196761328915));
#6640=CARTESIAN_POINT('Ctrl Pts',(-39.8080693264566,63.3877880372792,29.9527317230969));
#6641=CARTESIAN_POINT('Ctrl Pts',(-40.7960295421024,63.1976323298339,28.2546787478076));
#6642=CARTESIAN_POINT('Ctrl Pts',(47.6618976495327,30.818992116011,27.8279248017771));
#6643=CARTESIAN_POINT('Ctrl Pts',(47.6618976495327,34.7593075414611,28.7699846518576));
#6644=CARTESIAN_POINT('Ctrl Pts',(47.6618976495327,41.9017963268245,30.4776276163982));
#6645=CARTESIAN_POINT('Ctrl Pts',(47.6618976495327,49.1467010251176,32.2097564175186));
#6646=CARTESIAN_POINT('Ctrl Pts',(47.6618976495327,52.2546295199861,32.9528072486846));
#6647=CARTESIAN_POINT('Ctrl Pts',(49.0268690779838,30.3385983298444,26.7858202655309));
#6648=CARTESIAN_POINT('Ctrl Pts',(49.1941352890715,34.3423539046432,27.3922486913608));
#6649=CARTESIAN_POINT('Ctrl Pts',(49.2815339690033,41.5916209272984,28.5168034722152));
#6650=CARTESIAN_POINT('Ctrl Pts',(49.1779644972854,48.9269405362444,29.7056647350147));
#6651=CARTESIAN_POINT('Ctrl Pts',(49.1021092003885,52.0698739641367,30.2245114379016));
#6652=CARTESIAN_POINT('Ctrl Pts',(51.725146304781,29.3889552925692,25.4192459779961));
#6653=CARTESIAN_POINT('Ctrl Pts',(52.3489265003311,33.4739666688111,25.5645012949979));
#6654=CARTESIAN_POINT('Ctrl Pts',(52.9495511439631,40.8699365830629,25.8371407512485));
#6655=CARTESIAN_POINT('Ctrl Pts',(53.1222154845103,48.3497544058649,26.1379178858787));
#6656=CARTESIAN_POINT('Ctrl Pts',(53.1286696180941,51.5533322049122,26.2725802123478));
#6657=CARTESIAN_POINT('Ctrl Pts',(54.6690478533915,28.3528661982769,25.));
#6658=CARTESIAN_POINT('Ctrl Pts',(55.8825623280509,32.4942133171516,24.9999414205477));
#6659=CARTESIAN_POINT('Ctrl Pts',(57.3112585303803,39.9985348442468,25.0002619930615));
#6660=CARTESIAN_POINT('Ctrl Pts',(58.1990362269406,47.6037662338937,25.0003729541868));
#6661=CARTESIAN_POINT('Ctrl Pts',(58.4966339396467,50.8647102927917,25.));
#6662=CARTESIAN_POINT('Ctrl Pts',(55.9306181542648,27.9088638398981,25.));
#6663=CARTESIAN_POINT('Ctrl Pts',(57.39665769025,32.0744091429874,25.));
#6664=CARTESIAN_POINT('Ctrl Pts',(59.1804886861054,39.6251652119229,25.));
#6665=CARTESIAN_POINT('Ctrl Pts',(60.3742733965446,47.2841913250053,25.));
#6666=CARTESIAN_POINT('Ctrl Pts',(60.7957593529686,50.5697701546895,25.));
#6667=CARTESIAN_POINT('Origin',(55.9306181542647,27.9088638398981,40.));
#6668=CARTESIAN_POINT('Origin',(0.,-506.826090025248,0.));
#6669=CARTESIAN_POINT('',(-44.3392168341844,-63.4339216834184,0.));
#6670=CARTESIAN_POINT('Origin',(-50.0588454022436,-64.0058845402244,0.));
#6671=CARTESIAN_POINT('',(-50.0588454022436,-64.0058845402244,0.));
#6672=CARTESIAN_POINT('Origin',(-69.9907367237777,135.313028675113,0.));
#6673=CARTESIAN_POINT('',(-69.9907367237777,-65.,0.));
#6674=CARTESIAN_POINT('Origin',(-90.,-65.,0.));
#6675=CARTESIAN_POINT('',(-90.,-65.,0.));
#6676=CARTESIAN_POINT('Origin',(-90.,-45.,0.));
#6677=CARTESIAN_POINT('',(-110.,-45.,0.));
#6678=CARTESIAN_POINT('Origin',(-110.,29.6344337383199,0.));
#6679=CARTESIAN_POINT('',(-110.,29.6344337383199,0.));
#6680=CARTESIAN_POINT('Origin',(-89.9999999999999,29.6344337383199,0.));
#6681=CARTESIAN_POINT('',(-95.1532530112066,48.9591325303449,0.));
#6682=CARTESIAN_POINT('Ctrl Pts',(-47.6618976495327,52.2546295199861,32.9528072486846));
#6683=CARTESIAN_POINT('Ctrl Pts',(-47.6618976495327,48.1099126612707,31.961878624715));
#6684=CARTESIAN_POINT('Ctrl Pts',(-47.6618976495327,40.9028899085988,30.2388067279688));
#6685=CARTESIAN_POINT('Ctrl Pts',(-47.6618976495327,33.7737316032285,28.5343508458386));
#6686=CARTESIAN_POINT('Ctrl Pts',(-47.6618976495327,30.818992116011,27.8279248017771));
#6687=CARTESIAN_POINT('Ctrl Pts',(-49.1021092003884,52.0698739641367,30.2245114379016));
#6688=CARTESIAN_POINT('Ctrl Pts',(-49.2032694196118,47.8784747135061,29.5325802431862));
#6689=CARTESIAN_POINT('Ctrl Pts',(-49.2864735356619,40.5786688135429,28.3563798587857));
#6690=CARTESIAN_POINT('Ctrl Pts',(-49.1522976351967,33.3409099259202,27.2405650822523));
#6691=CARTESIAN_POINT('Ctrl Pts',(-49.0268690779837,30.3385983298444,26.7858202655309));
#6692=CARTESIAN_POINT('Ctrl Pts',(-53.128669618094,51.5533322049122,26.2725802123478));
#6693=CARTESIAN_POINT('Ctrl Pts',(-53.1200624199821,47.2810579444713,26.0929952522459));
#6694=CARTESIAN_POINT('Ctrl Pts',(-52.908786429228,39.8364202105229,25.7982521465397));
#6695=CARTESIAN_POINT('Ctrl Pts',(-52.1929027598179,32.4521984890795,25.5281691413808));
#6696=CARTESIAN_POINT('Ctrl Pts',(-51.7251463047809,29.3889552925692,25.4192459779961));
#6697=CARTESIAN_POINT('Ctrl Pts',(-58.4966339396467,50.8647102927917,25.));
#6698=CARTESIAN_POINT('Ctrl Pts',(-58.0997592177845,46.5159326942857,25.0004973697136));
#6699=CARTESIAN_POINT('Ctrl Pts',(-57.1726824880297,38.9492571131918,25.0000341994249));
#6700=CARTESIAN_POINT('Ctrl Pts',(-55.5790306211229,31.4583540948495,24.9999560728007));
#6701=CARTESIAN_POINT('Ctrl Pts',(-54.6690478533915,28.3528661982769,25.));
#6702=CARTESIAN_POINT('Ctrl Pts',(-60.7957593529686,50.5697701546895,25.));
#6703=CARTESIAN_POINT('Ctrl Pts',(-60.2336679302776,46.1881397572995,25.));
#6704=CARTESIAN_POINT('Ctrl Pts',(-58.9996737789618,38.5691609357703,25.));
#6705=CARTESIAN_POINT('Ctrl Pts',(-57.0299628612441,31.0324973219627,25.));
#6706=CARTESIAN_POINT('Ctrl Pts',(-55.9306181542647,27.9088638398982,25.));
#6707=CARTESIAN_POINT('Origin',(-55.9306181542647,27.9088638398982,40.));
#6708=CARTESIAN_POINT('Ctrl Pts',(-47.6618976495327,30.818992116011,27.8279248017771));
#6709=CARTESIAN_POINT('Ctrl Pts',(-47.6618976495327,30.4343487790834,27.735963370979));
#6710=CARTESIAN_POINT('Ctrl Pts',(-47.5725590179118,29.6265948214063,27.542843660979));
#6711=CARTESIAN_POINT('Ctrl Pts',(-47.0486787978347,28.2474933498762,27.2131248478292));
#6712=CARTESIAN_POINT('Ctrl Pts',(-45.8689186307672,26.7675986160032,26.8593081452062));
#6713=CARTESIAN_POINT('Ctrl Pts',(-44.3646823423177,26.0421059402577,26.685855655354));
#6714=CARTESIAN_POINT('Ctrl Pts',(-43.5301385378673,25.89495335095,26.6506740692996));
#6715=CARTESIAN_POINT('Ctrl Pts',(-50.050597649322,29.9783029902195,26.0042418633462));
#6716=CARTESIAN_POINT('Ctrl Pts',(-49.9575332629331,29.3992083464713,25.9699134765166));
#6717=CARTESIAN_POINT('Ctrl Pts',(-49.6242896352538,28.2280435691574,25.8968672069392));
#6718=CARTESIAN_POINT('Ctrl Pts',(-48.5577682480668,26.3996989799735,25.7750857378199));
#6719=CARTESIAN_POINT('Ctrl Pts',(-46.692674686686,24.6768481983461,25.6462100414172));
#6720=CARTESIAN_POINT('Ctrl Pts',(-44.7566443027209,23.9450388759859,25.5833909392353));
#6721=CARTESIAN_POINT('Ctrl Pts',(-43.726721193319,23.7969533410256,25.5708665480227));
#6722=CARTESIAN_POINT('Ctrl Pts',(-52.9869541188938,28.9448693427819,25.));
#6723=CARTESIAN_POINT('Ctrl Pts',(-52.7574030853915,28.1341871167376,25.0004344967324));
#6724=CARTESIAN_POINT('Ctrl Pts',(-52.0855645956501,26.5428393497238,24.9998806749796));
#6725=CARTESIAN_POINT('Ctrl Pts',(-50.3177140133037,24.2316201860612,25.0003455545345));
#6726=CARTESIAN_POINT('Ctrl Pts',(-47.624183403724,22.2922306043302,25.0005130758266));
#6727=CARTESIAN_POINT('Ctrl Pts',(-45.1973655427556,21.5844565664901,24.9999045240925));
#6728=CARTESIAN_POINT('Ctrl Pts',(-43.9474285676116,21.4414857521263,25.));
#6729=CARTESIAN_POINT('Ctrl Pts',(-55.9306181542647,27.9088638398982,25.));
#6730=CARTESIAN_POINT('Ctrl Pts',(-55.5636349000144,26.866132499077,25.));
#6731=CARTESIAN_POINT('Ctrl Pts',(-54.5516511896805,24.8541049888657,25.));
#6732=CARTESIAN_POINT('Ctrl Pts',(-52.0800222058589,22.0601559897582,25.));
#6733=CARTESIAN_POINT('Ctrl Pts',(-48.5564232208365,19.9051184159431,25.));
#6734=CARTESIAN_POINT('Ctrl Pts',(-45.6384871670771,19.2218181242715,25.));
#6735=CARTESIAN_POINT('Ctrl Pts',(-44.168319108983,19.0840633390221,25.));
#6736=CARTESIAN_POINT('Origin',(-44.168319108983,19.0840633390221,40.));
#6737=CARTESIAN_POINT('Ctrl Pts',(-43.5301385378673,25.89495335095,26.6506740692996));
#6738=CARTESIAN_POINT('Ctrl Pts',(-37.9239230092327,24.9064262935849,26.4143347027994));
#6739=CARTESIAN_POINT('Ctrl Pts',(-27.9980648836713,23.1562296993641,25.9958935976752));
#6740=CARTESIAN_POINT('Ctrl Pts',(-18.2613927342967,21.4393916971167,25.5854279429301));
#6741=CARTESIAN_POINT('Ctrl Pts',(-14.1275271837025,20.7104796659257,25.4111579455613));
#6742=CARTESIAN_POINT('Ctrl Pts',(-43.726721193319,23.7969533410256,25.5708665480227));
#6743=CARTESIAN_POINT('Ctrl Pts',(-38.095151944225,22.9227683914042,25.4867243638965));
#6744=CARTESIAN_POINT('Ctrl Pts',(-28.1170360341951,21.4162265435976,25.3383109156789));
#6745=CARTESIAN_POINT('Ctrl Pts',(-18.3058486719189,20.0688504237485,25.1973583966358));
#6746=CARTESIAN_POINT('Ctrl Pts',(-14.1275271837025,19.5692571724317,25.1383117961933));
#6747=CARTESIAN_POINT('Ctrl Pts',(-43.9474285676116,21.4414857521263,25.));
#6748=CARTESIAN_POINT('Ctrl Pts',(-38.2835055765095,20.7371129667182,25.0006334630509));
#6749=CARTESIAN_POINT('Ctrl Pts',(-28.2428773900046,19.561271822776,24.9999022226633));
#6750=CARTESIAN_POINT('Ctrl Pts',(-18.3515561375496,18.6457632630628,24.9998855120249));
#6751=CARTESIAN_POINT('Ctrl Pts',(-14.1275271837025,18.3959307184021,25.));
#6752=CARTESIAN_POINT('Ctrl Pts',(-44.168319108983,19.0840633390221,25.));
#6753=CARTESIAN_POINT('Ctrl Pts',(-38.4719508096363,18.5503134813389,25.));
#6754=CARTESIAN_POINT('Ctrl Pts',(-28.3687396513262,17.7058940369413,25.));
#6755=CARTESIAN_POINT('Ctrl Pts',(-18.3972662343715,17.222545103661,25.));
#6756=CARTESIAN_POINT('Ctrl Pts',(-14.1275271837025,17.222545103661,25.));
#6757=CARTESIAN_POINT('Origin',(-14.1275271837025,17.222545103661,40.));
#6758=CARTESIAN_POINT('Ctrl Pts',(-14.1275271837025,20.7104796659257,25.4111579455613));
#6759=CARTESIAN_POINT('Ctrl Pts',(-7.56688823351599,19.5536620083209,25.1345832677945));
#6760=CARTESIAN_POINT('Ctrl Pts',(-1.00624928342519,18.3968443507331,25.0016552621699));
#6761=CARTESIAN_POINT('Ctrl Pts',(5.58743734029596,17.2341994966345,25.0000023553711));
#6762=CARTESIAN_POINT('Ctrl Pts',(5.6204850137281,17.2283723001588,25.));
#6763=CARTESIAN_POINT('Ctrl Pts',(5.65353268728534,17.222545103661,25.));
#6764=CARTESIAN_POINT('Ctrl Pts',(-14.1275271837025,19.5692571724317,25.1383117961933));
#6765=CARTESIAN_POINT('Ctrl Pts',(-7.56688823351599,18.7763791981183,25.0446020656764));
#6766=CARTESIAN_POINT('Ctrl Pts',(-1.00624928337119,18.0054728792551,25.0006008833476));
#6767=CARTESIAN_POINT('Ctrl Pts',(5.58743734028826,17.230314484575,25.0000006144312));
#6768=CARTESIAN_POINT('Ctrl Pts',(5.6204850137417,17.226429901249,25.));
#6769=CARTESIAN_POINT('Ctrl Pts',(5.65353268728534,17.222545103661,25.));
#6770=CARTESIAN_POINT('Ctrl Pts',(-14.1275271837025,18.3959307184021,25.));
#6771=CARTESIAN_POINT('Ctrl Pts',(-7.56688823351599,17.9994347261005,25.0001816977982));
#6772=CARTESIAN_POINT('Ctrl Pts',(-1.00624928331706,17.6140135857195,24.9999815854311));
#6773=CARTESIAN_POINT('Ctrl Pts',(5.58743734028056,17.2264297779029,25.0000000659933));
#6774=CARTESIAN_POINT('Ctrl Pts',(5.6204850137553,17.2244875023393,25.));
#6775=CARTESIAN_POINT('Ctrl Pts',(5.65353268728534,17.222545103661,25.));
#6776=CARTESIAN_POINT('Ctrl Pts',(-14.1275271837025,17.222545103661,25.));
#6777=CARTESIAN_POINT('Ctrl Pts',(-7.56688823351599,17.222545103661,25.));
#6778=CARTESIAN_POINT('Ctrl Pts',(-1.00624928326303,17.2225451045807,25.0000000000018));
#6779=CARTESIAN_POINT('Ctrl Pts',(5.58743734027287,17.22254510353,24.9999999999999));
#6780=CARTESIAN_POINT('Ctrl Pts',(5.62048501376891,17.2225451034295,25.));
#6781=CARTESIAN_POINT('Ctrl Pts',(5.65353268728534,17.222545103661,25.));
#6782=CARTESIAN_POINT('Origin',(5.65353268728534,17.222545103661,40.));
#6783=CARTESIAN_POINT('Origin',(0.,17.222545103661,40.));
#6784=CARTESIAN_POINT('Origin',(14.1275271837026,17.222545103661,40.));
#6785=CARTESIAN_POINT('Ctrl Pts',(14.1275271837026,20.7104796659257,25.4111579455613));
#6786=CARTESIAN_POINT('Ctrl Pts',(18.290697764825,21.4445589646693,25.5866633453714));
#6787=CARTESIAN_POINT('Ctrl Pts',(28.0794670771855,23.1705831023695,25.9993252429177));
#6788=CARTESIAN_POINT('Ctrl Pts',(37.9122223141295,24.9043631453451,26.4138414404811));
#6789=CARTESIAN_POINT('Ctrl Pts',(43.5301385378674,25.8949533509499,26.6506740692996));
#6790=CARTESIAN_POINT('Ctrl Pts',(14.1275271837026,19.5692571724317,25.1383117961933));
#6791=CARTESIAN_POINT('Ctrl Pts',(18.3354688512089,20.0723920472731,25.1977769788097));
#6792=CARTESIAN_POINT('Ctrl Pts',(28.1988854367155,21.428479625943,25.339512119763));
#6793=CARTESIAN_POINT('Ctrl Pts',(38.0833983335406,22.9209438858162,25.4865487513043));
#6794=CARTESIAN_POINT('Ctrl Pts',(43.7267211933191,23.7969533410255,25.5708665480227));
#6795=CARTESIAN_POINT('Ctrl Pts',(14.1275271837026,18.3959307184021,25.));
#6796=CARTESIAN_POINT('Ctrl Pts',(18.3815003377008,18.6475343294553,24.9998847004181));
#6797=CARTESIAN_POINT('Ctrl Pts',(28.3252509606694,19.5707458699607,24.9998995291906));
#6798=CARTESIAN_POINT('Ctrl Pts',(38.2716844405455,20.7356428749675,25.0006347851475));
#6799=CARTESIAN_POINT('Ctrl Pts',(43.9474285676117,21.4414857521262,25.));
#6800=CARTESIAN_POINT('Ctrl Pts',(14.1275271837026,17.222545103661,25.));
#6801=CARTESIAN_POINT('Ctrl Pts',(18.4275344740364,17.222545103661,25.));
#6802=CARTESIAN_POINT('Ctrl Pts',(28.4516379789937,17.7125828873132,25.));
#6803=CARTESIAN_POINT('Ctrl Pts',(38.4600619572856,18.5491994955646,25.));
#6804=CARTESIAN_POINT('Ctrl Pts',(44.1683191089831,19.084063339022,25.));
#6805=CARTESIAN_POINT('Origin',(44.1683191089831,19.084063339022,40.));
#6806=CARTESIAN_POINT('Ctrl Pts',(43.5301385378674,25.8949533509499,26.6506740692996));
#6807=CARTESIAN_POINT('Ctrl Pts',(43.946002333272,25.9682813583796,26.6682055012351));
#6808=CARTESIAN_POINT('Ctrl Pts',(45.1597085581889,26.352928899938,26.7601679372863));
#6809=CARTESIAN_POINT('Ctrl Pts',(46.6249993179262,27.5504758945761,27.0464802804419));
#6810=CARTESIAN_POINT('Ctrl Pts',(47.5033534139793,29.2205982158074,27.4457770406437));
#6811=CARTESIAN_POINT('Ctrl Pts',(47.6618976495327,30.3056095556057,27.7051840955977));
#6812=CARTESIAN_POINT('Ctrl Pts',(47.6618976495327,30.818992116011,27.8279248017771));
#6813=CARTESIAN_POINT('Ctrl Pts',(43.7267211933191,23.7969533410255,25.5708665480227));
#6814=CARTESIAN_POINT('Ctrl Pts',(44.2399449821324,23.8707462471435,25.577107611508));
#6815=CARTESIAN_POINT('Ctrl Pts',(45.7583637490152,24.2579465248832,25.6104848075468));
#6816=CARTESIAN_POINT('Ctrl Pts',(47.8223501201603,25.5514403724221,25.7142016346773));
#6817=CARTESIAN_POINT('Ctrl Pts',(49.419220605151,27.6496136004839,25.8606732613804));
#6818=CARTESIAN_POINT('Ctrl Pts',(49.9263848309004,29.2053867262874,25.9584238458915));
#6819=CARTESIAN_POINT('Ctrl Pts',(50.050597649322,29.9783029902195,26.0042418633462));
#6820=CARTESIAN_POINT('Ctrl Pts',(43.9474285676117,21.4414857521262,25.));
#6821=CARTESIAN_POINT('Ctrl Pts',(44.5702880648938,21.5127299278979,24.9999524231406));
#6822=CARTESIAN_POINT('Ctrl Pts',(46.4330821479683,21.8870205794361,25.0003650216146));
#6823=CARTESIAN_POINT('Ctrl Pts',(49.1975464546525,23.2372390625989,25.0005746904142));
#6824=CARTESIAN_POINT('Ctrl Pts',(51.6950706505708,25.76898305617,25.0000388827955));
#6825=CARTESIAN_POINT('Ctrl Pts',(52.6805728924195,27.8628536754731,25.0005799217705));
#6826=CARTESIAN_POINT('Ctrl Pts',(52.9869541188938,28.9448693427818,25.));
#6827=CARTESIAN_POINT('Ctrl Pts',(44.1683191089831,19.084063339022,25.));
#6828=CARTESIAN_POINT('Ctrl Pts',(44.9009225568322,19.152708301124,25.));
#6829=CARTESIAN_POINT('Ctrl Pts',(47.1083175319967,19.5138649256021,25.));
#6830=CARTESIAN_POINT('Ctrl Pts',(50.5741534718179,20.9199998039584,25.));
#6831=CARTESIAN_POINT('Ctrl Pts',(53.9748489888651,23.8846599716135,25.));
#6832=CARTESIAN_POINT('Ctrl Pts',(55.4408064648234,26.5171327628919,25.));
#6833=CARTESIAN_POINT('Ctrl Pts',(55.9306181542647,27.9088638398981,25.));
#6834=CARTESIAN_POINT('Origin',(-21.8956325934998,-34.9999999999971,0.));
#6835=CARTESIAN_POINT('',(-47.6618976495327,61.6234939601246,0.));
#6836=CARTESIAN_POINT('Origin',(-47.6618976495327,61.6234939601246,0.));
#6837=CARTESIAN_POINT('',(93.1882282975607,18.0688142479706,-32.4613673491505));
#6838=UNCERTAINTY_MEASURE_WITH_UNIT(LENGTH_MEASURE(0.01),#6844,
'DISTANCE_ACCURACY_VALUE',
'Maximum model space distance between geometric entities at asserted c
onnectivities');
#6839=UNCERTAINTY_MEASURE_WITH_UNIT(LENGTH_MEASURE(0.01),#6844,
'DISTANCE_ACCURACY_VALUE',
'Maximum model space distance between geometric entities at asserted c
onnectivities');
#6840=UNCERTAINTY_MEASURE_WITH_UNIT(LENGTH_MEASURE(0.01),#6844,
'DISTANCE_ACCURACY_VALUE',
'Maximum model space distance between geometric entities at asserted c
onnectivities');
#6841=(
GEOMETRIC_REPRESENTATION_CONTEXT(3)
GLOBAL_UNCERTAINTY_ASSIGNED_CONTEXT((#6838))
GLOBAL_UNIT_ASSIGNED_CONTEXT((#6844,#6846,#6847))
REPRESENTATION_CONTEXT('','3D')
);
#6842=(
GEOMETRIC_REPRESENTATION_CONTEXT(3)
GLOBAL_UNCERTAINTY_ASSIGNED_CONTEXT((#6839))
GLOBAL_UNIT_ASSIGNED_CONTEXT((#6844,#6846,#6847))
REPRESENTATION_CONTEXT('','3D')
);
#6843=(
GEOMETRIC_REPRESENTATION_CONTEXT(3)
GLOBAL_UNCERTAINTY_ASSIGNED_CONTEXT((#6840))
GLOBAL_UNIT_ASSIGNED_CONTEXT((#6844,#6846,#6847))
REPRESENTATION_CONTEXT('','3D')
);
#6844=(
LENGTH_UNIT()
NAMED_UNIT(*)
SI_UNIT(.MILLI.,.METRE.)
);
#6845=(
LENGTH_UNIT()
NAMED_UNIT(*)
SI_UNIT($,.METRE.)
);
#6846=(
NAMED_UNIT(*)
PLANE_ANGLE_UNIT()
SI_UNIT($,.RADIAN.)
);
#6847=(
NAMED_UNIT(*)
SI_UNIT($,.STERADIAN.)
SOLID_ANGLE_UNIT()
);
#6848=SHAPE_DEFINITION_REPRESENTATION(#6850,#6853);
#6849=SHAPE_DEFINITION_REPRESENTATION(#6851,#6854);
#6850=PRODUCT_DEFINITION_SHAPE('',$,#6856);
#6851=PRODUCT_DEFINITION_SHAPE('',$,#6857);
#6852=PRODUCT_DEFINITION_SHAPE($,$,#14);
#6853=SHAPE_REPRESENTATION('',(#3216,#3555),#6841);
#6854=SHAPE_REPRESENTATION('',(#3217),#6842);
#6855=PRODUCT_DEFINITION_CONTEXT('part definition',#6863,'design');
#6856=PRODUCT_DEFINITION('TOP','TOP',#6858,#6855);
#6857=PRODUCT_DEFINITION('Top_1','Top',#6859,#6855);
#6858=PRODUCT_DEFINITION_FORMATION('',$,#6865);
#6859=PRODUCT_DEFINITION_FORMATION('',$,#6866);
#6860=PRODUCT_RELATED_PRODUCT_CATEGORY('TOP','TOP',(#6865));
#6861=PRODUCT_RELATED_PRODUCT_CATEGORY('Top','Top',(#6866));
#6862=APPLICATION_PROTOCOL_DEFINITION('international standard',
'automotive_design',2009,#6863);
#6863=APPLICATION_CONTEXT(
'Core Data for Automotive Mechanical Design Process');
#6864=PRODUCT_CONTEXT('part definition',#6863,'mechanical');
#6865=PRODUCT('TOP','TOP',$,(#6864));
#6866=PRODUCT('Top_1','Top',$,(#6864));
#6867=PRESENTATION_STYLE_ASSIGNMENT((#6869));
#6868=PRESENTATION_STYLE_ASSIGNMENT((#6870));
#6869=SURFACE_STYLE_USAGE(.BOTH.,#6871);
#6870=SURFACE_STYLE_USAGE(.BOTH.,#6872);
#6871=SURFACE_SIDE_STYLE('',(#6873));
#6872=SURFACE_SIDE_STYLE('',(#6874));
#6873=SURFACE_STYLE_FILL_AREA(#6875);
#6874=SURFACE_STYLE_FILL_AREA(#6876);
#6875=FILL_AREA_STYLE('Steel - Satin',(#6877));
#6876=FILL_AREA_STYLE('Paint - Metallic (Blue)',(#6878));
#6877=FILL_AREA_STYLE_COLOUR('Steel - Satin',#6879);
#6878=FILL_AREA_STYLE_COLOUR('Paint - Metallic (Blue)',#6880);
#6879=COLOUR_RGB('Steel - Satin',0.627450980392157,0.627450980392157,0.627450980392157);
#6880=COLOUR_RGB('Paint - Metallic (Blue)',0.188235294117647,0.231372549019608,
0.588235294117647);
ENDSEC;
END-ISO-10303-21;
